time_sec,ecg,r_peak,r_peak_probability,r_peak_probability_raw,predicted_r_peak
0.0,0.0045707561963164,0,,,0
0.0027777777777777,-0.01547758903332,0,,,0
0.0055555555555555,0.011501110133574,0,,,0
0.0083333333333333,0.0144749767304188,0,,,0
0.0111111111111111,-0.0287768668291607,0,,,0
0.0138888888888888,-0.0189218882817935,0,,,0
0.0166666666666666,0.0026505390702343,0,,,0
0.0194444444444444,-0.0038885947026701,0,,,0
0.0222222222222222,0.0007251175154111,0,,,0
0.025,-0.0116964567262926,0,,,0
0.0277777777777777,0.0144122128121741,0,,,0
0.0305555555555555,0.0130101339946224,0,,,0
0.0333333333333333,0.002455695052838,0,,,0
0.0361111111111111,0.0184957972535532,0,,,0
0.0388888888888888,0.0087217258578598,0,,,0
0.0416666666666666,-0.0110584355456129,0,,,0
0.0444444444444444,0.0074840350151194,0,,,0
0.0472222222222222,-0.012308690634255,0,,,0
0.05,0.0153730283767606,0,,,0
0.0527777777777777,0.0015690581139642,0,,,0
0.0555555555555555,-0.0003333712208008,0,,,0
0.0583333333333333,-0.0076528198571726,0,,,0
0.0611111111111111,0.0210207411808429,0,,,0
0.0638888888888888,0.0004861124709865,0,,,0
0.0666666666666666,-0.0034994961238685,0,,,0
0.0694444444444444,-0.002235285539269,0,,,0
0.0722222222222222,0.0111525791132788,0,,,0
0.075,0.0087707501113092,0,,,0
0.0777777777777777,0.0096011474431441,0,,,0
0.0805555555555555,0.0099934608508297,0,,,0
0.0833333333333333,0.0357767628762909,0,,,0
0.0861111111111111,-0.0023233606938542,0,,,0
0.0888888888888888,-0.0037900509518193,0,,,0
0.0916666666666666,-0.0081923686485343,0,,,0
0.0944444444444444,0.0133744498807837,0,,,0
0.0972222222222222,0.0211897802960048,0,,,0
0.1,0.0026663196221845,0,,,0
0.1027777777777777,-0.0081065847413901,0,,,0
0.1055555555555555,-0.007751332423786,0,,,0
0.1083333333333333,0.0144947906311532,0,,,0
0.1111111111111111,0.016004611121848,0,,,0
0.1138888888888888,0.0131228961934043,0,,,0
0.1166666666666666,-0.0048873988101232,0,,,0
0.1194444444444444,0.0086972094344831,0,,,0
0.1222222222222222,0.0070844948205922,0,,,0
0.125,0.0087338271853317,0,0.0003958715,0.023081677,0
0.1277777777777777,0.018644090064083,0,0.0003954351,0.023069784,0
0.1305555555555555,0.009045618553641,0,0.00037870705,0.022608431,0
0.1333333333333333,0.0159942796226986,0,0.0003636845,0.022184597,0
0.1361111111111111,0.0069430141654031,0,0.0003708277,0.022387292,0
0.1388888888888889,0.0103847293098767,0,0.00040031044,0.023202242,0
0.1416666666666666,0.0156357273555499,0,0.0003922184,0.022981906,0
0.1444444444444444,-0.0155726150835518,0,0.00033528334,0.021356521,0
0.1472222222222222,0.0016078220029547,0,0.00031645136,0.020786298,0
0.15,-0.0005346845604222,0,0.00036535115,0.022232082,0
0.1527777777777778,-0.0029444033043694,0,0.00042900964,0.02396475,0
0.1555555555555555,0.0026293311680806,0,0.00042713762,0.023915876,0
0.1583333333333333,0.0292981236705984,0,0.00042787366,0.023935106,0
0.1611111111111111,-0.0059960879184474,0,0.0004309708,0.024015829,0
0.1638888888888889,0.0216327619052544,0,0.0004093286,0.023444962,0
0.1666666666666666,-0.0180174220540615,0,0.00036930642,0.022344304,0
0.1694444444444444,0.0023192143829238,0,0.00034533205,0.021653704,0
0.1722222222222222,0.0099004757195967,0,0.00033616895,0.02138291,0
0.175,0.0163690264452626,0,0.0003227622,0.020979388,0
0.1777777777777777,0.0183604209537277,0,0.00031357427,0.020697579,0
0.1805555555555555,0.0197083778503533,0,0.00032080163,0.020919617,0
0.1833333333333333,0.0026932538261079,0,0.00034570176,0.02166455,0
0.1861111111111111,0.0011046243727371,0,0.00034696038,0.021701416,0
0.1888888888888888,0.0210251188483586,0,0.00033036055,0.021209173,0
0.1916666666666666,0.0054013003907073,0,0.0003361781,0.021383177,0
0.1944444444444444,-0.0107492424251113,0,0.00037726297,0.022568094,0
0.1972222222222222,-0.0084982688331877,0,0.00039374517,0.023023667,0
0.2,-0.0051759609006875,0,0.00040969928,0.023454871,0
0.2027777777777777,0.0161878128983361,0,0.000416483,0.023635454,0
0.2055555555555555,0.0109811577432034,0,0.00041404134,0.02357064,0
0.2083333333333333,0.0193162108805188,0,0.00040413116,0.02330543,0
0.2111111111111111,0.0026640859365652,0,0.00040184156,0.023243655,0
0.2138888888888888,0.0115646995524048,0,0.00040570472,0.023347776,0
0.2166666666666666,0.0186839694465487,0,0.0004208435,0.023750685,0
0.2194444444444444,0.004773202897687,0,0.00040922442,0.02344217,0
0.2222222222222222,0.0163780924344778,0,0.00040475768,0.023322303,0
0.225,-0.0002895896245217,0,0.0003951832,0.023062918,0
0.2277777777777777,0.004306097483787,0,0.00038767932,0.022857226,0
0.2305555555555555,0.0041382098673846,0,0.00037523426,0.02251128,0
0.2333333333333333,-0.00796117856691,0,0.00039159996,0.022964964,0
0.2361111111111111,0.0173929032592457,0,0.00040093547,0.023219157,0
0.2388888888888889,0.0031589403188427,0,0.00041070048,0.023481626,0
0.2416666666666666,0.0104988033805058,0,0.0004174962,0.023662286,0
0.2444444444444444,0.0176337618301275,0,0.00037676428,0.022554144,0
0.2472222222222222,0.0172314514757617,0,0.00036209833,0.022139292,0
0.25,0.020624931279785,0,0.0004050877,0.023331182,0
0.2527777777777777,0.0092772894945897,0,0.0004188196,0.023697283,0
0.2555555555555555,0.0045152578986532,0,0.00039918494,0.023171743,0
0.2583333333333333,0.0097788613326491,0,0.0003930061,0.023003463,0
0.2611111111111111,-0.0142257415895731,0,0.0004328895,0.024065679,0
0.2638888888888889,-0.0105130358225473,0,0.0004102626,0.02346993,0
0.2666666666666666,-0.0085377332361206,0,0.00034098333,0.021525683,0
0.2694444444444444,-0.0035471010099022,0,0.00032624754,0.021085147,0
0.2722222222222222,0.017516783464815,0,0.00035565623,0.021954186,0
0.275,-0.0019537214589581,0,0.00036167313,0.022127133,0
0.2777777777777778,0.0060640434660794,0,0.00031205395,0.020650523,0
0.2805555555555555,0.0313326442040129,0,0.00028203623,0.019694658,0
0.2833333333333333,0.0066077161522848,0,0.0003025964,0.020354947,0
0.2861111111111111,0.0231215807193382,0,0.00034242286,0.021568151,0
0.2888888888888888,-0.0018385335601711,0,0.00035131566,0.02182844,0
0.2916666666666667,0.009190763181241,0,0.00033991956,0.021494228,0
0.2944444444444444,-0.0018717014075723,0,0.0003345777,0.021335473,0
0.2972222222222222,0.0073991416057523,0,0.00034741318,0.021714661,0
0.3,0.0251949711073713,0,0.0003829235,0.022725746,0
0.3027777777777777,-0.0132140455083102,0,0.00038380077,0.022750067,0
0.3055555555555556,0.0193172253074593,0,0.00034185452,0.021551395,0
0.3083333333333333,0.0164717100605477,0,0.0003010675,0.020306697,0
0.3111111111111111,0.0040979251621805,0,0.00028972214,0.019944448,0
0.3138888888888889,-0.0085765041928757,0,0.00032636328,0.021088654,0
0.3166666666666666,0.0143001835780699,0,0.00031812326,0.020837655,0
0.3194444444444444,0.0053794134492044,0,0.00030436716,0.020410659,0
0.3222222222222222,0.0169151937395163,0,0.0002973245,0.020188011,0
0.325,0.0138557601838223,0,0.0003158895,0.020769004,0
0.3277777777777778,0.0376572673456019,0,0.00034568136,0.021663949,0
0.3305555555555555,0.0101425316858232,0,0.00036010874,0.02208232,0
0.3333333333333333,-0.0015176404084973,0,0.00036695634,0.022277705,0
0.3361111111111111,0.0166255837718496,0,0.00038189217,0.022697119,0
0.3388888888888889,0.0173376957904509,0,0.00037768565,0.022579908,0
0.3416666666666667,0.0345265221030592,0,0.0003464859,0.021687526,0
0.3444444444444444,0.0267660044219553,0,0.000329116,0.02117174,0
0.3472222222222222,0.0196926908622587,0,0.0003687216,0.022327755,0
0.35,0.036389117250564,0,0.00040104095,0.023222009,0
0.3527777777777778,-0.003292265659922,0,0.00037326306,0.022455908,0
0.3555555555555555,0.0050421685230603,0,0.0003475644,0.021719083,0
0.3583333333333333,0.0008387165878401,0,0.00035492782,0.021933146,0
0.3611111111111111,0.0089887734753175,0,0.00036291667,0.022162683,0
0.3638888888888889,-0.0057161584268085,0,0.0003394136,0.021479247,0
0.3666666666666666,0.0245592575976997,0,0.00034655794,0.021689635,0
0.3694444444444444,0.0117961568754576,0,0.00039829357,0.023147551,0
0.3722222222222222,-0.0068354507184057,0,0.0004010658,0.023222683,0
0.375,8.974454948597332e-05,0,0.0003477363,0.021724109,0
0.3777777777777777,0.020122564751586,0,0.00033874103,0.02145932,0
0.3805555555555555,0.0280878198581071,0,0.00037334155,0.02245812,0
0.3833333333333333,0.0455625863105901,0,0.00039671132,0.023104543,0
0.3861111111111111,0.0594148986964999,0,0.00033073872,0.021220531,0
0.3888888888888889,0.0220180798720692,0,0.0003033969,0.020380162,0
0.3916666666666666,0.0010534830011055,0,0.0003163564,0.020783378,0
0.3944444444444444,-0.0159898797926948,0,0.00032279053,0.020980254,0
0.3972222222222222,0.0201003946924591,0,0.00030266104,0.020356985,0
0.4,0.0039841717589494,0,0.0003214531,0.020939501,0
0.4027777777777778,0.0100411639719735,0,0.00038841701,0.022877544,0
0.4055555555555555,0.0071829920355393,0,0.000445905,0.024400713,0
0.4083333333333333,0.0143452122065988,0,0.0004398932,0.024246639,0
0.4111111111111111,0.0325391534183951,0,0.00042230313,0.023789112,0
0.4138888888888888,0.0189973399811824,0,0.0004269158,0.02391008,0
0.4166666666666667,0.0143540964394808,0,0.00042744743,0.023923969,0
0.4194444444444444,0.0012907443795548,0,0.0003696291,0.022353431,0
0.4222222222222222,-0.0082027349277451,0,0.00035954686,0.022066196,0
0.425,0.0097150101680977,0,0.0003931314,0.023006886,0
0.4277777777777777,0.0162953448897066,0,0.00043756314,0.024186606,0
0.4305555555555556,0.0437140447254314,0,0.00041131568,0.023498043,0
0.4333333333333333,0.019243071377899,0,0.00040992117,0.023460805,0
0.4361111111111111,0.0321251120252035,0,0.00048577387,0.025395043,0
0.4388888888888889,0.0099913185578493,0,0.0005068896,0.02590367,0
0.4416666666666666,-0.0001944274010176,0,0.00043346966,0.02408073,0
0.4444444444444444,0.0032049157235314,0,0.0004367033,0.024164414,0
0.4472222222222222,0.006909065358554,0,0.0005154364,0.02610625,0
0.45,0.0498252375965442,0,0.0005202033,0.02621844,0
0.4527777777777778,0.0056944119723351,0,0.00039438932,0.023041258,0
0.4555555555555555,0.0307174831143684,0,0.0003733985,0.022459723,0
0.4583333333333333,0.0047310465165773,0,0.0004093288,0.023444967,0
0.4611111111111111,0.0323955893044441,0,0.00039979178,0.023188192,0
0.4638888888888889,0.0243583330938266,0,0.0003740414,0.022477796,0
0.4666666666666667,0.0164149247776804,0,0.00044399418,0.024351863,0
0.4694444444444444,0.018355723266922,0,0.0004759557,0.025154434,0
0.4722222222222222,0.0093747951751014,0,0.00042151622,0.023768404,0
0.475,0.0261491757164486,0,0.00034764444,0.021721425,0
0.4777777777777778,0.0129328848928649,0,0.0003578574,0.022017635,0
0.4805555555555555,0.0017180266813561,0,0.0003994857,0.023179892,0
0.4833333333333333,0.0013302195039087,0,0.0003794211,0.022628354,0
0.4861111111111111,0.0235466631414294,0,0.0003269313,0.021105826,0
0.4888888888888889,0.0451738248948176,0,0.00031835533,0.02084477,0
0.4916666666666666,0.02449862047095,0,0.00033436177,0.021329032,0
0.4944444444444444,0.0210237202948057,0,0.0003241959,0.02102297,0
0.4972222222222222,0.0279009813121508,0,0.0003032974,0.020377029,0
0.5,0.0441329680080097,0,0.0003227096,0.020977791,0
0.5027777777777778,0.028896114507405,0,0.00038761375,0.022855423,0
0.5055555555555555,0.0206515619101213,0,0.00039486703,0.023054289,0
0.5083333333333333,0.0447824779025813,0,0.00035686072,0.021988938,0
0.5111111111111111,0.0361697798058477,0,0.00032580772,0.021071834,0
0.5138888888888888,0.0545174983196403,0,0.00032251276,0.020971794,0
0.5166666666666667,0.0361791324049718,0,0.0003616266,0.022125803,0
0.5194444444444445,0.0172331411075865,0,0.00031093523,0.02061581,0
0.5222222222222223,0.0174794792834888,0,0.00029254667,0.020035334,0
0.525,0.0654098353935317,0,0.00029756842,0.02019577,0
0.5277777777777778,0.0693952649482342,0,0.00031232118,0.020658804,0
0.5305555555555556,0.0439973636672315,0,0.00029850722,0.020225601,0
0.5333333333333333,0.0443496804766248,0,0.00030503733,0.020431701,0
0.5361111111111111,0.0756822104022306,0,0.00033146626,0.021242376,0
0.5388888888888889,0.0410677531932119,0,0.0003120533,0.020650502,0
0.5416666666666666,0.0484048740001697,0,0.00027642635,0.019510016,0
0.5444444444444444,0.0758522697860589,0,0.00026156713,0.019010924,0
0.5472222222222223,0.0648638969923481,0,0.00025099647,0.018646482,0
0.55,0.0754653961424385,0,0.00025767702,0.018877743,0
0.5527777777777778,0.0779979645903796,0,0.00027312836,0.019400513,0
0.5555555555555556,0.090533230130888,0,0.00027653994,0.019513775,0
0.5583333333333333,0.1116742191836293,0,0.00028349066,0.01974221,0
0.5611111111111111,0.0970409586260215,0,0.00031822277,0.02084071,0
0.5638888888888889,0.1104409519101164,0,0.00033477996,0.021341512,0
0.5666666666666667,0.0750570694568044,0,0.00031486663,0.020737488,0
0.5694444444444444,0.1099810988376201,0,0.00028805554,0.01989059,0
0.5722222222222222,0.1027850996374764,0,0.0002964934,0.02016155,0
0.575,0.101637179255927,0,0.00032102034,0.020926295,0
0.5777777777777777,0.1109424908260489,0,0.00032958228,0.021185767,0
0.5805555555555556,0.1229552001039275,0,0.00031595427,0.020771,0
0.5833333333333334,0.1451650030509121,0,0.00033626606,0.021385798,0
0.5861111111111111,0.1145514404295732,0,0.00034831357,0.021740973,0
0.5888888888888889,0.1374485106218279,0,0.0003475667,0.021719156,0
0.5916666666666667,0.1317544317364197,0,0.0003403849,0.02150799,0
0.5944444444444444,0.1355882304539337,0,0.00036319566,0.022170646,0
0.5972222222222222,0.1564691152709074,0,0.00038769856,0.02285776,0
0.6,0.1498495585373167,0,0.00040096013,0.023219828,0
0.6027777777777777,0.1616103652819049,0,0.0003788238,0.022611696,0
0.6055555555555555,0.1384290312438671,0,0.0003827368,0.02272057,0
0.6083333333333333,0.1289427634359945,0,0.0003870442,0.022839721,0
0.6111111111111112,0.1341177192473014,0,0.00038658272,0.022826988,0
0.6138888888888889,0.1386929724117178,0,0.00037077395,0.02238577,0
0.6166666666666667,0.134804871078899,0,0.00037703323,0.022561662,0
0.6194444444444445,0.1125526414800011,0,0.00038638263,0.022821464,0
0.6222222222222222,0.126445125963249,0,0.0003723555,0.022430371,0
0.625,0.1244373805907396,0,0.00034411688,0.02161802,0
0.6277777777777778,0.1544118064811706,0,0.00036142443,0.022120016,0
0.6305555555555555,0.1402022310648386,0,0.00037568435,0.0225239,0
0.6333333333333333,0.0944702147006479,0,0.0003660343,0.022251511,0
0.6361111111111111,0.0980518420619619,0,0.0003488832,0.021757605,0
0.6388888888888888,0.0754327671806061,0,0.0003641095,0.022196714,0
0.6416666666666667,0.0835250692425801,0,0.00039862518,0.023156557,0
0.6444444444444445,0.0921488229353546,0,0.00038276345,0.022721311,0
0.6472222222222223,0.1006039839555511,0,0.0003341212,0.021321842,0
0.65,0.0667939581278236,0,0.0003857735,0.022804646,0
0.6527777777777778,0.0632801754102626,0,0.00037560274,0.022521611,0
0.6555555555555556,0.0364238269112166,0,0.00027048073,0.019312095,0
0.6583333333333333,0.0619379749121257,0,0.00013738294,0.0140434215,0
0.6611111111111111,0.0444107952243029,0,9.403706e-05,0.011742664,0
0.6638888888888889,0.0486139208807694,0,0.0001313027,0.013746865,0
0.6666666666666666,0.0398609504502905,0,0.00017224738,0.015622202,0
0.6694444444444444,0.048314012263562,0,0.00016703969,0.015398049,0
0.6722222222222223,0.0203336110212534,0,0.00015826274,0.01501161,0
0.675,0.0219209995521339,0,0.00015971261,0.015076226,0
0.6777777777777778,0.0733429000331205,0,0.00015218619,0.0147373,0
0.6805555555555556,0.0198128061796899,0,0.00016348637,0.015242945,0
0.6833333333333333,0.0206245414611979,0,0.0001567858,0.014945463,0
0.6861111111111111,0.0628024345105791,0,0.00014725488,0.014510335,0
0.6888888888888889,0.0772040286028525,0,0.0001589798,0.015043613,0
0.6916666666666667,0.0146264334473749,0,0.00012752027,0.013558653,0
0.6944444444444444,0.0254259396727863,0,0.00010346249,0.012284668,0
0.6972222222222222,0.0349855947279305,0,8.2451e-05,0.011035062,0
0.7,0.0548532832182184,0,8.6497086e-05,0.011287857,0
0.7027777777777777,0.0133139681090627,0,0.0001485586,0.01457073,0
0.7055555555555556,0.023751147389359,0,0.00014451526,0.014382483,0
0.7083333333333334,0.0385101018294709,0,0.00012255169,0.013306828,0
0.7111111111111111,0.0328850426129002,0,0.000105513354,0.012399066,0
0.7138888888888889,0.0203169095587505,0,0.00012675251,0.013520091,0
0.7166666666666667,0.0236189250430915,0,0.00019058534,0.016383832,0
0.7194444444444444,0.0047306844793981,0,0.00022151542,0.017584005,0
0.7222222222222222,0.0215591828843517,0,0.00028572517,0.019814994,0
0.725,0.0209498662259611,0,0.000830079,0.032572754,0
0.7277777777777777,0.0282579633593213,0,0.0016563778,0.044767518,0
0.7305555555555555,0.0162559756538573,0,0.0018927834,0.047580868,0
0.7333333333333333,0.0313865818851268,0,0.009198973,0.09646089,0
0.7361111111111112,0.0390356909345369,0,0.046352793,0.19065681,0
0.7388888888888889,0.0253198141862065,0,0.041056037,0.18147154,0
0.7416666666666667,0.0267177346212338,0,0.052962504,0.2012191,0
0.7444444444444445,0.0195648086343776,0,0.11869803,0.27718222,0
0.7472222222222222,0.0144024404118084,0,0.2729215,0.38498178,0
0.75,-0.0031138306331163,0,0.3863254,0.44491142,0
0.7527777777777778,0.0028843897405982,0,0.57017523,0.5337217,0
0.7555555555555555,-0.0160123980476899,0,0.95809114,0.8170002,0
0.7583333333333333,0.0014431175299916,0,0.99212223,0.9098614,0
0.7611111111111111,-0.023064114547817,0,0.99475336,0.9246685,0
0.7638888888888888,-0.056202212310359,0,0.997412,0.9451462,0
0.7666666666666667,-0.0832651833414962,0,0.9991062,0.96629524,0
0.7694444444444445,-0.087452792126158,0,0.99933463,0.9706025,0
0.7722222222222223,-0.0347951502045929,0,0.99909186,0.9660443,0
0.775,-0.0074814726282047,0,0.9991462,0.96700025,0
0.7777777777777778,0.064937247504083,0,0.9994349,0.97275084,0
0.7805555555555556,0.1306871539166964,0,0.9994935,0.9741057,0
0.7833333333333333,0.2977440366021163,0,0.99924207,0.96876985,0
0.7861111111111111,0.4382112688649162,0,0.99928564,0.9696147,0
0.7888888888888889,0.5703069544095953,0,0.9995536,0.9755892,0
0.7916666666666666,0.7266726420451208,0,0.9996449,0.978062,0
0.7944444444444444,0.8571336213353757,0,0.9994804,0.9737945,0
0.7972222222222223,0.929136514367324,0,0.9994461,0.97300345,0
0.8,0.9432063377584112,1,0.99960357,0.97690374,0
0.8027777777777778,0.9056153721662464,0,0.9996699,0.97879833,0
0.8055555555555556,0.8084624283005457,0,0.9995352,0.97512096,0
0.8083333333333333,0.677983709468821,0,0.999521,0.9747696,0
0.8111111111111111,0.5373184941953756,0,0.9996617,0.9785547,0
0.8138888888888889,0.3112419967524538,0,0.9997106,0.9800655,1
0.8166666666666667,0.1921715790548794,0,0.9995839,0.9763748,0
0.8194444444444444,0.0677612229635559,0,0.9995567,0.97566545,0
0.8222222222222222,-0.0312089158159186,0,0.9996879,0.9793494,0
0.825,-0.1107431501640825,0,0.9996655,0.978668,0
0.8277777777777777,-0.1721894417401826,0,0.99933285,0.9705666,0
0.8305555555555556,-0.1574639030490764,0,0.99920684,0.9681052,0
0.8333333333333334,-0.1345686107942617,0,0.9994475,0.9730368,0
0.8361111111111111,-0.1687938289142818,0,0.9992151,0.9682624,0
0.8388888888888889,-0.1103911823440144,0,0.99847203,0.9568558,0
0.8416666666666667,-0.1022229673971909,0,0.99818546,0.9533274,0
0.8444444444444444,-0.0716669161935968,0,0.99855345,0.95792603,0
0.8472222222222222,-0.0616481959495692,0,0.9973092,0.94417065,0
0.85,-0.0289234127500722,0,0.99528295,0.9281529,0
0.8527777777777777,0.0140180003644392,0,0.989603,0.8982632,0
0.8555555555555555,0.018110597246813,0,0.982137,0.87165874,0
0.8583333333333333,0.0469503087132264,0,0.89726436,0.738099,0
0.8611111111111112,0.0474743693059075,0,0.66502047,0.5812359,0
0.8638888888888889,0.0430822144852787,0,0.20506923,0.34349295,0
0.8666666666666667,0.0677356778187804,0,0.012027211,0.10835558,0
0.8694444444444445,0.0521295758869916,0,0.002474089,0.05374548,0
0.8722222222222222,0.0612123357103981,0,0.000703632,0.030171074,0
0.875,0.0471664178910013,0,0.00057239574,0.027411764,0
0.8777777777777778,0.0552194106484975,0,0.000661618,0.029321032,0
0.8805555555555555,0.046290959357784,0,0.00060666405,0.028163146,0
0.8833333333333333,0.0741430903683005,0,0.00034934998,0.02177122,0
0.8861111111111111,0.0442443684240435,0,0.00033206533,0.021260332,0
0.8888888888888888,0.0763806398215419,0,0.00042852364,0.023952072,0
0.8916666666666667,0.0646394270995417,0,0.0004607585,0.02477661,0
0.8944444444444445,0.0880613452780727,0,0.00030735577,0.020504309,0
0.8972222222222223,0.0848963453449089,0,0.0003338585,0.021313997,0
0.9,0.1042358098456883,0,0.0005118999,0.026022647,0
0.9027777777777778,0.0913360196476134,0,0.00042102108,0.023755364,0
0.9055555555555556,0.0603998894600528,0,0.0002650852,0.019130442,0
0.9083333333333332,0.086741704696293,0,0.00034824948,0.021739103,0
0.9111111111111112,0.0740917959999108,0,0.00053891,0.026653364,0
0.9138888888888888,0.0879843837702093,0,0.00049346505,0.025581677,0
0.9166666666666666,0.1226742443515921,0,0.00035685903,0.02198889,0
0.9194444444444444,0.1139757812429056,0,0.00041840004,0.02368619,0
0.9222222222222224,0.0984940046963845,0,0.0005556211,0.02703497,0
0.925,0.0984934510029634,0,0.0005007426,0.025756817,0
0.9277777777777778,0.1190653830236421,0,0.000322011,0.020956516,0
0.9305555555555556,0.1053492743473652,0,0.0004006781,0.023212193,0
0.9333333333333332,0.1186998235763099,0,0.0005122892,0.026031863,0
0.9361111111111112,0.1387564158402106,0,0.00048534243,0.025384525,0
0.9388888888888888,0.1568494760048597,0,0.0005364456,0.02659655,0
0.9416666666666668,0.1542221966349318,0,0.00057368056,0.027440375,0
0.9444444444444444,0.1164123442745724,0,0.000262505,0.019042868,0
0.9472222222222222,0.1611497013150323,0,0.00024693744,0.018504355,0
0.95,0.1635696811472687,0,0.00019301043,0.016481558,0
0.9527777777777776,0.1746950377788975,0,0.00018667466,0.016224831,0
0.9555555555555556,0.1988091441342965,0,0.00025066524,0.018634932,0
0.9583333333333334,0.1497670643891969,0,0.00027302603,0.019397106,0
0.9611111111111112,0.1780568238421451,0,0.00033239726,0.021270286,0
0.9638888888888888,0.2020398642357476,0,0.00039343134,0.023015087,0
0.9666666666666668,0.175736788269632,0,0.00047077434,0.02502637,0
0.9694444444444444,0.2279016621606749,0,0.0004240836,0.023835888,0
0.9722222222222222,0.2175919412766572,0,0.00034711524,0.021705948,0
0.975,0.2310565781247982,0,0.00030498614,0.020430103,0
0.9777777777777776,0.2160560849593158,0,0.0003148348,0.020736502,0
0.9805555555555556,0.2430440257808887,0,0.00033444018,0.02133137,0
0.9833333333333332,0.2530202421341159,0,0.00033289677,0.021285236,0
0.9861111111111112,0.2465632795334695,0,0.0003089943,0.020555437,0
0.9888888888888888,0.2525672690884772,0,0.000306501,0.020477576,0
0.9916666666666668,0.258974488139861,0,0.00031725975,0.020811152,0
0.9944444444444444,0.2477068612765476,0,0.00028615835,0.019829076,0
0.9972222222222222,0.264034138330538,0,0.00024244428,0.018345537,0
1.0,0.2693844135816417,0,0.00021216756,0.017231362,0
1.0027777777777778,0.2826665273806236,0,0.000198329,0.016693592,0
1.0055555555555555,0.2969578560106289,0,0.00017248603,0.015632384,0
1.0083333333333333,0.2709125268210988,0,0.00015287077,0.014768491,0
1.011111111111111,0.2895148734946045,0,0.00016194973,0.015175311,0
1.0138888888888888,0.3179653608038449,0,0.00018770163,0.01626676,0
1.0166666666666666,0.2886826474161607,0,0.00021142807,0.017203107,0
1.0194444444444444,0.2913211512267801,0,0.00021704182,0.017416261,0
1.022222222222222,0.3102202695485727,0,0.00024008301,0.018261436,0
1.025,0.3230823006956887,0,0.00026556657,0.019146727,0
1.0277777777777777,0.3135074971089117,0,0.00028573608,0.019815356,0
1.0305555555555554,0.3358685077268847,0,0.00026409127,0.019096762,0
1.0333333333333334,0.331053148226855,0,0.00026053522,0.018975696,0
1.0361111111111112,0.3327566844880577,0,0.00027741666,0.019542757,0
1.038888888888889,0.3300233084224429,0,0.0002714601,0.019344855,0
1.0416666666666667,0.3578568044639378,0,0.00024371689,0.018390678,0
1.0444444444444445,0.3207387811377532,0,0.00021159484,0.017209483,0
1.0472222222222225,0.294278075557071,0,0.00022015793,0.017533302,0
1.05,0.3485479784729665,0,0.0002153486,0.017352289,0
1.0527777777777778,0.3174098219932039,0,0.00022387074,0.017671593,0
1.0555555555555556,0.3253232223712153,0,0.0002373916,0.01816504,0
1.0583333333333331,0.3424184875754579,0,0.00024319509,0.018372178,0
1.0611111111111111,0.2974553038277817,0,0.00023483402,0.018072886,0
1.0638888888888889,0.3010767367962599,0,0.00021559597,0.01736165,0
1.0666666666666669,0.293848567417289,0,0.00021925611,0.017499527,0
1.0694444444444444,0.3036330021441583,0,0.00024670988,0.018496344,0
1.0722222222222222,0.3194860679994301,0,0.0002605042,0.018974634,0
1.075,0.3177792356893139,0,0.0002642482,0.019102082,0
1.0777777777777775,0.3107741869044725,0,0.00028058686,0.019647146,0
1.0805555555555555,0.2818523350591505,0,0.00027468163,0.019452177,0
1.0833333333333333,0.2645183895643849,0,0.00023711925,0.018155249,0
1.086111111111111,0.2958368764078714,0,0.00021910836,0.017493986,0
1.0888888888888888,0.2835360167853097,0,0.00023124262,0.017942557,0
1.0916666666666666,0.2928486369900307,0,0.00025289462,0.018712528,0
1.0944444444444446,0.2916017459972251,0,0.00024805643,0.018543659,0
1.0972222222222223,0.2780458922258469,0,0.00023369402,0.018031638,0
1.1,0.2820756384986013,0,0.00025250987,0.018699162,0
1.102777777777778,0.268631408589305,0,0.00030038887,0.020285238,0
1.1055555555555556,0.2674990007287159,0,0.0003140491,0.020712253,0
1.1083333333333334,0.2431850948025146,0,0.00032273945,0.020978693,0
1.1111111111111112,0.2451378490108648,0,0.00037578738,0.022526788,0
1.113888888888889,0.2447474737365423,0,0.00043081614,0.024011808,0
1.1166666666666667,0.2479718279058945,0,0.00042786464,0.023934871,0
1.1194444444444445,0.2235472463227854,0,0.00037643325,0.022544881,0
1.1222222222222222,0.230998658434315,0,0.0003691102,0.022338754,0
1.125,0.2128763193392116,0,0.00037498408,0.022504255,0
1.1277777777777778,0.2087547747193296,0,0.00036349634,0.02217923,0
1.1305555555555555,0.2166018207462076,0,0.00033956242,0.021483652,0
1.1333333333333333,0.1679067643461535,0,0.00032684096,0.021103092,0
1.136111111111111,0.1720165727088023,0,0.00033218946,0.021264054,0
1.1388888888888888,0.1629234728584594,0,0.00031970674,0.020886162,0
1.1416666666666666,0.1438898356516483,0,0.00028707186,0.019858725,0
1.1444444444444444,0.1625161036308772,0,0.00030422932,0.020406337,0
1.147222222222222,0.1777979700025403,0,0.00031401048,0.02071106,0
1.15,0.1562314776744737,0,0.00029362022,0.020069761,0
1.1527777777777777,0.1575124744289676,0,0.00031138974,0.020629924,0
1.1555555555555554,0.1650273146140234,0,0.00040995417,0.023461683,0
1.1583333333333334,0.1628594571284107,0,0.00047198287,0.025056306,0
1.1611111111111112,0.1362822274120711,0,0.00050265423,0.025802588,0
1.163888888888889,0.1521257606490087,0,0.00051308644,0.026050733,0
1.1666666666666667,0.1278408130590292,0,0.00049744034,0.025677517,0
1.1694444444444445,0.1086750670652426,0,0.0005060196,0.025882946,0
1.1722222222222225,0.1072424822003054,0,0.0004892614,0.025479866,0
1.175,0.0890225674686971,0,0.00050658954,0.025896523,0
1.1777777777777778,0.0931340227677016,0,0.0005675247,0.02730298,0
1.1805555555555556,0.0964673593179037,0,0.0005412535,0.02670727,0
1.1833333333333331,0.1094312978682083,0,0.0005116518,0.02601678,0
1.1861111111111111,0.1188888096974047,0,0.00049142266,0.025532274,0
1.1888888888888889,0.068204952027881,0,0.0004706146,0.025022408,0
1.1916666666666669,0.0908514044346583,0,0.0004674225,0.02494311,0
1.1944444444444444,0.0655327089061116,0,0.00043246365,0.024054628,0
1.1972222222222222,0.0846028670449041,0,0.0004411852,0.024279842,0
1.2,0.0720159233226127,0,0.00045445366,0.024617871,0
1.2027777777777775,0.0431748510873057,0,0.00043597724,0.024145653,0
1.2055555555555555,0.0813732140529171,0,0.0003982503,0.023146376,0
1.2083333333333333,0.0553354838168844,0,0.00037578144,0.02252662,0
1.211111111111111,0.0535120952028346,0,0.0003784905,0.022602392,0
1.2138888888888888,0.0427294226973654,0,0.00038648507,0.022824293,0
1.2166666666666666,0.0463579319839061,0,0.0003876169,0.022855511,0
1.2194444444444446,0.0601244840893849,0,0.000366718,0.02227094,0
1.2222222222222223,0.04853478522529,0,0.00040159185,0.023236908,0
1.225,0.0540998065065467,0,0.00047025547,0.025013497,0
1.227777777777778,0.0525198171666319,0,0.00044100755,0.024275279,0
1.2305555555555556,0.0649421849339988,0,0.000415469,0.023608563,0
1.2333333333333334,0.0381472844661677,0,0.00042048638,0.02374127,0
1.2361111111111112,0.0194039045395,0,0.0003660217,0.022251153,0
1.238888888888889,0.0559389844571042,0,0.00031158898,0.020636097,0
1.2416666666666667,0.0334336807230503,0,0.00026979845,0.019289227,0
1.2444444444444445,0.0536970376910974,0,0.00026843676,0.019243512,0
1.2472222222222222,0.0413930989829475,0,0.0002928832,0.020046143,0
1.25,0.0324272205695684,0,0.00031200098,0.02064888,0
1.2527777777777778,0.038460791789208,0,0.00035475244,0.021928072,0
1.2555555555555555,0.0614078060332123,0,0.00041868252,0.023693655,0
1.2583333333333333,0.0622850503078646,0,0.00039342348,0.023014873,0
1.261111111111111,0.0312288225215144,0,0.00039244938,0.022988228,0
1.2638888888888888,0.031714665460903,0,0.0003564466,0.021976996,0
1.2666666666666666,0.0446410774779122,0,0.00034395963,0.021613395,0
1.2694444444444444,0.0150563620304077,0,0.000324676,0.02103754,0
1.272222222222222,0.0320355779955335,0,0.0002954643,0.020128733,0
1.275,0.0260007220796588,0,0.00030147654,0.020319622,0
1.2777777777777777,0.0304939322270481,0,0.00034921145,0.02176718,0
1.2805555555555554,0.0127256785624621,0,0.0003443455,0.021624736,0
1.2833333333333334,0.0008647645498461,0,0.0003308705,0.021224493,0
1.2861111111111112,-0.0068661845262261,0,0.0003372694,0.021415638,0
1.288888888888889,0.0070235288865289,0,0.0003592964,0.022059001,0
1.2916666666666667,0.0164926769922539,0,0.00036962345,0.022353271,0
1.2944444444444445,0.0185937452862059,0,0.00041896992,0.023701254,0
1.2972222222222225,0.0516968448309531,0,0.0004460931,0.024405513,0
1.3,0.0389007698511485,0,0.00039597476,0.02308449,0
1.3027777777777778,0.0075756519125119,0,0.00037780104,0.022583134,0
1.3055555555555556,0.0269405074460606,0,0.00038816212,0.022870528,0
1.3083333333333331,0.0153564636295887,0,0.00041346406,0.023555286,0
1.3111111111111111,0.0169531342489113,0,0.00040276544,0.02326861,0
1.3138888888888889,0.023771049600168,0,0.00037533982,0.022514239,0
1.3166666666666669,0.0300664547422576,0,0.0003619891,0.022136172,0
1.3194444444444444,0.0154915217740617,0,0.00034734415,0.021712642,0
1.3222222222222222,0.0363522096155005,0,0.00035951257,0.022065213,0
1.325,0.0030907614895048,0,0.00037207222,0.022422392,0
1.3277777777777775,0.0201506040683158,0,0.00038478113,0.022777207,0
1.3305555555555555,0.058865601618548,0,0.00037020654,0.022369752,0
1.3333333333333333,0.0231000530379192,0,0.00035724588,0.022000033,0
1.336111111111111,0.0411129834692283,0,0.00035783043,0.022016864,0
1.3388888888888888,0.0208552596246685,0,0.00035296447,0.021876309,0
1.3416666666666666,0.0280678863438474,0,0.00033503573,0.021349138,0
1.3444444444444446,0.0183836975701595,0,0.00033517403,0.021353263,0
1.3472222222222223,0.0165634073358724,0,0.00035048302,0.02180422,0
1.35,0.0073156905897921,0,0.00034907748,0.02176327,0
1.352777777777778,0.0253547008806476,0,0.0003403119,0.02150583,0
1.3555555555555556,0.0060227885378777,0,0.0003604381,0.022091765,0
1.3583333333333334,0.028678307572514,0,0.00036858948,0.022324009,0
1.3611111111111112,0.0348751764504123,0,0.00036381526,0.022188326,0
1.363888888888889,0.023997522454506,0,0.00035546743,0.021948736,0
1.3666666666666667,0.0141115478738099,0,0.00036197633,0.022135807,0
1.3694444444444445,0.0251222769746329,0,0.00037303293,0.022449441,0
1.3722222222222222,0.0135917648674801,0,0.0003578204,0.022016576,0
1.375,0.0321654786301335,0,0.00033315015,0.021292822,0
1.3777777777777778,-0.0094272518606355,0,0.00033998906,0.021496283,0
1.3805555555555555,0.012922286515054,0,0.00034489232,0.021640802,0
1.3833333333333333,-0.0119923832695832,0,0.0003427212,0.021576945,0
1.386111111111111,-0.0046420051207885,0,0.00035199252,0.021848103,0
1.3888888888888888,0.0381565472698443,0,0.00038030106,0.022652866,0
1.3916666666666666,0.0310415901480679,0,0.0003800151,0.022644905,0
1.3944444444444444,0.0067372215126101,0,0.0003513902,0.021830609,0
1.397222222222222,-0.005092183423231,0,0.00031060487,0.020605547,0
1.4,-0.0271063485862917,0,0.00028488302,0.019787606,0
1.4027777777777777,0.0091255899023162,0,0.0002875921,0.019875579,0
1.4055555555555554,0.0535008728370197,0,0.00029042573,0.019967131,0
1.4083333333333334,0.0236347006513364,0,0.00030543626,0.020444216,0
1.4111111111111112,0.0086347971357668,0,0.00030087295,0.020300556,0
1.413888888888889,0.0239216943914691,0,0.00029121013,0.019992383,0
1.4166666666666667,-0.0065515804645067,0,0.00025979106,0.018950246,0
1.4194444444444445,0.0123204940088302,0,0.0002353101,0.018090075,0
1.4222222222222225,0.0181903828963538,0,0.00024627722,0.018481115,0
1.425,0.0153250295261969,0,0.00026656172,0.019180343,0
1.4277777777777778,0.0283975498695095,0,0.00027313226,0.019400649,0
1.4305555555555556,0.0216248660596386,0,0.00027611974,0.019499863,0
1.4333333333333331,0.0264008937902722,0,0.00030367787,0.020388994,0
1.4361111111111111,0.0059726761992403,0,0.0003398089,0.021490956,0
1.4388888888888889,0.0296896416302433,0,0.00033851602,0.021452647,0
1.4416666666666669,0.0405830784994332,0,0.0003162493,0.02078009,0
1.4444444444444444,0.0015265729927299,0,0.00030924895,0.02056337,0
1.4472222222222222,0.002697236852124,0,0.00032170757,0.020947268,0
1.45,0.0359884501342228,0,0.0003131235,0.020683639,0
1.4527777777777775,0.0130270343343579,0,0.00029460076,0.020101143,0
1.4555555555555555,0.0369081465476886,0,0.00028427146,0.019767677,0
1.4583333333333333,0.0091765083252639,0,0.00029438487,0.020094236,0
1.461111111111111,0.0376163883649539,0,0.0003013883,0.020316828,0
1.4638888888888888,0.017754400357872,0,0.00030111347,0.02030815,0
1.4666666666666666,0.0196655190351852,0,0.00028437393,0.019771019,0
1.4694444444444446,0.0392952912272801,0,0.0002926259,0.020037882,0
1.4722222222222223,0.0104573994842793,0,0.00028699526,0.01985624,0
1.475,0.0018588164936489,0,0.0002916035,0.020005032,0
1.477777777777778,0.0093771644578422,0,0.00033442077,0.021330789,0
1.4805555555555556,0.0230657775019892,0,0.00037535751,0.022514736,0
1.4833333333333334,-0.0069775503448768,0,0.00037016827,0.022368668,0
1.4861111111111112,0.0263605945913647,0,0.0003632613,0.022172518,0
1.488888888888889,0.0090779473326201,0,0.00039358347,0.023019249,0
1.4916666666666667,0.034819615789604,0,0.00039840632,0.023150614,0
1.4944444444444445,-0.0177750630605945,0,0.00041208882,0.023518665,0
1.4972222222222222,0.0069827678186219,0,0.00039250214,0.02298967,0
1.5,-0.0057540399800134,0,0.0003819839,0.022699669,0
1.5027777777777778,0.0080446109974259,0,0.00042516054,0.023864131,0
1.5055555555555555,0.0251960350988667,0,0.00045247175,0.02456773,0
1.5083333333333333,0.0199984931030203,0,0.00044574856,0.024396716,0
1.511111111111111,0.0202699570136054,0,0.00038193585,0.022698335,0
1.5138888888888888,0.023259292099615,0,0.00033747894,0.021421863,0
1.5166666666666666,0.0304813472040486,0,0.0003492782,0.021769127,0
1.5194444444444444,0.0143063306178334,0,0.00039227545,0.02298347,0
1.522222222222222,0.0422733836638502,0,0.00039344133,0.023015356,0
1.525,0.0440895493649314,0,0.00038022947,0.022650873,0
1.5277777777777777,0.0426546620383329,0,0.00037513985,0.02250863,0
1.5305555555555554,0.0482124409119011,0,0.00038022388,0.02265072,0
1.5333333333333334,0.0475538287182512,0,0.000329488,0.021182938,0
1.5361111111111112,0.0771328067315418,0,0.00030004172,0.020274255,0
1.538888888888889,0.0490495958477825,0,0.00032103536,0.020926753,0
1.5416666666666667,0.0497388301779013,0,0.00034171308,0.021547226,0
1.5444444444444445,0.0472558071660896,0,0.00032014225,0.020899482,0
1.5472222222222225,0.0474927695699025,0,0.00031350137,0.020695325,0
1.55,0.0489065991454824,0,0.00034610182,0.021676278,0
1.5527777777777778,0.0589871537221144,0,0.00038991746,0.022918804,0
1.5555555555555556,0.0761173068457348,0,0.0003925717,0.022991575,0
1.5583333333333331,0.0871230602273689,0,0.00038595853,0.022809755,0
1.5611111111111111,0.0878350495995108,0,0.00042236288,0.023790687,0
1.5638888888888889,0.0805240207537677,0,0.00042869835,0.023956634,0
1.5666666666666669,0.1103774043202523,0,0.00039036767,0.022931168,0
1.5694444444444444,0.1127082178257784,0,0.00036874588,0.022328442,0
1.5722222222222222,0.1037845171617388,0,0.0003876607,0.022856714,0
1.575,0.100712227705481,0,0.00039885764,0.02316286,0
1.5777777777777775,0.1227690721088389,0,0.00038541254,0.022794675,0
1.5805555555555555,0.1210561945531191,0,0.00038435622,0.022765448,0
1.5833333333333333,0.0998161410923934,0,0.00043937212,0.024233224,0
1.586111111111111,0.1233816466115618,0,0.00047842565,0.025215212,0
1.5888888888888888,0.1307164211566981,0,0.00044730393,0.024436403,0
1.5916666666666666,0.1151616201106496,0,0.00041342093,0.023554139,0
1.5944444444444446,0.132834669935554,0,0.00042377567,0.023827808,0
1.5972222222222223,0.1089331309815071,0,0.0004528228,0.024576612,0
1.6,0.1509927758489296,0,0.00042370317,0.023825897,0
1.602777777777778,0.1492856507093694,0,0.00041342567,0.023554267,0
1.6055555555555556,0.1258211305628792,0,0.00045133106,0.02453881,0
1.6083333333333334,0.1335416797637623,0,0.0005032972,0.02581797,0
1.6111111111111112,0.0898808471596492,0,0.0004463196,0.024411293,0
1.613888888888889,0.1061109230165309,0,0.0003999559,0.023192633,0
1.6166666666666667,0.115997179718006,0,0.00041542982,0.023607522,0
1.6194444444444445,0.1008314727349285,0,0.00045290412,0.024578676,0
1.6222222222222222,0.1237465858934249,0,0.00044029916,0.024257071,0
1.625,0.1387645621859137,0,0.0004044364,0.023313649,0
1.6277777777777778,0.0866403821206447,0,0.00039024543,0.022927811,0
1.6305555555555555,0.0869767194488472,0,0.0004086886,0.023427825,0
1.6333333333333333,0.098139357894439,0,0.00040445162,0.023314064,0
1.636111111111111,0.1137182220454385,0,0.00040617408,0.023360392,0
1.6388888888888888,0.0660882548376196,0,0.0003974347,0.02312422,0
1.6416666666666666,0.0830117425758307,0,0.00041287643,0.023539646,0
1.6444444444444444,0.101476283802147,0,0.0003550774,0.021937469,0
1.647222222222222,0.0443338492423522,0,0.00031775012,0.020826202,0
1.65,0.0449607187576432,0,0.00036574318,0.022243233,0
1.6527777777777777,0.0530377829739848,0,0.0003093209,0.020565609,0
1.6555555555555554,0.0469773035239951,0,0.00018075058,0.015980516,0
1.6583333333333334,0.0625738999458808,0,0.000108256754,0.012550255,0
1.6611111111111112,0.0498332697377191,0,7.9657664e-05,0.010856658,0
1.663888888888889,0.0156473894583662,0,0.0001252767,0.0134456055,0
1.6666666666666667,0.0463167754475372,0,0.00014462127,0.0143874595,0
1.6694444444444445,0.0264925812508863,0,0.00015233718,0.014744184,0
1.6722222222222225,0.0511004270883665,0,0.00010921898,0.012602797,0
1.675,0.0196540301025895,0,0.00010102218,0.012146958,0
1.6777777777777778,0.0168536307546735,0,0.00010805913,0.012539434,0
1.6805555555555556,0.0320978099301933,0,0.00013822984,0.0140841715,0
1.6833333333333331,0.0332354636665754,0,0.00014034074,0.014185156,0
1.6861111111111111,0.0265445436660031,0,0.00016461451,0.015292382,0
1.6888888888888889,-0.0072220031588222,0,0.00019806538,0.016683154,0
1.6916666666666669,0.0245645361920129,0,0.0001828177,0.016066253,0
1.6944444444444444,-0.00041016794716,0,0.00012734903,0.0135500645,0
1.6972222222222222,0.017407418585486,0,0.00010215753,0.012211244,0
1.7,-0.0085553977072209,0,0.00011247196,0.012778627,0
1.7027777777777775,0.0185517933828173,0,0.00020685651,0.01702727,0
1.7055555555555555,-0.001065639606616,0,0.00018306558,0.016076492,0
1.7083333333333333,-0.0089230017293361,0,0.0001476245,0.014527488,0
1.711111111111111,0.0204013468596742,0,0.00011705476,0.013021782,0
1.7138888888888888,0.0127789913204166,0,0.00012832791,0.013599089,0
1.7166666666666666,-0.0005231604882796,0,0.00016085336,0.015126843,0
1.7194444444444446,0.0300477486331855,0,0.00020501041,0.016955668,0
1.7222222222222223,0.0013142459010949,0,0.00027890684,0.019591909,0
1.725,0.0080864158537311,0,0.00065640855,0.029213587,0
1.727777777777778,0.0113357014520482,0,0.0010591554,0.036454987,0
1.7305555555555556,-0.002314470783022,0,0.0010390978,0.036134932,0
1.7333333333333334,0.0136438227625517,0,0.0060431096,0.0802037,0
1.7361111111111112,-0.0020243233352273,0,0.08094758,0.23838794,0
1.738888888888889,-0.0011838611971581,0,0.111885846,0.2708291,0
1.7416666666666667,0.0237537992708394,0,0.11072268,0.26972032,0
1.7444444444444445,-0.0150975053536163,0,0.21809071,0.35195938,0
1.7472222222222222,-0.0401750802285919,0,0.3930222,0.44823858,0
1.75,0.0133612989269859,0,0.39602438,0.4497251,0
1.7527777777777778,0.0177374671700802,0,0.7154845,0.6084689,0
1.7555555555555555,-0.0393980807328744,0,0.9793808,0.86362845,0
1.7583333333333333,-0.0778988145347533,0,0.9969175,0.94063413,0
1.761111111111111,-0.0703388048231494,0,0.9943342,0.922054,0
1.7638888888888888,-0.085425005099965,0,0.9935782,0.9176124,0
1.7666666666666666,-0.0939339458782161,0,0.99856335,0.9580575,0
1.7694444444444444,-0.106856582997753,0,0.9991553,0.9671637,0
1.772222222222222,-0.0634807621900256,0,0.9986833,0.9597025,0
1.775,-0.0231890877773561,0,0.99864644,0.9591891,0
1.7777777777777777,0.0155635652673277,0,0.9993793,0.9715357,0
1.7805555555555554,0.147467634549361,0,0.9995351,0.9751202,0
1.7833333333333334,0.2946263100532756,0,0.9993229,0.9703626,0
1.7861111111111112,0.4138584332725772,0,0.99924064,0.9687439,0
1.788888888888889,0.5616687458309353,0,0.99958724,0.9764637,0
1.7916666666666667,0.7112624772298833,0,0.99963224,0.97770035,1
1.7944444444444445,0.8419361904277254,0,0.9993513,0.9709457,0
1.7972222222222225,0.8818020430191144,0,0.99921715,0.9682991,0
1.8,0.9293511675619034,1,0.9995765,0.97617984,0
1.8027777777777776,0.8804916058788772,0,0.99962103,0.9773855,0
1.805555555555556,0.8190254742387498,0,0.99935013,0.970922,0
1.8083333333333331,0.6520345086203414,0,0.9992481,0.96888727,0
1.8111111111111111,0.5191027539469292,0,0.99958533,0.97641146,0
1.8138888888888889,0.3119112679080492,0,0.9996159,0.97724277,0
1.8166666666666669,0.1831465907507857,0,0.99934596,0.97083586,0
1.8194444444444444,0.0484064643139783,0,0.9992611,0.96913624,0
1.8222222222222224,-0.0702933660453641,0,0.99956924,0.97598875,0
1.825,-0.1242223827969579,0,0.99953043,0.975003,0
1.8277777777777775,-0.1494790901315142,0,0.9988965,0.96285015,0
1.8305555555555555,-0.1891776335577523,0,0.99835396,0.9553607,0
1.8333333333333333,-0.2079031890553433,0,0.9993654,0.97124,0
1.836111111111111,-0.1682014930212496,0,0.9991959,0.96790314,0
1.8388888888888888,-0.1591436413324505,0,0.99826115,0.9542274,0
1.8416666666666663,-0.1247947344486564,0,0.99695045,0.94092184,0
1.8444444444444448,-0.0944405245012965,0,0.99827874,0.95443946,0
1.8472222222222223,-0.0940135680991832,0,0.9969599,0.9410049,0
1.85,-0.0708192027674269,0,0.9916065,0.90732306,0
1.8527777777777776,-0.0210323931561315,0,0.9501954,0.80371463,0
1.855555555555556,-0.0213529846301134,0,0.95875394,0.8181862,0
1.8583333333333332,-0.0404900224174192,0,0.79704994,0.6579126,0
1.8611111111111112,0.0185005696197908,0,0.49785253,0.4989733,0
1.863888888888889,0.0173961204556996,0,0.04804992,0.19345655,0
1.8666666666666667,0.0075838733656112,0,0.0057437667,0.07841968,0
1.8694444444444445,0.0024089738875828,0,0.0017243876,0.045598842,0
1.8722222222222225,0.0378485320750231,0,0.0006657026,0.02940495,0
1.875,0.0332770358884176,0,0.0004394538,0.024235329,0
1.8777777777777775,0.0662856900132609,0,0.00066037884,0.029295515,0
1.8805555555555555,0.039284962721011,0,0.0007800207,0.031647857,0
1.8833333333333333,0.0412498292566841,0,0.00038642407,0.022822617,0
1.886111111111111,0.0354558398482894,0,0.00023035117,0.017910047,0
1.8888888888888888,0.0528444978277435,0,0.00039779002,0.023133872,0
1.8916666666666664,0.0527303414434442,0,0.00046737262,0.02494187,0
1.8944444444444444,0.0650315383554268,0,0.00028999712,0.019953314,0
1.897222222222222,0.0414854058498844,0,0.00021657957,0.017398825,0
1.9,0.0459766224383286,0,0.00040454336,0.023316534,0
1.9027777777777777,0.048679912149564,0,0.00037343483,0.022460744,0
1.9055555555555557,0.0712457906242176,0,0.00025571493,0.01881016,0
1.9083333333333332,0.0855368714138469,0,0.00023342924,0.018022034,0
1.9111111111111112,0.0600173021579634,0,0.00042555787,0.02387454,0
1.913888888888889,0.0645285086290642,0,0.00040822814,0.023415497,0
1.9166666666666667,0.0797728133186169,0,0.00029731687,0.020187775,0
1.9194444444444445,0.0756972712944908,0,0.00025505334,0.018787308,0
1.9222222222222225,0.0981455490073918,0,0.0004309679,0.024015753,0
1.925,0.0547259814602945,0,0.00044224143,0.024306951,0
1.9277777777777776,0.080893936426519,0,0.0002964256,0.020159395,0
1.930555555555556,0.086500510261553,0,0.0002597673,0.01894944,0
1.9333333333333331,0.0685196734573443,0,0.0004062459,0.023362318,0
1.9361111111111111,0.0940995812847346,0,0.00035470474,0.021926697,0
1.9388888888888889,0.1001909292334261,0,0.00038248784,0.02271366,0
1.9416666666666669,0.1163940665838499,0,0.00032909558,0.021171119,0
1.9444444444444444,0.1417182204369238,0,0.00020133465,0.01681207,0
1.9472222222222224,0.1270733179711844,0,0.00022895355,0.01785892,0
1.95,0.1211157821019518,0,0.00025718266,0.018860742,0
1.9527777777777775,0.1416457614138616,0,0.00026298343,0.01905914,0
1.9555555555555555,0.1642423894798467,0,0.00031591667,0.020769844,0
1.9583333333333333,0.1399412391389457,0,0.00034910877,0.021764189,0
1.961111111111111,0.147056739582009,0,0.0004089444,0.023434678,0
1.9638888888888888,0.1752743061684282,0,0.00041472094,0.023588698,0
1.9666666666666663,0.1697860914288574,0,0.00038786532,0.02286235,0
1.9694444444444448,0.1890525657225647,0,0.00034850786,0.02174665,0
1.9722222222222223,0.1853700143756195,0,0.00035165425,0.021838281,0
1.975,0.2023219693972155,0,0.0003840072,0.022755781,0
1.9777777777777776,0.1824651552901729,0,0.00040941854,0.023447363,0
1.980555555555556,0.2039600988326195,0,0.00037729606,0.02256902,0
1.9833333333333332,0.2070701496849212,0,0.00035204607,0.021849658,0
1.9861111111111112,0.1980034329289425,0,0.0003454646,0.021657594,0
1.988888888888889,0.198705955590509,0,0.00035811096,0.022024933,0
1.9916666666666667,0.2382484524057812,0,0.00034749083,0.021716936,0
1.9944444444444445,0.2283724682625643,0,0.00031268413,0.020670045,0
1.9972222222222225,0.2238302442061597,0,0.00025801282,0.01888928,0
2.0,0.2430854447828518,0,0.00022885423,0.017855283,0
2.0027777777777778,0.2666311096119996,0,0.00020939436,0.017125145,0
2.0055555555555555,0.2204847961781141,0,0.00021087239,0.017181844,0
2.0083333333333333,0.2370173590437004,0,0.00021512533,0.017343834,0
2.011111111111111,0.2501649204308648,0,0.00022824452,0.017832935,0
2.013888888888889,0.2902220938277166,0,0.00025693956,0.018852377,0
2.0166666666666666,0.2765796736755015,0,0.0002509694,0.01864554,0
2.0194444444444444,0.2876134140736173,0,0.00021470606,0.017327938,0
2.022222222222222,0.2624772151248751,0,0.00020643565,0.01701098,0
2.025,0.2659634788607643,0,0.00020070521,0.016787337,0
2.0277777777777777,0.2923401930035118,0,0.00019909616,0.016723918,0
2.0305555555555554,0.289042827793223,0,0.00021009713,0.017152134,0
2.033333333333333,0.2986155150852771,0,0.00021011695,0.017152889,0
2.036111111111111,0.2894469418572145,0,0.00020533631,0.016968334,0
2.0388888888888888,0.2979666186961404,0,0.00020279796,0.016869402,0
2.0416666666666665,0.2973478256740886,0,0.00020928998,0.017121132,0
2.0444444444444443,0.3074687303018336,0,0.00022798135,0.017823266,0
2.047222222222222,0.3083748818228126,0,0.00024478414,0.018428436,0
2.05,0.2720786196344198,0,0.00023231773,0.017981686,0
2.0527777777777776,0.2624133657081515,0,0.0002046023,0.016939797,0
2.055555555555556,0.3105336775969398,0,0.00019001141,0.016360613,0
2.058333333333333,0.3123498422426594,0,0.00020785099,0.0170657,0
2.061111111111111,0.2778957060580883,0,0.00023095352,0.017932024,0
2.063888888888889,0.263627743390973,0,0.00024611363,0.018475346,0
2.066666666666667,0.2909859234864788,0,0.00025324544,0.01872471,0
2.0694444444444446,0.3010999808546349,0,0.00025944505,0.018938407,0
2.0722222222222224,0.3114083559154846,0,0.0002328766,0.018001994,0
2.075,0.2891752218028059,0,0.00022267226,0.017627088,0
2.077777777777778,0.2725309485817812,0,0.00022878985,0.017852927,0
2.080555555555556,0.2610866379032945,0,0.00020980486,0.017140916,0
2.083333333333333,0.2707454987338277,0,0.00019572116,0.01659001,0
2.0861111111111112,0.2619012706570777,0,0.00022360901,0.017661886,0
2.088888888888889,0.2467210543860674,0,0.00027983,0.019622281,0
2.091666666666667,0.2879902154216757,0,0.00030178452,0.020329343,0
2.094444444444445,0.2791184806045175,0,0.0002841753,0.01976454,0
2.0972222222222223,0.2642498655258161,0,0.00029760358,0.020196887,0
2.1,0.22806697181532,0,0.0003180793,0.020836305,0
2.102777777777778,0.2491947045444936,0,0.00032096927,0.02092474,0
2.105555555555556,0.2402895648264653,0,0.00029388795,0.020078335,0
2.1083333333333334,0.231512349757443,0,0.00026744252,0.019210044,0
2.111111111111111,0.2376686758046508,0,0.00027369297,0.019419312,0
2.113888888888889,0.2223916532899315,0,0.0002608775,0.018987391,0
2.1166666666666667,0.2178038183083666,0,0.00028052184,0.01964501,0
2.1194444444444445,0.2100219856011029,0,0.00035736337,0.022003416,0
2.1222222222222222,0.1992842453972733,0,0.0004371102,0.024174916,0
2.125,0.1610780303938215,0,0.00038393875,0.022753892,0
2.1277777777777778,0.1827184655674148,0,0.00030235795,0.02034743,0
2.1305555555555555,0.1667412189586274,0,0.00029548997,0.02012955,0
2.1333333333333333,0.1495098151706395,0,0.00030508908,0.02043333,0
2.136111111111111,0.1875762386216165,0,0.00030891475,0.020552961,0
2.138888888888889,0.1819579637032861,0,0.00034715643,0.021707153,0
2.1416666666666666,0.1701314905636457,0,0.00039345725,0.023015795,0
2.1444444444444444,0.1473505764671925,0,0.000394425,0.023042232,0
2.147222222222222,0.1576322209396287,0,0.0003629075,0.022162417,0
2.15,0.1314868736123851,0,0.00034161424,0.021544307,0
2.1527777777777777,0.128374751364083,0,0.00036520962,0.022228053,0
2.1555555555555554,0.1030608597200926,0,0.00037180414,0.022414831,0
2.158333333333333,0.1196604993914447,0,0.00039162938,0.02296577,0
2.161111111111111,0.1089750141813025,0,0.0004350239,0.024120992,0
2.1638888888888888,0.0830214611830199,0,0.00047553398,0.025144037,0
2.1666666666666665,0.0964204466740202,0,0.0004688853,0.024979483,0
2.1694444444444443,0.0907606844434258,0,0.00040348482,0.023288015,0
2.172222222222222,0.1138344675589496,0,0.000397084,0.023114685,0
2.175,0.0953492305377511,0,0.00044676333,0.024422616,0
2.1777777777777776,0.0773268582370766,0,0.00043976327,0.024243291,0
2.180555555555556,0.0762631736778231,0,0.0004144034,0.023580266,0
2.183333333333333,0.0687299485654778,0,0.00040166423,0.023238862,0
2.186111111111111,0.0607191562036331,0,0.00040311727,0.023278097,0
2.188888888888889,0.0433841113478696,0,0.00039750515,0.02312613,0
2.191666666666667,0.0533741768228563,0,0.0003943846,0.023041125,0
2.1944444444444446,0.0406293517894901,0,0.00039072993,0.022941107,0
2.1972222222222224,0.0294075071908285,0,0.0004430602,0.024327943,0
2.2,0.052331128383585,0,0.00045402092,0.02460693,0
2.202777777777778,0.0471896113462304,0,0.0004415458,0.024289101,0
2.205555555555556,0.0113328504598894,0,0.00040933525,0.023445135,0
2.208333333333333,0.0332583056662075,0,0.00038617072,0.022815619,0
2.2111111111111112,0.0471484525214682,0,0.00042476997,0.02385389,0
2.213888888888889,0.0453615252582163,0,0.0004571283,0.024685355,0
2.216666666666667,0.0422631961857979,0,0.00042654728,0.023900434,0
2.219444444444445,0.0250001644416259,0,0.00041147467,0.023502288,0
2.2222222222222223,0.0094158596600941,0,0.00041538288,0.02360628,0
2.225,0.0036411071692269,0,0.00040298418,0.023274511,0
2.227777777777778,0.0229962729204452,0,0.00043432048,0.024102783,0
2.230555555555556,0.0215680400166751,0,0.0004125418,0.023530737,0
2.2333333333333334,0.0333568642194751,0,0.00036854605,0.022322778,0
2.236111111111111,0.0288264002462059,0,0.00033124455,0.021235725,0
2.238888888888889,0.0087301358434077,0,0.0002876834,0.019878538,0
2.2416666666666667,-0.0094603132994786,0,0.00028475866,0.019783556,0
2.2444444444444445,0.0030030474410868,0,0.00031285285,0.020675264,0
2.2472222222222222,0.0097279984375317,0,0.00035589602,0.02196111,0
2.25,0.0022065843283651,0,0.00035438445,0.021917434,0
2.2527777777777778,-0.0045783797849694,0,0.00033981845,0.021491233,0
2.2555555555555555,0.0068149642899109,0,0.00035434225,0.021916213,0
2.2583333333333333,-0.0055308870668025,0,0.0003775015,0.022574762,0
2.261111111111111,-0.0083148213162497,0,0.00037731623,0.022569582,0
2.263888888888889,0.0049224560169034,0,0.00036232657,0.022145819,0
2.2666666666666666,-0.0065719002206139,0,0.00035970885,0.022070847,0
2.2694444444444444,0.0023858762452378,0,0.00036700792,0.02227917,0
2.272222222222222,0.0021439974070199,0,0.00037582946,0.022527963,0
2.275,-0.0196721124207776,0,0.0003745929,0.022493277,0
2.2777777777777777,-0.0103775463987963,0,0.0003637388,0.022186147,0
2.2805555555555554,0.0178745893061514,0,0.00038464373,0.022773411,0
2.283333333333333,-0.0216143694379554,0,0.00040227908,0.023255479,0
2.286111111111111,-0.0363850240451787,0,0.00040188333,0.023244783,0
2.2888888888888888,-0.032978625040696,0,0.0004140735,0.023571493,0
2.2916666666666665,-0.0049963912482202,0,0.0004397823,0.024243785,0
2.2944444444444443,-0.0053202222801299,0,0.0004616941,0.02480006,0
2.297222222222222,-0.0078702862968997,0,0.00044150618,0.024288082,0
2.3,0.0118111679626584,0,0.00039365573,0.023021221,0
2.3027777777777776,-0.0467652432305223,0,0.00037529008,0.022512838,0
2.305555555555556,-0.0009822030749605,0,0.0004006787,0.023212204,0
2.308333333333333,0.0162726208900064,0,0.00039053906,0.022935873,0
2.311111111111111,-0.0242743586132303,0,0.00036251402,0.02215118,0
2.313888888888889,-0.013245974818735,0,0.00035617026,0.021969028,0
2.316666666666667,-0.01901749043814,0,0.00037702333,0.022561394,0
2.3194444444444446,-0.0212999048721943,0,0.00039802998,0.023140395,0
2.3222222222222224,-0.0129258773675104,0,0.00035013867,0.0217942,0
2.325,0.0132453010586055,0,0.00033340175,0.021300346,0
2.327777777777778,0.0192699162425462,0,0.00033621653,0.021384323,0
2.330555555555556,-0.0134437447532382,0,0.00034549864,0.021658588,0
2.333333333333333,0.0200666954366634,0,0.00034501666,0.021644449,0
2.3361111111111112,-0.0080717281184287,0,0.00036323463,0.022171754,0
2.338888888888889,0.0176114394268667,0,0.00038604464,0.02281214,0
2.341666666666667,-0.0101750412909757,0,0.00039412378,0.023034008,0
2.344444444444445,-0.0068850553327548,0,0.00039790114,0.023136891,0
2.3472222222222223,-0.0034384765171006,0,0.00039761586,0.023129143,0
2.35,0.0386976994103311,0,0.0003579606,0.022020612,0
2.352777777777778,0.0037243413951888,0,0.0003199998,0.020895122,0
2.355555555555556,-0.0197095089972253,0,0.0003298548,0.02119397,0
2.3583333333333334,0.0053826690839232,0,0.00036125808,0.022115255,0
2.361111111111111,-0.0146280627199336,0,0.00035929724,0.022059029,0
2.363888888888889,-0.0165919445924085,0,0.000335428,0.02136084,0
2.3666666666666667,0.0043410781893518,0,0.0003305606,0.021215186,0
2.3694444444444445,-0.0088613042882829,0,0.00031797652,0.020833153,0
2.3722222222222222,-0.0051862263785591,0,0.00031058592,0.020604964,0
2.375,-0.0091902059448058,0,0.00029546264,0.020128677,0
2.3777777777777778,-0.0043843874963511,0,0.0003045117,0.020415207,0
2.3805555555555555,-0.0030899953883175,0,0.000296175,0.020151401,0
2.3833333333333333,-0.0385486864011887,0,0.00028162217,0.019681096,0
2.386111111111111,0.0004762272168819,0,0.000283575,0.01974496,0
2.388888888888889,-0.0242794334180864,0,0.00030072985,0.020296026,0
2.3916666666666666,-0.0312091099257788,0,0.0002781662,0.019567491,0
2.3944444444444444,-0.0104750627637502,0,0.00026818403,0.019235004,0
2.397222222222222,-0.0083623167889626,0,0.0002769914,0.019528706,0
2.4,-0.0200466921273344,0,0.00029603753,0.020147022,0
2.4027777777777777,0.0028003291801955,0,0.0002804208,0.019641696,0
2.4055555555555554,-0.0298178447547566,0,0.00026147088,0.019007636,0
2.408333333333333,-0.0158084863916384,0,0.00028095333,0.019659173,0
2.411111111111111,-0.0184956092865151,0,0.00029481854,0.020108096,0
2.4138888888888888,-0.0104385205913513,0,0.00029465975,0.020103032,0
2.4166666666666665,-0.0055729819735991,0,0.00030797173,0.02052354,0
2.4194444444444443,-0.0248895454169683,0,0.00031588742,0.020768944,0
2.422222222222222,0.0010789924441025,0,0.00031617758,0.020777874,0
2.425,-0.0088530870466798,0,0.00027444918,0.01944445,0
2.4277777777777776,-0.0381888135786767,0,0.00023357886,0.01802746,0
2.430555555555556,-0.0391984024562053,0,0.00024248935,0.018347137,0
2.433333333333333,-0.0100123720051481,0,0.00024140075,0.018308427,0
2.436111111111111,-0.0131479321942186,0,0.00022197994,0.01760132,0
2.438888888888889,-0.0113879021243981,0,0.0002323565,0.017983092,0
2.441666666666667,-0.0102562851259124,0,0.0002581297,0.018893296,0
2.4444444444444446,-0.0064491566546039,0,0.00029822133,0.020216523,0
2.4472222222222224,0.0043910102142938,0,0.0003193677,0.020875782,0
2.45,-0.0264755700492007,0,0.0003381754,0.021442542,0
2.452777777777778,-0.0273665801274957,0,0.00037110178,0.022395028,0
2.455555555555556,-0.0261559963988009,0,0.0003866872,0.022829872,0
2.458333333333333,-0.0053806814639438,0,0.00036180156,0.022130806,0
2.4611111111111112,0.0090146788121891,0,0.00033702474,0.021408368,0
2.463888888888889,-0.0160587284113526,0,0.00035007077,0.021792222,0
2.466666666666667,-0.0470239289448024,0,0.00036357602,0.022181503,0
2.469444444444445,-0.0349449151457,0,0.0003286695,0.021158285,0
2.4722222222222223,-0.0217394220309047,0,0.0003189651,0.020863455,0
2.475,-0.0174356600147836,0,0.00032435142,0.021027682,0
2.477777777777778,-0.014982387848361,0,0.00033122624,0.02123517,0
2.480555555555556,-0.0080187794260625,0,0.00032869863,0.021159163,0
2.4833333333333334,-0.0129609718949822,0,0.00031402067,0.020711375,0
2.486111111111111,0.007830392150032,0,0.00033370257,0.021309337,0
2.488888888888889,-0.0176028707591078,0,0.00033416806,0.021323245,0
2.4916666666666667,-0.0198676444271395,0,0.00031013528,0.020590952,0
2.4944444444444445,0.0008742209725877,0,0.00030466644,0.020420069,0
2.4972222222222222,-0.0286128656378512,0,0.00034909512,0.021763783,0
2.5,0.0011178480370498,0,0.00034635942,0.021683823,0
2.5027777777777778,-0.002204467950004,0,0.0002995875,0.020259866,0
2.5055555555555555,-0.004821009112287,0,0.00030640635,0.020474609,0
2.5083333333333333,0.0225117225912827,0,0.00037508423,0.022507073,0
2.511111111111111,-0.0091699920433974,0,0.00037484223,0.02250028,0
2.513888888888889,0.0327365483816663,0,0.00035125102,0.02182656,0
2.5166666666666666,0.0003272722645987,0,0.0003100694,0.020588905,0
2.5194444444444444,-0.0133487498811918,0,0.00031502487,0.02074236,0
2.522222222222222,0.0091861560077465,0,0.00029471287,0.020104727,0
2.525,-0.0054321075436124,0,0.00025514673,0.018790534,0
2.5277777777777777,0.0022607401678214,0,0.0002633312,0.01907096,0
2.5305555555555554,0.0225745819093671,0,0.0003065703,0.02047974,0
2.533333333333333,0.0282932724674223,0,0.00029327272,0.020058626,0
2.536111111111111,0.0142241915572492,0,0.00025616243,0.0188256,0
2.5388888888888888,0.0422157781056731,0,0.00025884144,0.018917723,0
2.5416666666666665,0.048855752234992,0,0.00029524186,0.020121621,0
2.5444444444444443,0.0573513388003174,0,0.00027864185,0.019583177,0
2.547222222222222,0.048266702763258,0,0.0002809236,0.019658191,0
2.55,0.0654752623817036,0,0.0002951985,0.020120239,0
2.5527777777777776,0.0216593166894363,0,0.0003570336,0.021993918,0
2.555555555555556,0.0500637751620092,0,0.00034773524,0.021724079,0
2.558333333333333,0.0468617505256512,0,0.00028504521,0.01979288,0
2.561111111111111,0.0667184889899121,0,0.00026373245,0.019084582,0
2.563888888888889,0.0614021281879961,0,0.0003127172,0.02067106,0
2.566666666666667,0.0724543638065916,0,0.0003286325,0.021157172,0
2.5694444444444446,0.1080276672021538,0,0.000335098,0.021350995,0
2.5722222222222224,0.081918020276217,0,0.00038447382,0.02276871,0
2.575,0.0951046246093236,0,0.0004957169,0.025636015,0
2.577777777777778,0.0895582099927722,0,0.0005232408,0.026289638,0
2.580555555555556,0.0979803423075775,0,0.0004909287,0.025520302,0
2.583333333333333,0.1003454337455451,0,0.00048451577,0.025364354,0
2.5861111111111112,0.1099530487657633,0,0.00049806206,0.025692469,0
2.588888888888889,0.1232026573029951,0,0.0004539274,0.024604568,0
2.591666666666667,0.1324160510568563,0,0.00041749162,0.023662165,0
2.594444444444445,0.1137909709727253,0,0.00040484837,0.02332474,0
2.5972222222222223,0.1188704830813178,0,0.00044981213,0.024500243,0
2.6,0.0930715950543662,0,0.00042262065,0.023797465,0
2.602777777777778,0.1087461975912089,0,0.00039366903,0.023021586,0
2.605555555555556,0.1233251490700304,0,0.00037525484,0.022511853,0
2.6083333333333334,0.1208058754127117,0,0.00042107125,0.02375668,0
2.611111111111111,0.1090454608995775,0,0.00041817335,0.023680199,0
2.613888888888889,0.1167094317834697,0,0.0004005349,0.023208318,0
2.6166666666666667,0.1078390804924254,0,0.00041567124,0.02361393,0
2.6194444444444445,0.115108692350078,0,0.0004854246,0.025386523,0
2.6222222222222222,0.0976791492650503,0,0.00044244094,0.024312068,0
2.625,0.0838958308624075,0,0.00042604315,0.023887247,0
2.6277777777777778,0.0898720530371428,0,0.00040787846,0.023406126,0
2.6305555555555555,0.0362437943201851,0,0.00042219384,0.023786236,0
2.6333333333333333,0.0811347307932961,0,0.00039144407,0.022960693,0
2.636111111111111,0.0157294339609185,0,0.0003641786,0.022198683,0
2.638888888888889,0.0395969567378922,0,0.00036431124,0.022202468,0
2.6416666666666666,0.0671992139688629,0,0.00036913747,0.022339523,0
2.6444444444444444,0.0625882217052674,0,0.00031426444,0.020718904,0
2.647222222222222,0.0330648286637032,0,0.00028178035,0.019686282,0
2.65,0.0350093367130357,0,0.00025825622,0.018897645,0
2.6527777777777777,0.0615877336158438,0,0.00024344676,0.018381108,0
2.6555555555555554,0.0292875767026727,0,0.0001935375,0.01650271,0
2.658333333333333,0.0659152788669621,0,0.00012294721,0.0133270705,0
2.661111111111111,0.0281913929588614,0,8.3403254e-05,0.011095141,0
2.6638888888888888,0.0305299280699914,0,0.00011818035,0.013080729,0
2.6666666666666665,0.0451025699714391,0,0.0001787368,0.015896492,0
2.6694444444444443,0.0195116929798884,0,0.00020581421,0.016986884,0
2.672222222222222,-0.0005335182879472,0,0.00017784923,0.015859295,0
2.675,0.0100676649535841,0,0.00015758058,0.014981104,0
2.6777777777777776,0.0086427498478268,0,0.00013930428,0.014135671,0
2.680555555555556,-0.0135874182732175,0,0.00013749275,0.014048719,0
2.683333333333333,0.000986274708689,0,0.00013741858,0.014045144,0
2.686111111111111,-0.0081478252997009,0,0.00013758508,0.014053163,0
2.688888888888889,0.0152196305528744,0,0.00018687501,0.016233023,0
2.691666666666667,0.000436297292403,0,0.00020313468,0.016882569,0
2.6944444444444446,-0.0055831083693237,0,0.00017178731,0.015602546,0
2.6972222222222224,-0.0040283219513417,0,0.00010650613,0.012454016,0
2.7,-3.419001461534574e-05,0,0.00010030073,0.012105905,0
2.702777777777778,0.0050602376891888,0,0.00014910966,0.014596173,0
2.705555555555556,-0.0198781053561425,0,0.0001609118,0.015129429,0
2.708333333333333,-0.0210894277132979,0,0.00014040018,0.014187984,0
2.7111111111111112,0.0106161965522016,0,0.00013784759,0.014065796,0
2.713888888888889,-0.0125442151348548,0,0.00017229108,0.015624065,0
2.716666666666667,-0.0279446222195841,0,0.00022023078,0.01753603,0
2.719444444444445,-0.0003057743610958,0,0.00021430601,0.01731276,0
2.7222222222222223,-0.0002325558135411,0,0.0002665508,0.019179981,0
2.725,-0.0303267271492928,0,0.0006467036,0.029012175,0
2.727777777777778,-0.0040898011453337,0,0.0010933242,0.036992542,0
2.730555555555556,0.0033174427393418,0,0.0011618619,0.038043324,0
2.7333333333333334,-0.0023666137035698,0,0.009347228,0.097135395,0
2.736111111111111,0.0010360525879051,0,0.090782456,0.24944499,0
2.738888888888889,-0.030355976855528,0,0.12783091,0.28535274,0
2.7416666666666667,-0.0058639983361912,0,0.12898982,0.28636333,0
2.7444444444444445,-0.0180324655099743,0,0.1763606,0.32369724,0
2.7472222222222222,-0.0250899683955494,0,0.2991601,0.39963222,0
2.75,-0.0114690448757922,0,0.34084463,0.42181784,0
2.7527777777777778,-0.011897439918487,0,0.65368927,0.5753536,0
2.7555555555555555,-0.0198466831162238,0,0.9761979,0.85514927,0
2.7583333333333333,-0.0424260131682593,0,0.9953976,0.9289372,0
2.761111111111111,-0.0804877528918965,0,0.9951267,0.92710245,0
2.763888888888889,-0.0888589777510052,0,0.9962555,0.9352037,0
2.7666666666666666,-0.0924584097269709,0,0.99911064,0.9663702,0
2.7694444444444444,-0.1010709278725698,0,0.9994241,0.97250974,0
2.772222222222222,-0.082802350635227,0,0.9991159,0.9664626,0
2.775,-0.0311464683061922,0,0.99903333,0.96504915,0
2.7777777777777777,0.0247882726820318,0,0.99945694,0.97325045,0
2.7805555555555554,0.1138825302518985,0,0.99955267,0.9755627,0
2.783333333333333,0.2456057319900718,0,0.9993204,0.9703104,0
2.786111111111111,0.4089194683238881,0,0.99935097,0.97093946,0
2.7888888888888888,0.5550506442730478,0,0.9996624,0.97857606,0
2.7916666666666665,0.7069184753211984,0,0.99971884,0.98033434,1
2.7944444444444443,0.8313273434109267,0,0.9995808,0.97629124,0
2.797222222222222,0.8908546594351644,1,0.9995425,0.97530246,0
2.8,0.9270908706875745,0,0.99971205,0.9801118,0
2.8027777777777776,0.8810400465623384,0,0.9997054,0.9798975,0
2.805555555555556,0.7619420662479891,0,0.99948823,0.97398233,0
2.808333333333333,0.6655854717641593,0,0.9994363,0.9727824,0
2.811111111111111,0.4760250169900487,0,0.99966395,0.9786221,0
2.813888888888889,0.2932409517091158,0,0.9996705,0.9788166,0
2.816666666666667,0.1484106088959662,0,0.99945337,0.97317,0
2.8194444444444446,0.0181972004059974,0,0.99939454,0.97186416,0
2.8222222222222224,-0.0664284899033959,0,0.99959403,0.9766442,0
2.825,-0.1407950746037055,0,0.99953544,0.9751281,0
2.827777777777778,-0.1823736195421569,0,0.9990735,0.96572983,0
2.830555555555556,-0.1845294897518562,0,0.99875367,0.9607079,0
2.833333333333333,-0.1867795974689928,0,0.99933726,0.97065556,0
2.8361111111111112,-0.1724007562747994,0,0.99923897,0.96871036,0
2.838888888888889,-0.1485124691041267,0,0.9987936,0.9612921,0
2.841666666666667,-0.1193191153434822,0,0.9980934,0.9522616,0
2.844444444444445,-0.1335861780206724,0,0.9986082,0.9586625,0
2.8472222222222223,-0.0824939289367168,0,0.99799514,0.951154,0
2.85,-0.0877341991250177,0,0.99600226,0.9332742,0
2.852777777777778,-0.0360171217085329,0,0.9899193,0.8996188,0
2.855555555555556,-0.0217239868205097,0,0.98401296,0.87757486,0
2.8583333333333334,0.0056744125292485,0,0.9238507,0.7673204,0
2.861111111111111,0.0167055168365807,0,0.595061,0.54587805,0
2.863888888888889,0.0086683258824346,0,0.21929905,0.3527309,0
2.8666666666666667,0.0032559632762296,0,0.010699687,0.10301108,0
2.8694444444444445,0.0220617041900612,0,0.0024908255,0.05391005,0
2.8722222222222222,0.010169200845084,0,0.0006667904,0.02942725,0
2.875,0.0209463399925261,0,0.0005795405,0.027570415,0
2.8777777777777778,0.0384232608130806,0,0.0007330184,0.030749153,0
2.8805555555555555,0.0178544320524527,0,0.0007393449,0.030871939,0
2.8833333333333333,0.0409128350974742,0,0.00031063688,0.020606546,0
2.886111111111111,0.0416688497247773,0,0.00025874074,0.018914271,0
2.888888888888889,0.0199739376318295,0,0.0003643729,0.022204218,0
2.8916666666666666,0.0518204982343711,0,0.00043052548,0.024004247,0
2.8944444444444444,0.050747427740477,0,0.00026787634,0.019224655,0
2.897222222222222,0.0450028278303639,0,0.00030649983,0.02047754,0
2.9,0.0353971626973502,0,0.0005205532,0.026226657,0
2.9027777777777777,0.0374584046744911,0,0.0004640615,0.024859296,0
2.9055555555555554,0.0459547771246611,0,0.00024022108,0.018266369,0
2.908333333333333,0.0659921944525328,0,0.00028372533,0.019749869,0
2.911111111111111,0.0475137779091136,0,0.0004545947,0.024621435,0
2.9138888888888888,0.0725674142150747,0,0.0004564412,0.024668043,0
2.9166666666666665,0.0516964503963723,0,0.00027144767,0.01934444,0
2.9194444444444443,0.0717404436271593,0,0.00030664567,0.020482102,0
2.922222222222222,0.081084022601796,0,0.00045036213,0.024514213,0
2.925,0.120911067225108,0,0.000479175,0.025233625,0
2.9277777777777776,0.0685232878023908,0,0.00027454548,0.01944765,0
2.930555555555556,0.1163626400992456,0,0.00035022383,0.021796675,0
2.933333333333333,0.1017755869894634,0,0.00050008006,0.025740925,0
2.936111111111111,0.1110820550679429,0,0.0005623941,0.027187847,0
2.938888888888889,0.1122112950582853,0,0.00047744543,0.025191115,0
2.941666666666667,0.122756932347559,0,0.00044385288,0.024348244,0
2.9444444444444446,0.119551534120937,0,0.00024563985,0.01845865,0
2.9472222222222224,0.1495508361155922,0,0.0002677155,0.019219238,0
2.95,0.1268796409184104,0,0.00020304562,0.016879085,0
2.952777777777778,0.1567902657116666,0,0.00021763444,0.017438592,0
2.955555555555556,0.1363039716802197,0,0.0002540539,0.018752733,0
2.958333333333333,0.1512996364501259,0,0.0002651552,0.01913281,0
2.9611111111111112,0.1424168858771077,0,0.00029017276,0.019958973,0
2.963888888888889,0.1716606219761275,0,0.00033632183,0.02138746,0
2.966666666666667,0.1928835098962699,0,0.00035573525,0.02195647,0
2.969444444444445,0.1764357883406126,0,0.0003350076,0.021348301,0
2.9722222222222223,0.1810356654549313,0,0.0003294679,0.021182328,0
2.975,0.1736504400228094,0,0.00032863911,0.021157367,0
2.977777777777778,0.193283103596865,0,0.00029740646,0.020190623,0
2.980555555555556,0.1791391445929671,0,0.00031684263,0.02079833,0
2.9833333333333334,0.1955855757686362,0,0.00024767028,0.018530102,0
2.986111111111111,0.218850416595884,0,0.00023459682,0.01806431,0
2.988888888888889,0.2413087583925859,0,0.00022614504,0.017755698,0
2.9916666666666667,0.2696244403655686,0,0.00022138158,0.017579015,0
2.9944444444444445,0.2245206770794866,0,0.00019675007,0.016630964,0
2.9972222222222222,0.2605352981542058,0,0.00018592627,0.016194202,0
3.0,0.2481844160427264,0,0.00017233101,0.015625771,0
3.0027777777777778,0.2476007646769099,0,0.00017663107,0.015808083,0
3.0055555555555555,0.2615020812748692,0,0.00017460842,0.015722625,0
3.0083333333333333,0.260871626076985,0,0.00017365157,0.015682017,0
3.011111111111111,0.2662987173255515,0,0.0001667402,0.015385041,0
3.013888888888889,0.2629725842707691,0,0.00017720397,0.01583219,0
3.0166666666666666,0.2523209783656793,0,0.0001830776,0.01607699,0
3.0194444444444444,0.2540595875345212,0,0.00019849757,0.016700264,0
3.022222222222222,0.2906471357616198,0,0.0002027535,0.016867664,0
3.025,0.2800333358455801,0,0.00021825288,0.017461853,0
3.0277777777777777,0.2782674190748876,0,0.00021884634,0.017484153,0
3.0305555555555554,0.2900404615540358,0,0.00022064842,0.017551646,0
3.033333333333333,0.3042109292184977,0,0.00020674372,0.017022906,0
3.036111111111111,0.2970282714749379,0,0.00021006027,0.017150717,0
3.0388888888888888,0.2861726774290766,0,0.00020839192,0.017086558,0
3.0416666666666665,0.3157476409697707,0,0.00021431215,0.017312996,0
3.0444444444444443,0.322025308685096,0,0.00022620846,0.017758036,0
3.047222222222222,0.3063814398265754,0,0.00029039913,0.01996627,0
3.05,0.3138329320446962,0,0.0003144302,0.020724023,0
3.0527777777777776,0.3177609383357865,0,0.00030154033,0.020321632,0
3.055555555555556,0.315625907753888,0,0.00024746967,0.01852306,0
3.058333333333333,0.3070700598274219,0,0.00024090087,0.018290618,0
3.061111111111111,0.3056624516705647,0,0.00022851497,0.017842853,0
3.063888888888889,0.3029598647419178,0,0.0002209166,0.017561665,0
3.066666666666667,0.276837398916647,0,0.00020756379,0.01705461,0
3.0694444444444446,0.3016025884813514,0,0.00022422966,0.0176849,0
3.0722222222222224,0.2682187180071473,0,0.00019759551,0.016664531,0
3.075,0.2737802921647639,0,0.00018537186,0.016171465,0
3.077777777777778,0.3020856129747951,0,0.00020354688,0.016898656,0
3.080555555555556,0.2916691210684222,0,0.00026637857,0.019174164,0
3.083333333333333,0.2976235753350772,0,0.00028454073,0.019776456,0
3.0861111111111112,0.2672105095202307,0,0.00026389695,0.019090164,0
3.088888888888889,0.2497150944879162,0,0.00024929334,0.018586997,0
3.091666666666667,0.2588603000089134,0,0.00024852183,0.018559983,0
3.094444444444445,0.2592354730603705,0,0.00022109425,0.017568296,0
3.0972222222222223,0.2539139307777038,0,0.00019537436,0.016576184,0
3.1,0.2645606549285304,0,0.0001827581,0.016063787,0
3.102777777777778,0.2367816684146524,0,0.00017380794,0.015688656,0
3.105555555555556,0.2419624164280851,0,0.00017575193,0.015771002,0
3.1083333333333334,0.2161867352664748,0,0.00018079333,0.01598229,0
3.111111111111111,0.2319755009005911,0,0.00023046038,0.01791403,0
3.113888888888889,0.2193596440053219,0,0.00029928974,0.020250427,0
3.1166666666666667,0.202063031318451,0,0.00037073117,0.022384569,0
3.1194444444444445,0.2036920824157398,0,0.00039608273,0.023087429,0
3.1222222222222222,0.1983251777938441,0,0.0003929368,0.023001567,0
3.125,0.1908494171853128,0,0.0003917341,0.022968644,0
3.1277777777777778,0.215257716265631,0,0.00043334445,0.024077484,0
3.1305555555555555,0.1809845478583274,0,0.00046580235,0.024902752,0
3.1333333333333333,0.1725796041715553,0,0.0004125131,0.023529971,0
3.136111111111111,0.1385710989358892,0,0.00035615682,0.021968637,0
3.138888888888889,0.1504468314352139,0,0.00031553648,0.020758133,0
3.1416666666666666,0.1537867944948529,0,0.00029415818,0.020086985,0
3.1444444444444444,0.141376873121282,0,0.00027142308,0.01934362,0
3.147222222222222,0.1663930829474925,0,0.00025529444,0.018795643,0
3.15,0.1372787297524748,0,0.00025837074,0.018901568,0
3.1527777777777777,0.1532580262441912,0,0.00026022887,0.018965228,0
3.1555555555555554,0.1291386697257708,0,0.00026226332,0.019034646,0
3.158333333333333,0.1231655623651075,0,0.00025891844,0.01892036,0
3.161111111111111,0.1157898795927469,0,0.00030049085,0.020288464,0
3.1638888888888888,0.1118216104202376,0,0.0003085154,0.020540508,0
3.1666666666666665,0.132324306966105,0,0.0003627726,0.022158565,0
3.1694444444444443,0.0666667282406486,0,0.00042314816,0.023811327,0
3.172222222222222,0.0665021312362551,0,0.00045680444,0.024677195,0
3.175,0.0835924606481995,0,0.00042215196,0.023785137,0
3.1777777777777776,0.0873265272356211,0,0.00038884266,0.02288926,0
3.180555555555556,0.092985512943186,0,0.00036709313,0.02228159,0
3.183333333333333,0.0854145095732871,0,0.00040031428,0.023202343,0
3.186111111111111,0.0683991738002175,0,0.00042506366,0.02386159,0
3.188888888888889,0.0854544263410542,0,0.00043106446,0.024018267,0
3.191666666666667,0.0817890857653013,0,0.00038503594,0.02278426,0
3.1944444444444446,0.0654255296010992,0,0.000382847,0.022723628,0
3.1972222222222224,0.0735932614723352,0,0.0004429251,0.024324479,0
3.2,0.0598906389009704,0,0.00048476888,0.025370533,0
3.202777777777778,0.0441832317685825,0,0.00046355533,0.024846647,0
3.205555555555556,0.0600318998607137,0,0.00046390673,0.024855431,0
3.208333333333333,0.0483349718451374,0,0.00046220713,0.02481291,0
3.2111111111111112,0.0439559077912009,0,0.0004541462,0.0246101,0
3.213888888888889,0.0634356883857545,0,0.00046202517,0.02480836,0
3.216666666666667,0.0021257689608956,0,0.0004900409,0.025498781,0
3.219444444444445,0.0153090530621538,0,0.00047275933,0.025075521,0
3.2222222222222223,0.016587620376219,0,0.00049216195,0.025550166,0
3.225,0.0268937467437578,0,0.00050632434,0.025890203,0
3.227777777777778,0.0265977109294291,0,0.00048187867,0.025299901,0
3.230555555555556,0.006001789527739,0,0.00044789576,0.02445148,0
3.2333333333333334,0.0121451916015886,0,0.00043149124,0.024029365,0
3.236111111111111,0.0124321996572653,0,0.00039157228,0.022964207,0
3.238888888888889,0.0607351220597459,0,0.00034728504,0.021710915,0
3.2416666666666667,0.0495307914150375,0,0.0003236524,0.021006461,0
3.2444444444444445,0.0150565973150741,0,0.00032465215,0.021036811,0
3.2472222222222222,0.0145998866203466,0,0.0003271533,0.02111253,0
3.25,0.0017243960702767,0,0.00033513346,0.021352058,0
3.2527777777777778,-0.0106671836121539,0,0.00030491868,0.020427987,0
3.2555555555555555,0.0152729438212221,0,0.0003174065,0.020815657,0
3.2583333333333333,0.0012044596406195,0,0.00033919167,0.021472676,0
3.261111111111111,0.0141160659849524,0,0.0003811994,0.022677867,0
3.263888888888889,-0.009331292692541,0,0.00037338922,0.022459464,0
3.2666666666666666,0.0025875604473868,0,0.00034757983,0.021719534,0
3.2694444444444444,0.0156505387160958,0,0.00031949067,0.02087955,0
3.272222222222222,0.0183731076451541,0,0.0002959052,0.020142794,0
3.275,0.0186522010113355,0,0.0002775442,0.019546969,0
3.2777777777777777,-0.0078591291744982,0,0.00027589183,0.019492319,0
3.2805555555555554,0.0243712520591499,0,0.00025789597,0.01888527,0
3.283333333333333,-0.000807869832724,0,0.00026662147,0.019182364,0
3.286111111111111,0.0203711469555379,0,0.00028393857,0.019756822,0
3.2888888888888888,0.0104375085999432,0,0.00030280536,0.02036153,0
3.2916666666666665,-0.0102967216844891,0,0.00030401303,0.020399535,0
3.2944444444444443,0.0053888188647579,0,0.00032185725,0.020951826,0
3.297222222222222,0.0154232691412625,0,0.0003235213,0.02100248,0
3.3,0.0189744403503225,0,0.00032718672,0.021113537,0
3.3027777777777776,0.0075263247080203,0,0.0003149483,0.020740006,0
3.305555555555556,0.0325010971276587,0,0.00032773797,0.021130193,0
3.308333333333333,0.0245406098412158,0,0.0003525777,0.021865092,0
3.311111111111111,0.0055002335210355,0,0.00038834053,0.022875441,0
3.313888888888889,0.0205409471368669,0,0.00037652964,0.022547575,0
3.316666666666667,0.0382506012508319,0,0.00036291222,0.022162553,0
3.3194444444444446,0.0386196840890332,0,0.0003435552,0.0216015,0
3.3222222222222224,-0.0092259963939736,0,0.0003512036,0.021825187,0
3.325,-0.0047107084438746,0,0.00033886993,0.021463139,0
3.327777777777778,0.0314649753230741,0,0.0003136272,0.020699216,0
3.330555555555556,-0.0066694938159669,0,0.0003136538,0.020700043,0
3.333333333333333,-0.010611159363614,0,0.00034689906,0.02169962,0
3.3361111111111112,0.0019641477025416,0,0.0003584163,0.022033716,0
3.338888888888889,0.0155976578523689,0,0.0003817906,0.0226943,0
3.341666666666667,0.0078018943033186,0,0.0003953682,0.023067964,0
3.344444444444445,-0.0003712759889681,0,0.00036028592,0.022087399,0
3.3472222222222223,-0.000671517248346,0,0.0003184953,0.020849066,0
3.35,-0.0011842722272624,0,0.0003003886,0.020285228,0
3.352777777777778,-0.0036286105581288,0,0.00030997358,0.020585924,0
3.355555555555556,0.0438554715048716,0,0.00035457645,0.021922987,0
3.3583333333333334,0.0141638828840462,0,0.0003477928,0.021725763,0
3.361111111111111,0.0230757728291464,0,0.00033609814,0.0213808,0
3.363888888888889,0.0025139996081288,0,0.00035636555,0.021974657,0
3.3666666666666667,0.0071388952554483,0,0.0003552894,0.021943592,0
3.3694444444444445,-0.0006949372732579,0,0.00033695184,0.0214062,0
3.3722222222222222,-0.0296853213910881,0,0.0003330625,0.021290194,0
3.375,-0.0104963147967831,0,0.00032930024,0.021177275,0
3.3777777777777778,-0.0169005378518678,0,0.00032869456,0.021159034,0
3.3805555555555555,-0.0234018709389912,0,0.0003080216,0.020525107,0
3.3833333333333333,-0.0074982833623097,0,0.0002947949,0.020107344,0
3.386111111111111,0.0303945879090234,0,0.00027248618,0.019379111,0
3.388888888888889,0.0099426771027979,0,0.00026377747,0.01908611,0
3.3916666666666666,0.0300573524021514,0,0.0002656319,0.019148936,0
3.3944444444444444,0.0169539280282899,0,0.00027580454,0.01948942,0
3.397222222222222,0.0226184027530825,0,0.00029211325,0.020021418,0
3.4,-0.0025421329317215,0,0.00032712804,0.021111771,0
3.4027777777777777,0.0189223040976562,0,0.00034154518,0.021542268,0
3.4055555555555554,0.0220858455508268,0,0.00034073053,0.02151821,0
3.408333333333333,0.0025978612716044,0,0.00034077305,0.021519465,0
3.411111111111111,0.0197334480025177,0,0.00034723853,0.021709554,0
3.4138888888888888,0.0199262675175237,0,0.00032975417,0.02119094,0
3.4166666666666665,0.0032836308843568,0,0.00031065967,0.020607254,0
3.4194444444444443,-0.0052207299040766,0,0.00029129646,0.019995168,0
3.422222222222222,-0.0060467693414579,0,0.0002848298,0.019785872,0
3.425,0.0131076905811039,0,0.00026605494,0.019163236,0
3.4277777777777776,0.016810952803389,0,0.00026574463,0.019152744,0
3.430555555555556,0.0001145654350536,0,0.00028258233,0.01971253,0
3.433333333333333,0.0124991019327994,0,0.00028894673,0.01991941,0
3.436111111111111,0.0207578165539213,0,0.00027302394,0.019397033,0
3.438888888888889,0.0215740779474283,0,0.00027236436,0.019375047,0
3.441666666666667,0.035683457453279,0,0.00029208485,0.020020515,0
3.4444444444444446,0.0316672974147941,0,0.00032463757,0.021036375,0
3.4472222222222224,-0.0023952851132473,0,0.00033966624,0.021486726,0
3.45,0.0379946408667137,0,0.000368765,0.022328978,0
3.452777777777778,0.0048995541698786,0,0.00040712557,0.023385936,0
3.455555555555556,0.0286688620759087,0,0.00046994715,0.025005847,0
3.458333333333333,0.0141573105075371,0,0.0004653286,0.024890939,0
3.4611111111111112,0.0071095349392313,0,0.00041875194,0.023695499,0
3.463888888888889,-0.013654089604871,0,0.0003596773,0.022069938,0
3.466666666666667,0.0110761186327982,0,0.0003093613,0.020566871,0
3.469444444444445,-0.0095304138746305,0,0.000287974,0.01988795,0
3.4722222222222223,0.0286076324371448,0,0.00027816987,0.01956762,0
3.475,0.0371201525027137,0,0.00031951387,0.020880254,0
3.477777777777778,0.0027230534785502,0,0.00036172022,0.022128478,0
3.480555555555556,0.0195599393206316,0,0.00033817702,0.021442588,0
3.4833333333333334,0.0045561298289644,0,0.00034008504,0.021499122,0
3.486111111111111,0.0064780163863401,0,0.00034177367,0.021549013,0
3.488888888888889,0.0280623102958958,0,0.00037032057,0.02237297,0
3.4916666666666667,0.0164883625380655,0,0.00038432213,0.022764508,0
3.4944444444444445,0.0438762268694933,0,0.00037757674,0.022576863,0
3.4972222222222222,0.0113690969292801,0,0.00037941226,0.022628106,0
3.5,0.0345330272756155,0,0.00042214955,0.023785071,0
3.5027777777777778,0.0220779245226127,0,0.0004572131,0.024687495,0
3.5055555555555555,0.0337750520007807,0,0.00043479705,0.024115123,0
3.5083333333333333,0.0165155170377016,0,0.0004319334,0.024040857,0
3.511111111111111,0.0240418653435233,0,0.0004122501,0.023522962,0
3.513888888888889,0.0248078256940381,0,0.00039621507,0.023091037,0
3.5166666666666666,0.0159614999508098,0,0.00038116908,0.02267702,0
3.5194444444444444,0.0406159843252062,0,0.00036507,0.022224078,0
3.522222222222222,0.0428532833943074,0,0.0003840425,0.022756767,0
3.525,0.0446602655196314,0,0.00040539636,0.023339482,0
3.5277777777777777,0.0617193905286951,0,0.00038022388,0.02265072,0
3.5305555555555554,0.0635687975364553,0,0.0003592335,0.0220572,0
3.533333333333333,0.0396258887576859,0,0.0003718731,0.022416778,0
3.536111111111111,0.054523241781126,0,0.00040320313,0.02328042,0
3.5388888888888888,0.0435009271795048,0,0.00041624065,0.023629028,0
3.5416666666666665,0.0573724410815145,0,0.0004290166,0.023964936,0
3.5444444444444443,0.0524175349122656,0,0.00043696564,0.024171188,0
3.547222222222222,0.0903107566621806,0,0.00043490212,0.024117844,0
3.55,0.0762399855804194,0,0.00036634938,0.022260465,0
3.5527777777777776,0.0724372618087539,0,0.0003256711,0.0210677,0
3.555555555555556,0.0986480220040395,0,0.0003431837,0.021590564,0
3.558333333333333,0.053293170786604,0,0.00035690714,0.021990273,0
3.561111111111111,0.0607775730748856,0,0.00036533675,0.022231674,0
3.563888888888889,0.1080431291643689,0,0.00039862058,0.023156429,0
3.566666666666667,0.1020573442874589,0,0.00045388783,0.024603564,0
3.5694444444444446,0.1098264570193522,0,0.00048962166,0.025488611,0
3.5722222222222224,0.0909129534959009,0,0.0004834844,0.02533917,0
3.575,0.114963896063928,0,0.00049045467,0.025508817,0
3.577777777777778,0.1495783596165146,0,0.00045481988,0.024627127,0
3.580555555555556,0.1357591329070729,0,0.0004352406,0.0241266,0
3.583333333333333,0.1294195227898639,0,0.0004021956,0.023253225,0
3.5861111111111112,0.1233275819098177,0,0.00040585827,0.023351902,0
3.588888888888889,0.1265553301807759,0,0.00041362192,0.023559486,0
3.591666666666667,0.1025829394942379,0,0.0004117168,0.023508744,0
3.594444444444445,0.139891140970407,0,0.00038016113,0.02264897,0
3.5972222222222223,0.1496526976241413,0,0.00039150435,0.022962349,0
3.6,0.1137059564246737,0,0.00041396747,0.02356868,0
3.602777777777778,0.1272104955989028,0,0.00041074495,0.023482809,0
3.605555555555556,0.1189871567310272,0,0.000389652,0.02291151,0
3.608333333333333,0.1205245162252034,0,0.00039748795,0.023125663,0
3.611111111111111,0.1339212952532479,0,0.00041220788,0.023521839,0
3.613888888888889,0.0994537602100039,0,0.00043183274,0.024038238,0
3.6166666666666663,0.1370556155007583,0,0.00041738042,0.023659224,0
3.619444444444445,0.135832805411887,0,0.0004015363,0.02323541,0
3.6222222222222222,0.1170491968881639,0,0.00040000296,0.023193913,0
3.625,0.0795529339671464,0,0.00038565547,0.02280139,0
3.6277777777777778,0.0974748805900242,0,0.00037505777,0.022506326,0
3.630555555555556,0.12633662035937,0,0.00038082094,0.022667332,0
3.633333333333333,0.0614147516227668,0,0.00037799953,0.022588681,0
3.636111111111111,0.0929880183510754,0,0.0004007104,0.023213068,0
3.638888888888889,0.0755453422193567,0,0.00039462716,0.023047747,0
3.6416666666666666,0.100338067476548,0,0.00041099582,0.02348951,0
3.644444444444445,0.0731949597877312,0,0.00038050016,0.022658408,0
3.647222222222222,0.0845056934006037,0,0.00039142242,0.0229601,0
3.65,0.0821658059496115,0,0.0003780801,0.022590928,0
3.6527777777777777,0.0966131210426609,0,0.00033973617,0.021488795,0
3.655555555555555,0.0615902677306292,0,0.0002454633,0.018452419,0
3.658333333333333,0.0660439311853303,0,0.0001385238,0.014098282,0
3.661111111111111,0.0341207414953149,0,8.998266e-05,0.011500629,0
3.6638888888888888,0.0704857300095125,0,0.00011834828,0.01308949,0
3.6666666666666665,0.0377048859457333,0,0.00016649299,0.015374296,0
3.669444444444444,0.0374401258729175,0,0.00020896435,0.017108604,0
3.672222222222222,0.0425143265223249,0,0.00017120826,0.015577766,0
3.675,0.0166571246272036,0,0.00015033243,0.014652451,0
3.6777777777777776,0.0410348452412622,0,0.0001453522,0.014421681,0
3.6805555555555554,0.0498608138170344,0,0.00017206436,0.015614386,0
3.683333333333333,0.0377207627985981,0,0.0001470039,0.01449868,0
3.686111111111111,0.0076916346484035,0,0.00012932748,0.013648943,0
3.688888888888889,0.0280733637394854,0,0.00014090956,0.0142122265,0
3.691666666666667,0.0396591420362073,0,0.00014147784,0.014239215,0
3.6944444444444446,-0.0008649117708795,0,0.00012948667,0.013656867,0
3.6972222222222224,0.0101226621923458,0,0.00010335007,0.012278363,0
3.7,0.0384796825443231,0,0.00011184639,0.012745026,0
3.702777777777778,0.0286039570668348,0,0.00017460875,0.01572264,0
3.705555555555556,0.0300727523423572,0,0.0001444158,0.014377822,0
3.7083333333333335,0.051232655603585,0,0.000117977,0.013070101,0
3.7111111111111112,0.0299095383221881,0,0.00011584078,0.012957872,0
3.713888888888889,0.0323729324289777,0,0.00014945884,0.014612271,0
3.716666666666667,0.0628606457740656,0,0.00018861715,0.016304031,0
3.719444444444445,0.0187482420710988,0,0.0002153363,0.017351825,0
3.7222222222222223,0.0097928942376911,0,0.00027340034,0.019409576,0
3.725,0.0280202898866353,0,0.0007358908,0.03080497,0
3.727777777777778,0.0280464239055671,0,0.0012428671,0.039241698,0
3.730555555555556,0.0133999325850784,0,0.0014184017,0.041696846,0
3.733333333333333,0.0055711208621058,0,0.006756787,0.0842565,0
3.736111111111111,0.0552651397216303,0,0.07806868,0.23498996,0
3.738888888888889,0.0246926472265454,0,0.08766501,0.24602671,0
3.7416666666666663,0.0072879819355363,0,0.08019211,0.23750386,0
3.744444444444445,0.0293667109822316,0,0.120885246,0.27917358,0
3.7472222222222222,0.0096538282542184,0,0.23385464,0.3618519,0
3.75,0.0008358498015567,0,0.3746194,0.43905532,0
3.7527777777777778,0.0035204472699534,0,0.7019514,0.60097635,0
3.755555555555556,-0.0369519633325181,0,0.9706825,0.8420053,0
3.758333333333333,-0.0276554947610157,0,0.99511707,0.92703795,0
3.761111111111111,-0.0209303355343184,0,0.9922808,0.9106617,0
3.763888888888889,-0.0579270489623294,0,0.9934761,0.91703665,0
3.7666666666666666,-0.0803617551767524,0,0.9984907,0.9570983,0
3.769444444444445,-0.0812417557186069,0,0.999171,0.96744585,0
3.772222222222222,-0.0616551230455676,0,0.9987355,0.9604449,0
3.775,-0.0180389185623403,0,0.998626,0.9589077,0
3.7777777777777777,0.0492923251407513,0,0.99925834,0.969084,0
3.780555555555555,0.1678561670544789,0,0.9994665,0.973471,0
3.783333333333333,0.2551212290211746,0,0.9993001,0.9699045,0
3.786111111111111,0.4416433531060028,0,0.9992269,0.9684836,0
3.7888888888888888,0.5786181140733782,0,0.9994562,0.97323596,0
3.7916666666666665,0.7367814617339844,0,0.9995352,0.9751215,0
3.794444444444444,0.8336866321738597,0,0.99929833,0.96986884,0
3.797222222222222,0.9457245444091564,0,0.9991584,0.9672192,0
3.8,0.9637510945532616,1,0.9994454,0.97298867,0
3.8027777777777776,0.9190714358399934,0,0.99957556,0.97615516,1
3.8055555555555554,0.7870629832689543,0,0.9993488,0.97089493,0
3.808333333333333,0.685706753386155,0,0.999231,0.96855867,0
3.811111111111111,0.5189261699107801,0,0.9994784,0.97374684,0
3.813888888888889,0.3233027094042537,0,0.9995278,0.97493833,0
3.816666666666667,0.1930325634668129,0,0.99917406,0.9675025,0
3.8194444444444446,0.0682871407598845,0,0.99887854,0.9625727,0
3.8222222222222224,-0.0295691066529099,0,0.99918646,0.96772975,0
3.825,-0.1047338119691568,0,0.99922884,0.96851856,0
3.827777777777778,-0.1436652313508309,0,0.99850404,0.95727247,0
3.830555555555556,-0.1424414358289203,0,0.99800855,0.95130396,0
3.8333333333333335,-0.1442167094069747,0,0.99887365,0.96249646,0
3.8361111111111112,-0.190886569271274,0,0.9987016,0.9599614,0
3.838888888888889,-0.1301714031085954,0,0.99724483,0.94357026,0
3.841666666666667,-0.1017923654562418,0,0.99592376,0.93269074,0
3.844444444444445,-0.0990222345985765,0,0.9968946,0.940436,0
3.8472222222222223,-0.0464017782900421,0,0.99403507,0.9202571,0
3.85,-0.0071010188046639,0,0.97945076,0.8638238,0
3.852777777777778,-0.0236729211230738,0,0.92418265,0.7677237,0
3.855555555555556,0.0125592168620535,0,0.9027995,0.7437458,0
3.858333333333333,0.0054049721381175,0,0.6443253,0.5705449,0
3.861111111111111,0.0179455408206693,0,0.3265732,0.41435143,0
3.863888888888889,0.0569022729690188,0,0.04813964,0.19360277,0
3.8666666666666663,0.0317182525122312,0,0.0058536227,0.07908062,0
3.869444444444445,0.0507924116115163,0,0.0016995447,0.045297343,0
3.8722222222222222,0.0190734514870286,0,0.00054165657,0.026716528,0
3.875,0.077933697063507,0,0.00041137624,0.023499664,0
3.8777777777777778,0.0616797780743577,0,0.00049272145,0.025563696,0
3.880555555555556,0.0524684771581739,0,0.0005492915,0.026891183,0
3.883333333333333,0.0664211491696663,0,0.00028690085,0.01985318,0
3.886111111111111,0.0392952838998508,0,0.00020529582,0.01696676,0
3.888888888888889,0.0809420994344237,0,0.00028180238,0.019687,0
3.8916666666666666,0.0612333430298438,0,0.0003484051,0.021743646,0
3.894444444444445,0.0660607512948746,0,0.00022991629,0.017894158,0
3.897222222222222,0.064922928592836,0,0.00019400474,0.016521433,0
3.9,0.0669161579620873,0,0.0003207062,0.020916706,0
3.9027777777777777,0.0895296896000324,0,0.00030369987,0.02038969,0
3.905555555555555,0.0865898055602399,0,0.00020318972,0.016884713,0
3.908333333333333,0.0963284693797534,0,0.00020459312,0.016939439,0
3.911111111111111,0.0903818193957353,0,0.00033165218,0.021247953,0
3.9138888888888888,0.1023340590635928,0,0.0003329961,0.02128821,0
3.9166666666666665,0.0926362639257786,0,0.0002675586,0.019213954,0
3.919444444444444,0.1368076761053532,0,0.00025717705,0.018860547,0
3.922222222222222,0.0844437252207055,0,0.00034013658,0.021500645,0
3.925,0.1316338347285067,0,0.00032099648,0.02092557,0
3.9277777777777776,0.1381487152262157,0,0.00020819808,0.017079087,0
3.9305555555555554,0.1099076785475719,0,0.00021285242,0.01725748,0
3.933333333333333,0.1613343902406945,0,0.00029310054,0.020053111,0
3.936111111111111,0.1481730010605775,0,0.000288119,0.01989264,0
3.938888888888889,0.1532873070526832,0,0.00027985187,0.019623006,0
3.941666666666667,0.1447476243388384,0,0.00026360777,0.019080356,0
3.9444444444444446,0.1467959373869897,0,0.00015097858,0.014682088,0
3.9472222222222224,0.1527518704074281,0,0.00016682417,0.01538869,0
3.95,0.167692130526487,0,0.00018001822,0.015950019,0
3.952777777777778,0.1888856935989095,0,0.00018259959,0.01605723,0
3.955555555555556,0.1767031787565205,0,0.00020813994,0.017076846,0
3.9583333333333335,0.1664977283573205,0,0.00022592608,0.017747616,0
3.9611111111111112,0.1987798282004961,0,0.00027728154,0.019538289,0
3.963888888888889,0.2065199041304021,0,0.0003184847,0.02084874,0
3.966666666666667,0.2088433191551305,0,0.00031812236,0.020837627,0
3.969444444444445,0.2165440006769389,0,0.0002759529,0.019494338,0
3.9722222222222223,0.2076381480059537,0,0.00027896586,0.019593852,0
3.975,0.2040948628104566,0,0.00030167753,0.02032596,0
3.977777777777778,0.2113056396998744,0,0.0003329882,0.021287974,0
3.980555555555556,0.2060503557813585,0,0.00031887603,0.020860732,0
3.983333333333333,0.2403285766592452,0,0.00029346824,0.020064892,0
3.986111111111111,0.2416360109178972,0,0.0002766177,0.019516347,0
3.988888888888889,0.242305536748624,0,0.0002608399,0.018986104,0
3.9916666666666663,0.2104756237404749,0,0.00025011762,0.01861581,0
3.994444444444445,0.2418743197584195,0,0.00024615167,0.018476687,0
3.9972222222222222,0.2830231982391332,0,0.00022624836,0.017759506,0
4.0,0.2617028615674805,0,0.00021162248,0.017210541,0
4.002777777777778,0.2823609746462331,0,0.00019463118,0.016546503,0
4.005555555555556,0.2611731693011527,0,0.00019425705,0.016531533,0
4.008333333333334,0.3084805837311491,0,0.00019193372,0.01643825,0
4.011111111111111,0.289375497430006,0,0.0001821584,0.016038964,0
4.013888888888889,0.3002765001013307,0,0.0001759253,0.015778324,0
4.016666666666667,0.3349419890347997,0,0.00018408464,0.016118536,0
4.019444444444445,0.3266567689181468,0,0.00018574695,0.016186848,0
4.022222222222222,0.3028788910744565,0,0.00019670019,0.016628984,0
4.025,0.3018463380850869,0,0.00020095242,0.016797053,0
4.027777777777778,0.3088174532305364,0,0.00021326279,0.017273104,0
4.030555555555556,0.3239834819582873,0,0.00022046524,0.017544799,0
4.033333333333333,0.3170601545076222,0,0.00023789506,0.018183114,0
4.036111111111111,0.3146743477690229,0,0.00024739534,0.018520443,0
4.038888888888889,0.3442292326185081,0,0.00025967392,0.01894624,0
4.041666666666667,0.3217751154189681,0,0.00024586477,0.01846658,0
4.044444444444444,0.3588925762872336,0,0.00024212987,0.01833436,0
4.047222222222223,0.3263108324192584,0,0.00024848868,0.018558819,0
4.05,0.3519189449306671,0,0.00025410284,0.018754428,0
4.052777777777778,0.3303263023647727,0,0.00025815726,0.01889424,0
4.055555555555555,0.3388767814480865,0,0.00026883863,0.019257013,0
4.058333333333334,0.3126695445478998,0,0.00026327092,0.019068912,0
4.061111111111111,0.309482382117775,0,0.00025966973,0.018946098,0
4.063888888888889,0.3275826612836207,0,0.0002515405,0.018665444,0
4.066666666666666,0.3335676767659553,0,0.00024736207,0.018519282,0
4.069444444444445,0.3170565099755724,0,0.00024655985,0.018491065,0
4.072222222222222,0.2945391670480168,0,0.00024530562,0.018446859,0
4.075,0.2904919791772894,0,0.00022053506,0.017547404,0
4.0777777777777775,0.2862383078396533,0,0.00021097998,0.01718597,0
4.080555555555556,0.277580567218675,0,0.00022978346,0.017889298,0
4.083333333333333,0.3018990442733682,0,0.00026294484,0.019057827,0
4.086111111111111,0.3130197509609038,0,0.00025829955,0.01889913,0
4.088888888888889,0.291569584636827,0,0.00029009834,0.019956576,0
4.091666666666667,0.2532453840852713,0,0.00033919848,0.021472875,0
4.094444444444444,0.2794403251850632,0,0.0003699952,0.022363782,0
4.097222222222222,0.2747950546504047,0,0.00036635878,0.022260731,0
4.1,0.3034138119490608,0,0.00036980305,0.022358341,0
4.102777777777778,0.2446717169804071,0,0.0003232962,0.020995637,0
4.105555555555555,0.2550587109611684,0,0.00025962837,0.01894468,0
4.108333333333333,0.2807490622535598,0,0.00021736282,0.017428359,0
4.111111111111111,0.2560229417156787,0,0.00022556576,0.01773432,0
4.113888888888889,0.2517218758261326,0,0.00021617766,0.017383644,0
4.116666666666666,0.2388940471597019,0,0.000215575,0.01736086,0
4.1194444444444445,0.2359488588953731,0,0.00022736593,0.017800651,0
4.122222222222222,0.2364265245833613,0,0.00024213402,0.018334514,0
4.125,0.2063376549859887,0,0.00023954954,0.018242382,0
4.127777777777778,0.2253395757433721,0,0.00024401495,0.018401233,0
4.130555555555556,0.1852494440921234,0,0.00027445858,0.019444764,0
4.133333333333334,0.2044482296167927,0,0.00032765802,0.02112778,0
4.136111111111111,0.1958993179240856,0,0.00034421452,0.021620888,0
4.138888888888889,0.177700827292597,0,0.00039939448,0.023177417,0
4.141666666666667,0.1803771086540023,0,0.00040063728,0.023211088,0
4.144444444444445,0.1652095337785142,0,0.00035464947,0.021925095,0
4.147222222222222,0.1523726762768701,0,0.00032440928,0.021029446,0
4.15,0.1571263327720968,0,0.00030581508,0.020456092,0
4.152777777777778,0.1399455995437849,0,0.00028474483,0.019783098,0
4.155555555555556,0.1555247191262709,0,0.0002746426,0.019450877,0
4.158333333333333,0.1277203937248492,0,0.00027990554,0.019624766,0
4.161111111111111,0.1500601740143751,0,0.00030956927,0.02057334,0
4.163888888888889,0.116194623410532,0,0.00034701894,0.021703133,0
4.166666666666667,0.1200928434977141,0,0.00040891673,0.023433937,0
4.169444444444444,0.1140287607073554,0,0.00047518846,0.025135519,0
4.172222222222223,0.1382307760169419,0,0.00055583747,0.027039874,0
4.175,0.118413265370539,0,0.0005623405,0.027186645,0
4.177777777777778,0.1055414336345578,0,0.0005131148,0.026051408,0
4.180555555555555,0.1116128144736306,0,0.00052773155,0.02639449,0
4.183333333333334,0.0680969461667089,0,0.00056323304,0.027206713,0
4.186111111111111,0.0947903536404555,0,0.00055841816,0.027098231,0
4.188888888888889,0.1212931584298399,0,0.0005137422,0.026066244,0
4.191666666666666,0.0893695244739182,0,0.0005327668,0.026511464,0
4.194444444444445,0.0846173495988045,0,0.00056670635,0.027284658,0
4.197222222222222,0.0881944546460814,0,0.0005616053,0.027170094,0
4.2,0.0899386371274231,0,0.00052300264,0.026284061,0
4.2027777777777775,0.043230872067235,0,0.0005385526,0.026645135,0
4.205555555555556,0.0448002743956821,0,0.000589851,0.027797485,0
4.208333333333333,0.070183133083628,0,0.00057324226,0.02743062,0
4.211111111111111,0.0534474530752758,0,0.0005049372,0.025857134,0
4.213888888888889,0.0811376992418946,0,0.0004902462,0.025503758,0
4.216666666666667,0.0541576590953796,0,0.00051833683,0.026174577,0
4.219444444444444,0.0274326147262173,0,0.0005109098,0.02599919,0
4.222222222222222,0.0351289149077625,0,0.00043821434,0.024203397,0
4.225,0.010731503564065,0,0.0004293695,0.023974134,0
4.227777777777778,0.0464168352429219,0,0.00047478863,0.025125658,0
4.230555555555555,0.0451750546578881,0,0.00047153514,0.025045222,0
4.233333333333333,0.0398213845063311,0,0.00041659636,0.023638457,0
4.236111111111111,0.0606697606742145,0,0.0003600054,0.022079354,0
4.238888888888889,0.0608686653216233,0,0.0003311113,0.021231726,0
4.241666666666666,0.038840672669973,0,0.00030720927,0.020499732,0
4.2444444444444445,0.0079783762478385,0,0.00030291567,0.020365003,0
4.247222222222222,0.0479522876168566,0,0.0003039197,0.020396603,0
4.25,0.045805155323949,0,0.0003389024,0.021464102,0
4.252777777777778,0.0409801959186661,0,0.00038483852,0.022778802,0
4.255555555555556,0.0500045358436113,0,0.0003595059,0.02206502,0
4.258333333333334,0.0168270467638208,0,0.00034273672,0.021577403,0
4.261111111111111,0.0635178153877542,0,0.0003584057,0.02203341,0
4.263888888888889,0.0181478705409789,0,0.00035543286,0.021947734,0
4.266666666666667,0.0429922469154505,0,0.00030261025,0.020355387,0
4.269444444444445,0.0057162825775885,0,0.00027512325,0.019466834,0
4.272222222222222,0.0163994086474027,0,0.00030015156,0.020277726,0
4.275,0.0524765291630136,0,0.00033772754,0.02142925,0
4.277777777777778,0.0252424650621752,0,0.00032468993,0.021037957,0
4.280555555555556,0.0412238608911868,0,0.00030129147,0.020313779,0
4.283333333333333,0.0316894144253109,0,0.00032076827,0.020918597,0
4.286111111111111,0.0261088330283628,0,0.00038826148,0.02287326,0
4.288888888888889,0.0477243503066696,0,0.00042200874,0.023781365,0
4.291666666666667,0.0233327285958752,0,0.00045012636,0.024508223,0
4.294444444444444,-0.0001823160594792,0,0.0004921683,0.025550324,0
4.297222222222223,0.0141540747468463,0,0.00049786345,0.0256877,0
4.3,0.0341700353020999,0,0.00039930025,0.023174863,0
4.302777777777778,0.0315577643172868,0,0.0003605759,0.022095712,0
4.305555555555555,0.0018637612117646,0,0.0003985539,0.02315462,0
4.308333333333334,0.0142687237719635,0,0.00040610635,0.023358565,0
4.311111111111111,0.016190289491299,0,0.00035572573,0.021956194,0
4.313888888888889,0.0192327544219043,0,0.00033168474,0.02124893,0
4.316666666666666,0.0038897538504894,0,0.00034130446,0.021535162,0
4.319444444444445,0.0149301575861803,0,0.00034601783,0.021673815,0
4.322222222222222,0.0132661778909726,0,0.00030316788,0.020372948,0
4.325,0.0356191222037835,0,0.0002769529,0.019527428,0
4.3277777777777775,0.0360438312442969,0,0.00029408917,0.020084774,0
4.330555555555556,0.0215898510914232,0,0.00030641892,0.020475006,0
4.333333333333333,0.0177746034165168,0,0.00029754345,0.020194978,0
4.336111111111111,0.0256396162819252,0,0.00029457718,0.020100392,0
4.338888888888889,0.0111842680602701,0,0.00031669918,0.020793922,0
4.341666666666667,0.0061284467607798,0,0.00032956403,0.021185223,0
4.344444444444444,0.0091308928238088,0,0.0003247295,0.021039166,0
4.347222222222222,0.013619962158473,0,0.00030766477,0.020513963,0
4.35,0.0056021355758744,0,0.00033493192,0.02134604,0
4.352777777777778,0.0254008704351224,0,0.00034792477,0.02172962,0
4.355555555555555,0.033834660294343,0,0.0003438085,0.021608949,0
4.358333333333333,-0.000995783984507,0,0.00034844194,0.02174472,0
4.361111111111111,0.0231118453642726,0,0.0003638961,0.022190632,0
4.363888888888889,0.019362237368836,0,0.0003698048,0.022358393,0
4.366666666666666,0.0277121082863859,0,0.00034729118,0.021711092,0
4.3694444444444445,0.0223251823123321,0,0.00033333947,0.021298485,0
4.372222222222222,0.0006464074412174,0,0.0003415626,0.021542784,0
4.375,0.0034468262888561,0,0.00034931986,0.02177034,0
4.377777777777778,0.0227572365688086,0,0.00034260866,0.021573631,0
4.380555555555556,0.0376815940366209,0,0.0003312654,0.021236349,0
4.383333333333334,-0.0110283021278578,0,0.0003276102,0.021126334,0
4.386111111111111,0.0273055340423434,0,0.00034821362,0.021738058,0
4.388888888888889,0.0398994745577717,0,0.0003473236,0.021712042,0
4.391666666666667,0.0196955457470653,0,0.0003185673,0.020851268,0
4.394444444444445,0.0301799526804842,0,0.0002991611,0.020246346,0
4.397222222222222,0.0113169769035442,0,0.00029705281,0.02017937,0
4.4,0.0200086716585548,0,0.00029921587,0.020248087,0
4.402777777777778,-0.0025783833381457,0,0.00029620185,0.020152263,0
4.405555555555556,-0.0134937097339089,0,0.00029447358,0.020097079,0
4.408333333333333,0.0357489890352263,0,0.00029952356,0.020257838,0
4.411111111111111,0.0067685728268127,0,0.00031448563,0.020725736,0
4.413888888888889,0.0146465142613185,0,0.0003078998,0.0205213,0
4.416666666666667,0.0006187014012167,0,0.00030606153,0.020463815,0
4.419444444444444,0.0002017120917537,0,0.00032357342,0.021004064,0
4.422222222222223,0.0186797132753909,0,0.00034325814,0.021592755,0
4.425,0.0102798549605428,0,0.00034128595,0.021534614,0
4.427777777777778,0.0268296818277909,0,0.00032666646,0.021097822,0
4.430555555555555,0.0278853765119356,0,0.00031817818,0.020839345,0
4.433333333333334,0.0258480818830569,0,0.00030887386,0.020551685,0
4.436111111111111,0.0245535933003896,0,0.00028725172,0.019864555,0
4.438888888888889,0.0445820070134904,0,0.00027133306,0.019340606,0
4.441666666666666,0.0048447075923045,0,0.00028183515,0.019688077,0
4.444444444444445,0.0199806619058195,0,0.00031698614,0.020802746,0
4.447222222222222,0.037744929128436,0,0.00034545534,0.021657323,0
4.45,0.0396774940355692,0,0.00036556143,0.022238065,0
4.4527777777777775,-0.0006559875684271,0,0.00039508732,0.023060301,0
4.455555555555556,0.0159540867799709,0,0.0004214216,0.023765916,0
4.458333333333333,0.040990030270861,0,0.00043809632,0.024200357,0
4.461111111111111,0.02823039453573,0,0.00042977877,0.023984797,0
4.463888888888889,0.0235441504726967,0,0.00041380417,0.023564333,0
4.466666666666667,0.0173742510273156,0,0.00036637764,0.02226127,0
4.469444444444444,0.0149290377476006,0,0.00032652044,0.021093402,0
4.472222222222222,0.0250826214043978,0,0.00030074996,0.020296656,0
4.475,0.0170790140066469,0,0.0002888641,0.019916741,0
4.477777777777778,0.0203692753731844,0,0.00030869574,0.020546135,0
4.480555555555555,0.0223751741076819,0,0.000332198,0.021264313,0
4.483333333333333,0.0112660342320834,0,0.0003325047,0.021273503,0
4.486111111111111,0.0297213362054631,0,0.00033394035,0.021316445,0
4.488888888888889,0.065826390466932,0,0.00036029945,0.022087788,0
4.491666666666666,-0.0040870859895641,0,0.00038227078,0.022707636,0
4.4944444444444445,0.0279761451680562,0,0.000357803,0.022016073,0
4.497222222222222,0.0123670899917159,0,0.00034234472,0.021565847,0
4.5,0.0332040209512869,0,0.00035022583,0.021796737,0
4.502777777777778,0.026147469292804,0,0.00036166696,0.022126954,0
4.505555555555556,0.0379307167113081,0,0.00036269965,0.022156486,0
4.508333333333334,0.0453518731378313,0,0.00033591874,0.021375455,0
4.511111111111111,0.0319995910329773,0,0.00035028544,0.02179847,0
4.513888888888889,0.0476805122197549,0,0.00035887051,0.022046773,0
4.516666666666667,-0.0026715367200757,0,0.0003556779,0.021954814,0
4.519444444444445,0.0583630446210754,0,0.00035457726,0.021923011,0
4.522222222222222,0.0423776755800506,0,0.0003575687,0.022009328,0
4.525,0.0554072633708597,0,0.00034565365,0.021663139,0
4.527777777777778,0.0236796917322955,0,0.0003455123,0.021658994,0
4.530555555555556,0.032510039526632,0,0.0003379403,0.021435566,0
4.533333333333333,0.0504119261086195,0,0.00034443015,0.021627227,0
4.536111111111111,0.05147430643929,0,0.00033849938,0.021452155,0
4.538888888888889,0.0597328086435469,0,0.00033508427,0.021350589,0
4.541666666666667,0.075750909462572,0,0.00034336615,0.021595934,0
4.544444444444444,0.0372255794383757,0,0.00035631546,0.021973213,0
4.547222222222223,0.0827359453743947,0,0.00033844987,0.021450683,0
4.55,0.0728563664911928,0,0.0003110411,0.020619098,0
4.552777777777778,0.0744270846107183,0,0.00030678837,0.02048657,0
4.555555555555555,0.0602814445805552,0,0.00032402473,0.021017775,0
4.558333333333334,0.09483070865397,0,0.00033472473,0.021339865,0
4.561111111111111,0.0560380536682378,0,0.00033999182,0.021496361,0
4.563888888888889,0.1069198419674785,0,0.00034864596,0.021750681,0
4.566666666666666,0.0796847803836238,0,0.00037301797,0.02244902,0
4.569444444444445,0.1076151988810412,0,0.00037055858,0.022379696,0
4.572222222222222,0.1095923015109602,0,0.0003932403,0.023009866,0
4.575,0.1332536429205076,0,0.00041910916,0.023704933,0
4.5777777777777775,0.1170711530713369,0,0.00043261246,0.02405849,0
4.580555555555556,0.1130362832992582,0,0.0004256725,0.023877542,0
4.583333333333333,0.1191539406385487,0,0.00040777252,0.023403285,0
4.586111111111111,0.148712398920117,0,0.00040143591,0.023232691,0
4.588888888888889,0.1400507362967161,0,0.00040487247,0.023325391,0
4.591666666666667,0.1280952951046085,0,0.00040073026,0.023213603,0
4.594444444444444,0.1316650443846064,0,0.0003961743,0.023089927,0
4.597222222222222,0.1124742651534819,0,0.0003825205,0.022714568,0
4.6,0.1420049944254362,0,0.00039932103,0.02317543,0
4.602777777777778,0.1093982177155401,0,0.00040680278,0.023377271,0
4.605555555555555,0.1461157561462638,0,0.0003990461,0.023167973,0
4.608333333333333,0.1352496835359584,0,0.000396213,0.02309098,0
4.611111111111111,0.1670647344965127,0,0.00040686427,0.023378925,0
4.613888888888889,0.1121848802613416,0,0.00041253906,0.023530662,0
4.616666666666666,0.1240944108406984,0,0.0004090325,0.023437032,0
4.6194444444444445,0.1491176729151455,0,0.0003922865,0.022983765,0
4.622222222222222,0.1361304902610875,0,0.00036896896,0.022334754,0
4.625,0.1035897644980595,0,0.00034622324,0.021679837,0
4.627777777777778,0.1128754752117992,0,0.00034666018,0.021692632,0
4.630555555555556,0.1047932567449818,0,0.00035627437,0.021972029,0
4.633333333333334,0.1040595058845898,0,0.00035388884,0.021903086,0
4.636111111111111,0.0842914524198958,0,0.00034932085,0.02177037,0
4.638888888888889,0.0883015897177609,0,0.00038043887,0.022656707,0
4.641666666666667,0.0605199913274694,0,0.00039267202,0.022994319,0
4.644444444444445,0.0813949813558403,0,0.0003705844,0.022380417,0
4.647222222222222,0.0810683292226114,0,0.00032649434,0.021092614,0
4.65,0.0659694037060938,0,0.00032582702,0.021072421,0
4.652777777777778,0.0403659128611076,0,0.00027856082,0.019580502,0
4.655555555555556,0.0748094581387752,0,0.00019504549,0.016563052,0
4.658333333333333,0.0610433627164312,0,0.00012396314,0.013378913,0
4.661111111111111,0.0405037092368951,0,8.738134e-05,0.011342263,0
4.663888888888889,0.0432430293731241,0,0.000108913846,0.012586163,0
4.666666666666667,0.0212501462784793,0,0.00014488629,0.01439988,0
4.669444444444444,0.0249431305129132,0,0.0001937114,0.016509686,0
4.672222222222223,0.0290789137527972,0,0.00015522847,0.014875355,0
4.675,0.0526499645296306,0,0.00013712184,0.014030837,0
4.677777777777778,0.0219592588056575,0,0.00012762903,0.013564106,0
4.680555555555555,0.0387258267474836,0,0.00014621796,0.014462098,0
4.683333333333334,0.0188511414197917,0,0.00012896222,0.01363075,0
4.686111111111111,0.028668811691567,0,0.0001244231,0.013402308,0
4.688888888888889,0.0210594908687449,0,0.00015687972,0.014949685,0
4.691666666666666,0.0346999514035401,0,0.00016629072,0.015365499,0
4.694444444444445,0.0121836754622082,0,0.0001280326,0.01358432,0
4.697222222222222,-0.0046172507297314,0,8.5853324e-05,0.011248061,0
4.7,-0.0028455240111048,0,8.953544e-05,0.011473578,0
4.7027777777777775,0.0089522806809965,0,0.0001581437,0.0150062945,0
4.705555555555556,-0.0026389919978428,0,0.00015236114,0.014745278,0
4.708333333333333,0.0215230355969426,0,0.00013337396,0.013848694,0
4.711111111111111,0.0077503251175153,0,0.00012828753,0.013597067,0
4.713888888888889,0.0498053813402259,0,0.00016057321,0.0151144285,0
4.716666666666667,-0.0123584199305195,0,0.00019968324,0.016747087,0
4.719444444444444,0.016343909650433,0,0.00020256432,0.016860263,0
4.722222222222222,-0.0039976880145108,0,0.00025164845,0.018669201,0
4.725,0.0051892749308031,0,0.0006712669,0.029518811,0
4.727777777777778,0.0143963951586469,0,0.0011542669,0.03792861,0
4.730555555555555,-0.0229396504709385,0,0.0011376902,0.03767677,0
4.733333333333333,0.0150765599415424,0,0.0066835918,0.08385286,0
4.736111111111111,0.0394551405827737,0,0.06333482,0.21620499,0
4.738888888888889,0.0031095716776751,0,0.07321772,0.22907789,0
4.741666666666666,0.012117764334319,0,0.068885006,0.22358109,0
4.7444444444444445,0.0207773402486011,0,0.13867034,0.29459473,0
4.747222222222222,-0.0015650176439907,0,0.36836943,0.43590593,0
4.75,-0.0146543801220525,0,0.48051655,0.4906815,0
4.752777777777778,-0.0497909132135279,0,0.76962674,0.64030164,0
4.755555555555556,-0.0188721022638736,0,0.9862562,0.88524157,0
4.758333333333334,-0.0457275103494906,0,0.9973621,0.9446703,0
4.761111111111111,-0.0760716750911556,0,0.9952669,0.9280439,0
4.763888888888889,-0.0744490272569114,0,0.99543947,0.9292259,0
4.766666666666667,-0.0950733688087324,0,0.99847513,0.9568961,0
4.769444444444445,-0.0933323010316151,0,0.9990965,0.9661247,0
4.772222222222222,-0.0583473436924387,0,0.9988016,0.96140987,0
4.775,-0.0464176649354898,0,0.99883467,0.96190435,0
4.777777777777778,0.058386136080212,0,0.9993131,0.9701647,0
4.780555555555556,0.1206928220566299,0,0.99955124,0.97552794,0
4.783333333333333,0.2585553048497093,0,0.9994765,0.97370464,0
4.786111111111111,0.4447640574903008,0,0.9994116,0.97223353,0
4.788888888888889,0.5882605124563787,0,0.9995363,0.97514814,0
4.791666666666667,0.7194585703365757,0,0.9995701,0.9760103,1
4.794444444444444,0.8231814736157667,0,0.9993118,0.97013676,0
4.797222222222223,0.9043849089778784,0,0.999164,0.96731967,0
4.8,0.9325257873440072,1,0.9994361,0.9727779,0
4.802777777777778,0.8914319238843562,0,0.99952614,0.9748959,0
4.805555555555555,0.7944443905566657,0,0.9992489,0.9689031,0
4.808333333333334,0.6586624980364577,0,0.99912876,0.9666902,0
4.811111111111111,0.4953249153910418,0,0.99939644,0.97190464,0
4.813888888888889,0.3112717012014445,0,0.999435,0.97275335,0
4.816666666666666,0.1710016330564833,0,0.99904114,0.965181,0
4.819444444444445,0.061723684674564,0,0.9988913,0.9627683,0
4.822222222222222,-0.0734168502029952,0,0.9991885,0.96776575,0
4.825,-0.1253841919764449,0,0.9990013,0.96452004,0
4.8277777777777775,-0.1756443871891316,0,0.9980599,0.9518814,0
4.830555555555556,-0.1783556922735955,0,0.9979304,0.9504428,0
4.833333333333333,-0.1840827372025542,0,0.9988016,0.9614109,0
4.836111111111111,-0.1415312494960813,0,0.9982849,0.9545134,0
4.838888888888889,-0.1337875792732991,0,0.996558,0.93761075,0
4.841666666666667,-0.1351409414227067,0,0.99523985,0.9278615,0
4.844444444444444,-0.0789781172061903,0,0.99578685,0.93168765,0
4.847222222222222,-0.0759042618427784,0,0.9889473,0.8955303,0
4.85,-0.0511211558462488,0,0.96575403,0.831529,0
4.852777777777778,-0.019464490060813,0,0.8964889,0.7373233,0
4.855555555555555,-0.0168236057153562,0,0.8512491,0.69719887,0
4.858333333333333,0.0154116658250725,0,0.50846595,0.50404775,0
4.861111111111111,-0.0008794930661251,0,0.33136427,0.41687167,0
4.863888888888889,0.0080088745145874,0,0.040008333,0.1795661,0
4.866666666666666,0.0124008680373647,0,0.005575437,0.077392325,0
4.8694444444444445,0.0176029059071053,0,0.001534403,0.04322702,0
4.872222222222222,0.0456966589236244,0,0.0005583354,0.027096359,0
4.875,0.0413370925107512,0,0.00047819468,0.025209544,0
4.877777777777778,0.0600348741595815,0,0.0005732515,0.027430825,0
4.880555555555556,0.0708062315353214,0,0.0005765917,0.027505068,0
4.883333333333334,0.0237530254225719,0,0.00028526896,0.019800162,0
4.886111111111111,0.0427652971030544,0,0.00021720577,0.01742244,0
4.888888888888889,0.0266685479397251,0,0.00032820794,0.021144371,0
4.891666666666667,0.0353777979553936,0,0.00037409045,0.02247917,0
4.894444444444445,0.0404610689610957,0,0.00025010592,0.018615412,0
4.897222222222222,0.0370730794824266,0,0.00022731499,0.017798785,0
4.9,0.0403227778984389,0,0.0003689459,0.022334104,0
4.902777777777778,0.0572634361969771,0,0.0003132289,0.0206869,0
4.905555555555556,0.0446618109017098,0,0.00021650999,0.0173962,0
4.908333333333333,0.0791892525929068,0,0.0002479115,0.018538576,0
4.911111111111111,0.0565966620497377,0,0.00039587286,0.023081716,0
4.913888888888889,0.1164733582733841,0,0.00034657857,0.021690238,0
4.916666666666667,0.0716869427891572,0,0.00025296817,0.018715084,0
4.919444444444444,0.0838260505756272,0,0.00024637915,0.018484706,0
4.922222222222223,0.0677624486509447,0,0.0003553573,0.021945558,0
4.925,0.1173872623142553,0,0.00034834078,0.021741774,0
4.927777777777778,0.1133453836122865,0,0.00024275326,0.018356508,0
4.930555555555555,0.1059136643627785,0,0.00026463924,0.01911534,0
4.933333333333334,0.0863106502071368,0,0.00034999402,0.021789987,0
4.936111111111111,0.1148660340805048,0,0.0003255497,0.02106402,0
4.938888888888889,0.1002125712262964,0,0.00035691517,0.021990506,0
4.941666666666666,0.1444253195103199,0,0.00026860804,0.019249268,0
4.944444444444445,0.1402042910643369,0,0.00016344243,0.015241012,0
4.947222222222222,0.1351864313013148,0,0.00020727962,0.017043632,0
4.95,0.1030006474399265,0,0.00022434918,0.017689323,0
4.9527777777777775,0.1306795078234015,0,0.00023861746,0.01820902,0
4.955555555555556,0.1617139410456966,0,0.00026445612,0.019109126,0
4.958333333333333,0.1756283845375489,0,0.00026927242,0.01927158,0
4.961111111111111,0.1801688850677498,0,0.00028135406,0.01967231,0
4.963888888888889,0.1457930179692547,0,0.00029531503,0.02012397,0
4.966666666666667,0.1803704245536384,0,0.00027806326,0.0195641,0
4.969444444444444,0.1972715958603315,0,0.0002840848,0.019761598,0
4.972222222222222,0.1633585209023543,0,0.00029033492,0.019964207,0
4.975,0.1942972519042707,0,0.0003140587,0.02071255,0
4.977777777777778,0.2046774362370947,0,0.00031556145,0.020758908,0
4.980555555555555,0.2021677434063586,0,0.000265477,0.019143693,0
4.983333333333333,0.1849449885490224,0,0.00022366937,0.017664127,0
4.986111111111111,0.2138120176469735,0,0.00022178318,0.017593991,0
4.988888888888889,0.2196627155926044,0,0.00022596486,0.017749045,0
4.991666666666666,0.2281134870574412,0,0.0002211482,0.017570313,0
4.9944444444444445,0.2275149277425421,0,0.00020310932,0.01688157,0
4.997222222222222,0.2348071056033787,0,0.00016696024,0.015394602,0
5.0,0.246177674484395,0,0.00016014799,0.015095566,0
5.002777777777778,0.2585497928032092,0,0.00016068885,0.015119555,0
5.005555555555556,0.2522883237912567,0,0.00016532314,0.01532334,0
5.008333333333334,0.2554374891761623,0,0.00016621653,0.015362275,0
5.011111111111111,0.267464942251782,0,0.00018625274,0.016207568,0
5.013888888888889,0.2415179266900355,0,0.00017586828,0.015775919,0
5.016666666666667,0.2814792006052807,0,0.00015889463,0.01503981,0
5.019444444444445,0.2780332743351584,0,0.00015051874,0.014661003,0
5.022222222222222,0.2820680689170993,0,0.00016026439,0.015100737,0
5.025,0.2990152523951594,0,0.0001770501,0.01582572,0
5.027777777777778,0.2581328713740821,0,0.00018530489,0.01616872,0
5.030555555555556,0.2603174314300939,0,0.00019185871,0.016435228,0
5.033333333333333,0.2962015407124013,0,0.0002187099,0.017479025,0
5.036111111111111,0.293818842428111,0,0.00024099372,0.018293923,0
5.038888888888889,0.2979639592329485,0,0.00024711742,0.018510679,0
5.041666666666667,0.2896139454932115,0,0.00024983232,0.018605849,0
5.044444444444444,0.3072900236596781,0,0.0002946676,0.020103281,0
5.047222222222223,0.3117342438564625,0,0.00031864716,0.020853717,0
5.05,0.3050634605521213,0,0.0002907335,0.019977048,0
5.052777777777778,0.2935888359349488,0,0.00025549193,0.01880246,0
5.055555555555555,0.2652225867533671,0,0.00027756268,0.019547578,0
5.058333333333334,0.3073542228301039,0,0.00030776448,0.02051707,0
5.061111111111111,0.31276369970168,0,0.00029403006,0.020082884,0
5.063888888888889,0.3023770958818122,0,0.000267557,0.019213906,0
5.066666666666666,0.2774396600028777,0,0.0002456382,0.018458586,0
5.069444444444445,0.2983283926281279,0,0.00022760019,0.017809266,0
5.072222222222222,0.2983863518034805,0,0.00021881377,0.017482923,0
5.075,0.3057965945396907,0,0.00022702885,0.017788252,0
5.0777777777777775,0.2658979937634876,0,0.00025268205,0.018705148,0
5.080555555555556,0.2719688004006117,0,0.00029618462,0.02015171,0
5.083333333333333,0.2826136386235267,0,0.00029358242,0.02006855,0
5.086111111111111,0.2680307564192604,0,0.0002760313,0.019496934,0
5.088888888888889,0.2459147886635891,0,0.00029138784,0.019998098,0
5.091666666666667,0.2641537510864481,0,0.00033524944,0.021355515,0
5.094444444444444,0.2616442333956601,0,0.00033892773,0.02146485,0
5.097222222222222,0.2490993938287228,0,0.00028184,0.019688234,0
5.1,0.2456915111402912,0,0.00025931123,0.018933818,0
5.102777777777778,0.2329537644033796,0,0.00026954006,0.019280568,0
5.105555555555555,0.2532809551515994,0,0.00028468104,0.019781027,0
5.108333333333333,0.211721785571634,0,0.00030169822,0.02032662,0
5.111111111111111,0.2104180260505299,0,0.0003093524,0.020566592,0
5.113888888888889,0.2132758855110247,0,0.00028613707,0.019828381,0
5.116666666666666,0.2200835469736216,0,0.00026818863,0.019235166,0
5.1194444444444445,0.1781487808566757,0,0.0002697547,0.019287767,0
5.122222222222222,0.1746040064545295,0,0.00033132447,0.021238118,0
5.125,0.1572971915971409,0,0.00036478858,0.022216065,0
5.127777777777778,0.1819300811807931,0,0.00035000202,0.02179022,0
5.130555555555556,0.1582293400697803,0,0.00034114523,0.021530464,0
5.133333333333334,0.1628030775351339,0,0.00036089867,0.022104956,0
5.136111111111111,0.1720773785791495,0,0.000360489,0.02209322,0
5.138888888888889,0.1461511730300169,0,0.00035252632,0.021863598,0
5.141666666666667,0.1529070041372445,0,0.0003632538,0.022172302,0
5.144444444444445,0.1386699599872557,0,0.0004362042,0.024151519,0
5.147222222222222,0.1470350236032393,0,0.0004653801,0.02489222,0
5.15,0.1379560242877335,0,0.0004194361,0.023713563,0
5.152777777777778,0.1144191290833418,0,0.0003639459,0.022192048,0
5.155555555555556,0.1163405646166759,0,0.00031098028,0.020617208,0
5.158333333333333,0.1287110142130762,0,0.00029125868,0.019993953,0
5.161111111111111,0.113260690052757,0,0.00030305056,0.020369254,0
5.163888888888889,0.0808389587602719,0,0.0003332737,0.021296514,0
5.166666666666667,0.1061959136288245,0,0.00038124743,0.022679197,0
5.169444444444444,0.0748015594188422,0,0.00040085576,0.023217004,0
5.172222222222223,0.1071134483926269,0,0.00042778967,0.023932908,0
5.175,0.0962925879750748,0,0.00042460524,0.023849571,0
5.177777777777778,0.0804386682193256,0,0.0004084364,0.023421073,0
5.180555555555555,0.0737649640862273,0,0.00038894443,0.02289206,0
5.183333333333334,0.0637460488829424,0,0.0004012744,0.023228329,0
5.186111111111111,0.0726949231003023,0,0.00044197,0.02429999,0
5.188888888888889,0.0527522393979717,0,0.0004889274,0.025471758,0
5.191666666666666,0.0578058583700706,0,0.0004987355,0.025708655,0
5.194444444444445,0.0634709282365439,0,0.00049348245,0.025582092,0
5.197222222222222,0.0382447312568696,0,0.00048914953,0.025477149,0
5.2,0.0338677726789284,0,0.0005010159,0.025763365,0
5.2027777777777775,0.0217910679610424,0,0.00052394345,0.026306072,0
5.205555555555556,0.0204901006046147,0,0.00053037604,0.026455995,0
5.208333333333333,0.0059339691989524,0,0.0005726833,0.027418172,0
5.211111111111111,0.0413590584316653,0,0.00056912185,0.027338708,0
5.213888888888889,0.0547427308548968,0,0.00055265246,0.026967645,0
5.216666666666667,0.0463283486179217,0,0.00054850435,0.026873238,0
5.219444444444444,-0.0019653227723929,0,0.0005410082,0.026701638,0
5.222222222222222,0.0309103263274244,0,0.00053782435,0.026628356,0
5.225,0.0391104223641896,0,0.00051756075,0.026156316,0
5.227777777777778,0.0087933416934157,0,0.00048829935,0.025456501,0
5.230555555555555,0.0151546824534099,0,0.0004454731,0.02438968,0
5.233333333333333,-0.0183817411034242,0,0.00037526165,0.022512047,0
5.236111111111111,0.0139529182011295,0,0.00031272758,0.020671388,0
5.238888888888889,-0.0076794582467988,0,0.0003263835,0.021089267,0
5.241666666666666,0.0096926639902226,0,0.00039410687,0.023033548,0
5.2444444444444445,-0.0181982504492274,0,0.00044188366,0.024297776,0
5.247222222222222,0.0119771266328152,0,0.00046042353,0.024768205,0
5.25,0.0179046155732292,0,0.00045421656,0.02461188,0
5.252777777777778,-0.0104244087429006,0,0.000462883,0.024829833,0
5.255555555555556,-0.0168649278447868,0,0.00045011088,0.02450784,0
5.258333333333334,-0.0332108884330128,0,0.00043441117,0.024105132,0
5.261111111111111,-0.0058554963737203,0,0.00043537398,0.02413005,0
5.263888888888889,-0.0115053497222932,0,0.0004310585,0.02401811,0
5.266666666666667,-0.0269062459334015,0,0.00039497716,0.0230573,0
5.269444444444445,0.0023536127462648,0,0.00035648124,0.021977995,0
5.272222222222222,-0.0119368288558312,0,0.00036055257,0.022095041,0
5.275,-0.0220173521999815,0,0.00039600363,0.023085272,0
5.277777777777778,-0.0148457689366548,0,0.0004091905,0.023441263,0
5.280555555555556,0.0089414407885365,0,0.00037602833,0.022533538,0
5.283333333333333,0.0013568158001491,0,0.0003626326,0.022154568,0
5.286111111111111,-0.0101578474761387,0,0.0003830845,0.022730216,0
5.288888888888889,0.0005950035242008,0,0.00041884577,0.023697972,0
5.291666666666667,-0.0265559043054242,0,0.00044579004,0.024397776,0
5.294444444444444,-0.0090763592834066,0,0.00042656634,0.023900935,0
5.297222222222223,-0.0077431456003653,0,0.00041534528,0.023605278,0
5.3,-0.0173651934395668,0,0.00040669268,0.02337432,0
5.302777777777778,-0.0041261073612129,0,0.00037115556,0.022396546,0
5.305555555555555,-0.0226824366516248,0,0.0003647477,0.022214904,0
5.308333333333334,-0.0036260103483242,0,0.00037449689,0.022490583,0
5.311111111111111,-0.0032739553551794,0,0.0003552704,0.021943046,0
5.313888888888889,-0.0555704604278522,0,0.00034233215,0.02156548,0
5.316666666666666,0.0057961206351877,0,0.00034554937,0.021660084,0
5.319444444444445,-0.0580038954789136,0,0.00037650275,0.02254682,0
5.322222222222222,-0.0217478850275113,0,0.0004012866,0.023228658,0
5.325,0.0026673619447727,0,0.000346312,0.021682436,0
5.3277777777777775,-0.017666910173356,0,0.00031157825,0.020635772,0
5.330555555555556,-0.0350851820842618,0,0.0003116573,0.020638218,0
5.333333333333333,-0.0296741742818603,0,0.00031215214,0.020653563,0
5.336111111111111,0.0019679631704885,0,0.0003159275,0.02077018,0
5.338888888888889,-0.0424182399137075,0,0.00034579638,0.021667322,0
5.341666666666667,0.0031859011953437,0,0.00037589466,0.02252979,0
5.344444444444444,-0.0147226738271764,0,0.0003719027,0.02241761,0
5.347222222222222,-0.031923715569243,0,0.00037509532,0.02250738,0
5.35,-0.022921151284239,0,0.0003959381,0.02308349,0
5.352777777777778,-0.0295649076812125,0,0.00036405015,0.022195024,0
5.355555555555555,-0.0014411962670428,0,0.00033419003,0.021323904,0
5.358333333333333,-0.0035724983955474,0,0.00031030475,0.020596223,0
5.361111111111111,-0.0404673404913806,0,0.0003245667,0.021034226,0
5.363888888888889,-0.0208518020599914,0,0.00033682774,0.021402508,0
5.366666666666666,-0.0278609810101966,0,0.000331735,0.021250436,0
5.3694444444444445,0.0043766378562907,0,0.00032814193,0.02114238,0
5.372222222222222,-0.0353880878439228,0,0.0003482875,0.021740213,0
5.375,0.0088182627629494,0,0.00035317047,0.021882279,0
5.377777777777778,-0.0158513381638207,0,0.00035449633,0.02192067,0
5.380555555555556,-0.0328860137735259,0,0.00033173754,0.021250505,0
5.383333333333334,-0.0257196765864751,0,0.00032854232,0.021154452,0
5.386111111111111,-0.0276870292822517,0,0.0003180047,0.02083402,0
5.388888888888889,-0.0348829377219604,0,0.00029952067,0.020257752,0
5.391666666666667,-0.0144410069604085,0,0.00028769384,0.019878881,0
5.394444444444445,-0.0343808118091749,0,0.00030950908,0.020571465,0
5.397222222222222,-0.0487652353790349,0,0.00032758244,0.021125494,0
5.4,-0.021851609981404,0,0.0003280775,0.021140438,0
5.402777777777778,-0.0432951330184513,0,0.00031900374,0.020864643,0
5.405555555555556,-0.0276296734598979,0,0.00031729788,0.020812318,0
5.408333333333333,-0.0300779405098395,0,0.0003190393,0.020865725,0
5.411111111111111,-0.0296029496329422,0,0.00031702424,0.020803913,0
5.413888888888889,0.013387260624708,0,0.0003074035,0.020505795,0
5.416666666666667,-0.0158726273461633,0,0.0002972021,0.020184116,0
5.419444444444444,-0.0131289364372396,0,0.0002895794,0.019939842,0
5.422222222222223,-0.0435451822560946,0,0.00028736325,0.019868165,0
5.425,-0.0267972516264602,0,0.000281445,0.019675294,0
5.427777777777778,-0.013845594955189,0,0.0002739462,0.01942773,0
5.430555555555555,-0.0325289207133156,0,0.0002592534,0.018931845,0
5.433333333333334,-0.0036241449877186,0,0.00025978015,0.018949874,0
5.436111111111111,-0.0353675307640005,0,0.00027568228,0.019485377,0
5.438888888888889,-0.021702010523655,0,0.00029758373,0.020196257,0
5.441666666666666,-0.026273601792772,0,0.0003115299,0.020634273,0
5.444444444444445,-0.0150904847870712,0,0.0003226481,0.020975916,0
5.447222222222222,-0.0272303859501866,0,0.00033145997,0.02124218,0
5.45,-0.0217483597060986,0,0.0003504815,0.02180418,0
5.4527777777777775,-0.0212816698388726,0,0.0003611334,0.022111678,0
5.455555555555556,-0.0288015145382371,0,0.000365594,0.022238988,0
5.458333333333333,-0.0105445227781505,0,0.00036197167,0.022135671,0
5.461111111111111,-0.0142672358450114,0,0.00039111284,0.022951614,0
5.463888888888889,-0.0191784947678754,0,0.0004076009,0.023398679,0
5.466666666666667,-0.0242931613754805,0,0.0004006663,0.02321187,0
5.469444444444444,-0.0058520086681929,0,0.00039337398,0.023013521,0
5.472222222222222,-0.0212739073790165,0,0.00038961894,0.022910606,0
5.475,-0.0222401662444113,0,0.00036008676,0.022081684,0
5.477777777777778,-0.0159337262762913,0,0.00033543134,0.021360936,0
5.480555555555555,0.0081261689727504,0,0.00032454787,0.02103365,0
5.483333333333333,-0.0371929487093787,0,0.00032313843,0.020990836,0
5.486111111111111,-0.0052424461442867,0,0.0003156872,0.020762777,0
5.488888888888889,-0.0448186184980043,0,0.00029116374,0.019990893,0
5.491666666666666,-0.0127101317134148,0,0.0002853827,0.019803863,0
5.4944444444444445,0.0082029920661907,0,0.00030552596,0.020447034,0
5.497222222222222,-0.0074405974691027,0,0.00030749026,0.020508505,0
5.5,-0.0114386611959017,0,0.00032312336,0.02099037,0
5.502777777777778,-0.0214982014962717,0,0.0003562596,0.021971604,0
5.505555555555556,-0.0115706045451472,0,0.00037482937,0.022499915,0
5.508333333333334,-0.0145986104280218,0,0.00037125853,0.022399446,0
5.511111111111111,-0.0212101466726491,0,0.00036063849,0.022097504,0
5.513888888888889,-0.0121781014759394,0,0.00035924482,0.022057518,0
5.516666666666667,-0.0030560636523956,0,0.00034604123,0.021674499,0
5.519444444444445,-0.0155208206633932,0,0.0003229078,0.020983815,0
5.522222222222222,-0.013854515422069,0,0.00030641627,0.020474916,0
5.525,-0.0196683713376371,0,0.00031820423,0.020840142,0
5.527777777777778,0.0093429741164049,0,0.00034245127,0.021568995,0
5.530555555555556,0.0146652159210081,0,0.0003505711,0.021806784,0
5.533333333333333,0.013221950557609,0,0.00032512634,0.021051198,0
5.536111111111111,0.0277429415807038,0,0.0003087446,0.020547656,0
5.538888888888889,0.018352524954291,0,0.00030077173,0.02029735,0
5.541666666666667,0.0269242014706495,0,0.00029788347,0.020205796,0
5.544444444444444,0.0298363289703053,0,0.00030295868,0.020366363,0
5.547222222222223,0.0283453733734176,0,0.0003103145,0.020596523,0
5.55,0.0263754582243459,0,0.0003166177,0.02079142,0
5.552777777777778,0.0723184850714677,0,0.00032563816,0.021066697,0
5.555555555555555,0.0372089288218626,0,0.00035624308,0.021971127,0
5.558333333333334,0.0389553716403939,0,0.00039404785,0.023031933,0
5.561111111111111,0.0604378163602654,0,0.00038388363,0.022752367,0
5.563888888888889,0.0626700846163748,0,0.0003745231,0.022491315,0
5.566666666666666,0.0427140698728874,0,0.0003917926,0.02297024,0
5.569444444444445,0.0853952167633728,0,0.00041703822,0.023650158,0
5.572222222222222,0.0717316641784343,0,0.0004139732,0.02356883,0
5.575,0.0608352867883796,0,0.00038807222,0.022868052,0
5.5777777777777775,0.099396255734083,0,0.00037717272,0.022565568,0
5.580555555555556,0.0946727360802039,0,0.00035685155,0.02198867,0
5.583333333333333,0.0696507151449215,0,0.00036001691,0.022079684,0
5.586111111111111,0.1181702821571486,0,0.00035760997,0.02201052,0
5.588888888888889,0.1038100369892612,0,0.00037507972,0.022506943,0
5.591666666666667,0.0956779038954438,0,0.0004139403,0.023567958,0
5.594444444444444,0.1210463224371415,0,0.00040945038,0.023448212,0
5.597222222222222,0.1003837787610486,0,0.00036938177,0.022346431,0
5.6,0.0978010077197131,0,0.00034990028,0.021787252,0
5.602777777777778,0.0879681962256689,0,0.00035721099,0.021999026,0
5.605555555555555,0.1056775719594531,0,0.00037244236,0.022432815,0
5.608333333333333,0.1026150604119264,0,0.00036645573,0.022263482,0
5.611111111111111,0.0936618534310645,0,0.00036309994,0.022167912,0
5.613888888888889,0.0790547362431474,0,0.00035971156,0.022070926,0
5.616666666666666,0.0898382177546758,0,0.00034512635,0.02164767,0
5.6194444444444445,0.0833894976966046,0,0.00034400998,0.021614874,0
5.622222222222222,0.0605897308696025,0,0.00033766255,0.021427315,0
5.625,0.0543279204228559,0,0.00034501054,0.021644266,0
5.627777777777778,0.0804062667561255,0,0.00036244077,0.02214908,0
5.630555555555556,0.0281896661684944,0,0.00037327004,0.022456113,0
5.633333333333334,0.06540865169973,0,0.00032898862,0.021167897,0
5.636111111111111,0.0501412185133283,0,0.00028692465,0.01985395,0
5.638888888888889,0.0718502566821984,0,0.00027715045,0.019533956,0
5.641666666666667,0.0397191477498553,0,0.00025339422,0.018729871,0
5.644444444444445,0.0519368933240892,0,0.00022342488,0.017655052,0
5.647222222222222,0.0310877918888499,0,0.00021284146,0.01725706,0
5.65,0.033858249425587,0,0.00025147697,0.018663226,0
5.652777777777778,0.0384642789530287,0,0.0002611806,0.018997733,0
5.655555555555556,0.0159127911518979,0,0.00018995,0.016358124,0
5.658333333333333,0.0334439171016372,0,0.00011690841,0.013014099,0
5.661111111111111,-0.0005400990817692,0,7.709433e-05,0.010689995,0
5.663888888888889,0.0148945540884114,0,0.00010888964,0.012584842,0
5.666666666666667,0.0206764644513365,0,0.00015753704,0.014979156,0
5.669444444444444,0.0133554444964626,0,0.00020138727,0.016814135,0
5.672222222222223,0.0290781362251727,0,0.00014947836,0.014613171,0
5.675,-0.0139869192906799,0,0.00014206184,0.014266885,0
5.677777777777778,-0.0258379139152941,0,0.00014592281,0.014448334,0
5.680555555555555,-0.0224375359764694,0,0.00017317239,0.015661635,0
5.683333333333334,0.0002456003639652,0,0.00014913583,0.014597379,0
5.686111111111111,-0.0041094182581844,0,0.00014668242,0.014483726,0
5.688888888888889,-0.0117536733618683,0,0.00017533031,0.01575319,0
5.691666666666666,-0.0316474358625105,0,0.00017725163,0.015834196,0
5.694444444444445,-0.0046367148618318,0,0.00012653199,0.013508991,0
5.697222222222222,-0.0356830087668763,0,9.536461e-05,0.011820706,0
5.7,-0.0009518499886574,0,9.156748e-05,0.011595914,0
5.7027777777777775,0.0236363627534515,0,0.00014742037,0.014518022,0
5.705555555555556,-0.0144969915873837,0,0.00013766145,0.014056838,0
5.708333333333333,-0.0119083585286614,0,0.00012411253,0.013386518,0
5.711111111111111,-0.0286142161284981,0,0.00012012685,0.013181951,0
5.713888888888889,-0.0488575786484995,0,0.0001522817,0.014741656,0
5.716666666666667,-0.0311558133996174,0,0.00017156501,0.015593035,0
5.719444444444444,-0.0388571657562978,0,0.0001867359,0.016227335,0
5.722222222222222,-0.0444666065673872,0,0.00023085774,0.017928531,0
5.725,0.0028133818840413,0,0.00058514613,0.027694143,0
5.727777777777778,-0.0191726112553896,0,0.0009567988,0.034784473,0
5.730555555555555,-0.017831932730821,0,0.0010355919,0.036078647,0
5.733333333333333,-0.02850602504384,0,0.0053330297,0.07588028,0
5.736111111111111,-0.0270022651341664,0,0.04929479,0.19547008,0
5.738888888888889,-0.0108663715707757,0,0.055067856,0.20440425,0
5.741666666666666,-0.0274344213036913,0,0.055419285,0.2049283,0
5.7444444444444445,-0.0217295048055288,0,0.109332696,0.26838568,0
5.747222222222222,-0.0370618127947461,0,0.31238046,0.4067978,0
5.75,-0.0460100971095524,0,0.45650172,0.47916332,0
5.752777777777778,-0.071617390285551,0,0.73864436,0.6216843,0
5.755555555555556,-0.0929321868666908,0,0.9727111,0.84664214,0
5.758333333333334,-0.082651773018318,0,0.994718,0.9244428,0
5.761111111111111,-0.0946508970195858,0,0.99220383,0.91027224,0
5.763888888888889,-0.1301746278689972,0,0.9954412,0.9292385,0
5.766666666666667,-0.121286956926573,0,0.9987716,0.9609696,0
5.769444444444445,-0.1189674661932194,0,0.99928194,0.96954286,0
5.772222222222222,-0.13406505802263,0,0.9989116,0.96308535,0
5.775,-0.0742666154010119,0,0.99900925,0.9646507,0
5.777777777777778,0.0146737477887966,0,0.9993936,0.97184324,0
5.780555555555556,0.1134393642394328,0,0.9995276,0.97493225,0
5.783333333333333,0.217253841751251,0,0.9993162,0.9702275,0
5.786111111111111,0.3844482777518574,0,0.99934095,0.97073346,0
5.788888888888889,0.5529273245048434,0,0.9996201,0.97735816,0
5.791666666666667,0.6959817399872467,0,0.99969184,0.9794701,1
5.794444444444444,0.8022821602170357,0,0.9995065,0.9744171,0
5.797222222222223,0.8718180265898389,0,0.99943644,0.9727876,0
5.8,0.8885925956612849,1,0.99963343,0.97773457,0
5.802777777777778,0.8645856726012119,0,0.99963903,0.977895,0
5.805555555555555,0.7655272747756862,0,0.9993228,0.97035867,0
5.808333333333334,0.6354540292718477,0,0.9992385,0.9687018,0
5.811111111111111,0.4675021154105699,0,0.99948967,0.97401637,0
5.813888888888889,0.312262547835489,0,0.9995403,0.97524905,0
5.816666666666666,0.1473448835299607,0,0.9992643,0.96919894,0
5.819444444444445,0.0270491031838363,0,0.99928963,0.9696957,0
5.822222222222222,-0.072456548776403,0,0.9995437,0.9753364,0
5.825,-0.1671365695655586,0,0.99946207,0.9733694,0
5.8277777777777775,-0.2228980617012376,0,0.9988073,0.961495,0
5.830555555555556,-0.1892006489495462,0,0.99842405,0.95624024,0
5.833333333333333,-0.2066289830460435,0,0.9988109,0.96154886,0
5.836111111111111,-0.2215328627060686,0,0.9978277,0.949338,0
5.838888888888889,-0.1841141007149974,0,0.9951989,0.9275852,0
5.841666666666667,-0.135802592440367,0,0.9925659,0.9121255,0
5.844444444444444,-0.1250541060945787,0,0.99432725,0.9220112,0
5.847222222222222,-0.1036726998370332,0,0.9848529,0.88036305,0
5.85,-0.0530544329896794,0,0.9541063,0.81011164,0
5.852777777777778,-0.0713759698611805,0,0.9051887,0.7462462,0
5.855555555555555,-0.0528073022506927,0,0.91361415,0.7553984,0
5.858333333333333,-0.0260899882818407,0,0.59578514,0.54623425,0
5.861111111111111,-0.014575927936335,0,0.28210342,0.39017892,0
5.863888888888889,-0.0063232794254479,0,0.030299416,0.16016643,0
5.866666666666666,0.0049636212702036,0,0.0058426554,0.07901497,0
5.8694444444444445,-0.0017743955748744,0,0.0016554561,0.04475612,0
5.872222222222222,0.0058205004167282,0,0.00059236743,0.027852576,0
5.875,-0.0025998213393481,0,0.000541945,0.026723148,0
5.877777777777778,0.004822265469779,0,0.00078483875,0.031738278,0
5.880555555555556,0.0080142537702167,0,0.00074242934,0.030931585,0
5.883333333333334,0.0121642088926071,0,0.0003313036,0.021237493,0
5.886111111111111,0.0231360303916121,0,0.00023079218,0.01792614,0
5.888888888888889,0.0225933088150551,0,0.00039644254,0.023097226,0
5.891666666666667,0.0177760381970532,0,0.00039599775,0.02308512,0
5.894444444444445,0.0079633129565174,0,0.0002291717,0.017866919,0
5.897222222222222,0.0242510387199064,0,0.00020677998,0.017024308,0
5.9,0.0261047267553918,0,0.0004024678,0.02326057,0
5.902777777777778,0.0328683363558429,0,0.00031345984,0.020694045,0
5.905555555555556,0.0666730435829631,0,0.00019465122,0.016547302,0
5.908333333333333,0.0294836578934322,0,0.00021843753,0.017468793,0
5.911111111111111,0.0476011816515399,0,0.0004228663,0.023803918,0
5.913888888888889,0.0613822679430073,0,0.00038965442,0.022911577,0
5.916666666666667,0.0510755322398268,0,0.00030439903,0.020411665,0
5.919444444444444,0.0890841829904619,0,0.00030018788,0.020278879,0
5.922222222222223,0.0529162657964231,0,0.00044797282,0.024453443,0
5.925,0.0681757204282165,0,0.00037997545,0.022643803,0
5.927777777777778,0.0562141263366346,0,0.00023020143,0.017904576,0
5.930555555555555,0.0679558695521333,0,0.00024398911,0.01840032,0
5.933333333333334,0.0821416153791949,0,0.00041229097,0.023524057,0
5.936111111111111,0.0964222395929081,0,0.000331766,0.021251366,0
5.938888888888889,0.0939694586787388,0,0.00035346925,0.021890935,0
5.941666666666666,0.1136536826871218,0,0.000312502,0.020664401,0
5.944444444444445,0.0990474451458876,0,0.00018223813,0.01604227,0
5.947222222222222,0.1013070695633179,0,0.00018252665,0.01605421,0
5.95,0.1527706161233794,0,0.00017649826,0.015802484,0
5.9527777777777775,0.1241392794935373,0,0.00020622044,0.01700264,0
5.955555555555556,0.1135312795364257,0,0.00026138587,0.019004736,0
5.958333333333333,0.120078760553143,0,0.0002765903,0.019515434,0
5.961111111111111,0.1225809304045948,0,0.0002786243,0.0195826,0
5.963888888888889,0.1570443386516921,0,0.00031040327,0.020599283,0
5.966666666666667,0.1438374470692094,0,0.00030917377,0.020561028,0
5.969444444444444,0.1575392359947739,0,0.00028140476,0.019673973,0
5.972222222222222,0.1610054001909904,0,0.00024742223,0.018521396,0
5.975,0.1792478026770834,0,0.0002835639,0.019744594,0
5.977777777777778,0.161863929493581,0,0.00027943967,0.019609444,0
5.980555555555555,0.1646771812696115,0,0.000276268,0.019504772,0
5.983333333333333,0.1903602575280736,0,0.00023411484,0.01804687,0
5.986111111111111,0.2021176499929634,0,0.00022990795,0.017893849,0
5.988888888888889,0.2041040010900333,0,0.00020781133,0.017064165,0
5.991666666666666,0.1928749887951192,0,0.00020828901,0.017082594,0
5.9944444444444445,0.2209505462386143,0,0.00019343547,0.016498618,0
5.997222222222222,0.2052552482428492,0,0.00019832786,0.016693546,0
6.0,0.2140512061989761,0,0.00017276697,0.015644362,0
6.002777777777778,0.2129953702917494,0,0.00016750176,0.015418085,0
6.005555555555556,0.2517550177839734,0,0.00016243658,0.015196775,0
6.008333333333334,0.2466082132371001,0,0.00018090972,0.015987137,0
6.011111111111111,0.2508214770430084,0,0.00017554344,0.015762197,0
6.013888888888889,0.2648495835273842,0,0.0001773221,0.015837153,0
6.016666666666667,0.292466481314449,0,0.00017429453,0.015709318,0
6.019444444444445,0.2285002369041847,0,0.0001894683,0.016338594,0
6.022222222222222,0.246638276407961,0,0.00019265652,0.01646734,0
6.025,0.2517477308360795,0,0.00021043533,0.017165104,0
6.027777777777778,0.2511942944168326,0,0.00022477291,0.017705008,0
6.030555555555556,0.250438541297947,0,0.00025202546,0.018682318,0
6.033333333333333,0.2644234007947491,0,0.00024134738,0.018306524,0
6.036111111111111,0.252647109594095,0,0.0002646975,0.019117307,0
6.038888888888889,0.2775548562287771,0,0.00025779518,0.018881807,0
6.041666666666667,0.2745870728995501,0,0.00027860413,0.019581933,0
6.044444444444444,0.2819542071006334,0,0.00028059623,0.019647453,0
6.047222222222223,0.2829234360160564,0,0.00029674484,0.02016956,0
6.05,0.2845609397511907,0,0.00026232834,0.019036856,0
6.052777777777778,0.2697619716696367,0,0.000264824,0.019121591,0
6.055555555555555,0.3066671189333576,0,0.00023132157,0.017945439,0
6.058333333333334,0.2774948454815485,0,0.00020506985,0.016957982,0
6.061111111111111,0.2448143133852598,0,0.00019142803,0.016417872,0
6.063888888888889,0.256138467613797,0,0.00021191647,0.017221773,0
6.066666666666666,0.2431441539344476,0,0.00021384105,0.017295102,0
6.069444444444445,0.267251361825062,0,0.00021724966,0.017424097,0
6.072222222222222,0.2625740977580997,0,0.00020719583,0.017040396,0
6.075,0.2544640764214912,0,0.0002455251,0.018454596,0
6.0777777777777775,0.2884334192636861,0,0.00024033998,0.01827061,0
6.080555555555556,0.2629844497425888,0,0.00022828262,0.017834323,0
6.083333333333333,0.2618347477470381,0,0.00019640649,0.016617307,0
6.086111111111111,0.2328972648530597,0,0.00022768635,0.017812436,0
6.088888888888889,0.2275367546973739,0,0.00027740555,0.019542389,0
6.091666666666667,0.2384916902446363,0,0.00034904853,0.021762421,0
6.094444444444444,0.2357208003520448,0,0.00035902864,0.022051316,0
6.097222222222222,0.2002533483262155,0,0.0003673984,0.022290247,0
6.1,0.2201682898784925,0,0.00031532656,0.020751663,0
6.102777777777778,0.2176780739489506,0,0.0002893062,0.01993102,0
6.105555555555555,0.2086700462236208,0,0.0002627564,0.019051416,0
6.108333333333333,0.1939800843514513,0,0.00026038993,0.018970735,0
6.111111111111111,0.1922422241444117,0,0.0002506122,0.018633086,0
6.113888888888889,0.191724649763597,0,0.0002609526,0.01898995,0
6.116666666666666,0.1896870662941477,0,0.00028727145,0.01986519,0
6.1194444444444445,0.1912668458252571,0,0.0002640399,0.019095022,0
6.122222222222222,0.192217024244914,0,0.00020926884,0.017120315,0
6.125,0.1653541178242657,0,0.00022043542,0.017543681,0
6.127777777777778,0.1566643722227281,0,0.0002820338,0.019694585,0
6.130555555555556,0.1637970252869673,0,0.00036095874,0.02210668,0
6.133333333333334,0.1601238145582444,0,0.00040316148,0.02327929,0
6.136111111111111,0.1381954035788809,0,0.00047743585,0.025190882,0
6.138888888888889,0.1503441526769657,0,0.00044893142,0.02447785,0
6.141666666666667,0.1470080581960992,0,0.00040959739,0.023452146,0
6.144444444444445,0.1455747283873059,0,0.00042217952,0.023785863,0
6.147222222222222,0.1468307503443877,0,0.00043645958,0.024158115,0
6.15,0.1011990363128637,0,0.00038661738,0.022827951,0
6.152777777777778,0.1085366478306316,0,0.00031633588,0.020782748,0
6.155555555555556,0.102733724994247,0,0.0003054462,0.02044453,0
6.158333333333333,0.0954424658263195,0,0.00034098316,0.021525674,0
6.161111111111111,0.081644591404679,0,0.00031878208,0.020857846,0
6.163888888888889,0.0636985500719085,0,0.00033660477,0.021395877,0
6.166666666666667,0.0821058129707767,0,0.0004352097,0.024125803,0
6.169444444444444,0.0640650418603192,0,0.0005311703,0.026474442,0
6.172222222222223,0.0719012789003957,0,0.0005299122,0.026445225,0
6.175,0.0538723254220104,0,0.000465591,0.024897482,0
6.177777777777778,0.0446139109133982,0,0.00045000768,0.024505213,0
6.180555555555555,0.060106147280711,0,0.0004790791,0.025231268,0
6.183333333333334,0.0544976255909452,0,0.00047642094,0.025165899,0
6.186111111111111,0.056725897523914,0,0.00044846436,0.024465963,0
6.188888888888889,0.0767890668765364,0,0.00042104957,0.023756115,0
6.191666666666666,0.0442867017062107,0,0.00042894445,0.02396305,0
6.194444444444445,0.0436912888399071,0,0.00045608063,0.024658948,0
6.197222222222222,0.0166999069222699,0,0.000514365,0.026080957,0
6.2,0.0101671396452771,0,0.0005547825,0.027015973,0
6.2027777777777775,0.0499779070454592,0,0.0005361897,0.026590643,0
6.205555555555556,0.0093029711189157,0,0.0005186823,0.026182702,0
6.208333333333333,0.0045680032991094,0,0.0005320553,0.026494967,0
6.211111111111111,0.0168619218594055,0,0.0005467005,0.026832068,0
6.213888888888889,0.0134626387524472,0,0.0005684301,0.027323246,0
6.216666666666667,-0.0012127227250568,0,0.00056250993,0.02719045,0
6.219444444444444,0.0053979653413329,0,0.0005172377,0.026148712,0
6.222222222222222,0.0261951256758118,0,0.00048007455,0.025255699,0
6.225,-0.006423527391158,0,0.000493922,0.025592715,0
6.227777777777778,-0.0172012834496741,0,0.00046418695,0.02486243,0
6.230555555555555,0.016001142754458,0,0.00044009436,0.02425181,0
6.233333333333333,0.00752151850108,0,0.00041533948,0.023605125,0
6.236111111111111,-0.0107841676440322,0,0.00039581358,0.023080098,0
6.238888888888889,-0.0267153272172171,0,0.00036778007,0.022301072,0
6.241666666666666,-0.0155562930088068,0,0.00032606875,0.021079741,0
6.2444444444444445,-0.0065140069148864,0,0.0003092342,0.02056291,0
6.247222222222222,0.0105781132649745,0,0.00033785877,0.021433145,0
6.25,-0.0235808529716191,0,0.00037812348,0.022592146,0
6.252777777777778,-0.0103412297110694,0,0.00034149975,0.021540927,0
6.255555555555556,9.183917847617808e-05,0,0.00030610475,0.020465167,0
6.258333333333334,-0.046641169070923,0,0.00034345093,0.021598432,0
6.261111111111111,0.00376865013897,0,0.00040872442,0.023428787,0
6.263888888888889,-0.0302241440327836,0,0.0003672279,0.022285413,0
6.266666666666667,-0.0081939303120331,0,0.00033111477,0.021231825,0
6.269444444444445,-0.0101011646663524,0,0.00031816057,0.020838805,0
6.272222222222222,0.0018950673379012,0,0.00030783933,0.020519407,0
6.275,-0.006630495983285,0,0.0002855555,0.019809483,0
6.277777777777778,-0.0510260685818922,0,0.00027792653,0.01955959,0
6.280555555555556,-0.0275657144754178,0,0.00034078863,0.021519927,0
6.283333333333333,-0.0141063252851334,0,0.00041078607,0.023483912,0
6.286111111111111,-0.0194504840281088,0,0.00042728204,0.02391965,0
6.288888888888889,-0.0096718098606289,0,0.0003973233,0.02312119,0
6.291666666666667,-0.0052721047520636,0,0.00040057002,0.023209265,0
6.294444444444444,-0.008231405795995,0,0.0004093087,0.023444425,0
6.297222222222223,-0.0207891871597171,0,0.00038959755,0.022910014,0
6.3,-0.0454605180026439,0,0.0003455947,0.02166141,0
6.302777777777778,-0.024763680512703,0,0.00037146,0.022405125,0
6.305555555555555,-0.0118294867929962,0,0.0003996051,0.023183132,0
6.308333333333334,-0.0345546358425893,0,0.00035577323,0.021957565,0
6.311111111111111,-0.0088327957298535,0,0.00029441374,0.020095158,0
6.313888888888889,-0.0047626625906822,0,0.0002803037,0.019637844,0
6.316666666666666,-0.0165563312564494,0,0.00029719586,0.020183925,0
6.319444444444445,-0.0644723028589153,0,0.00029308267,0.020052534,0
6.322222222222222,-0.0377299602232045,0,0.00029486633,0.020109626,0
6.325,0.0097032413473745,0,0.00030401797,0.020399692,0
6.3277777777777775,-0.0268076356869035,0,0.00032672472,0.021099582,0
6.330555555555556,-0.0483816965988055,0,0.0003307305,0.021220287,0
6.333333333333333,-9.173887805257948e-05,0,0.00032740665,0.021120189,0
6.336111111111111,-0.0184127796355769,0,0.00032777424,0.021131283,0
6.338888888888889,-0.0020242026009281,0,0.00033759171,0.021425216,0
6.341666666666667,-0.014422363685248,0,0.0003475944,0.02171996,0
6.344444444444444,-0.0116706719881154,0,0.0003533434,0.021887291,0
6.347222222222222,-0.01307070412372,0,0.00037202486,0.022421058,0
6.35,-0.0080153052872059,0,0.00040033276,0.023202848,0
6.352777777777778,0.0157265501953679,0,0.0003785179,0.022603158,0
6.355555555555555,-0.0038230187325962,0,0.00035334946,0.021887468,0
6.358333333333333,-0.0420427413058284,0,0.00033304247,0.021289598,0
6.361111111111111,-0.0115839588921493,0,0.0003388074,0.021461286,0
6.363888888888889,-0.0011049193349631,0,0.00033582,0.021372512,0
6.366666666666666,-0.0001271819370075,0,0.00031660832,0.020791123,0
6.3694444444444445,-0.0245049113655603,0,0.0003146173,0.020729797,0
6.372222222222222,-0.0005676305880664,0,0.00032956246,0.021185176,0
6.375,-0.0040596541592141,0,0.00029567903,0.020135585,0
6.377777777777778,0.0206797544314772,0,0.00027015005,0.019301014,0
6.380555555555556,-0.0290886456831344,0,0.00026491846,0.019124793,0
6.383333333333334,-0.0253787891914373,0,0.00028193352,0.019691292,0
6.386111111111111,-0.0222874113652492,0,0.00028414547,0.019763567,0
6.388888888888889,-0.0249756072903254,0,0.00027263584,0.0193841,0
6.391666666666667,-0.0308981456015636,0,0.0003008873,0.020301001,0
6.394444444444445,-0.0589125281897003,0,0.00030900698,0.020555828,0
6.397222222222222,-0.0239165300063421,0,0.0003110426,0.020619143,0
6.4,-0.0117784569427527,0,0.00029989472,0.020269595,0
6.402777777777778,-0.0246391472394217,0,0.00030419626,0.0204053,0
6.405555555555556,0.0118686633415361,0,0.00031428665,0.020719592,0
6.408333333333333,-0.0168819229948334,0,0.00030531868,0.020440534,0
6.411111111111111,0.0023630860753931,0,0.0002852415,0.019799264,0
6.413888888888889,-0.0130001128807894,0,0.0002854654,0.019806553,0
6.416666666666667,-0.0044436347399125,0,0.00028390664,0.019755783,0
6.419444444444444,-0.012568655156858,0,0.00025325053,0.018724877,0
6.422222222222223,0.0038578238136446,0,0.00025030345,0.018622303,0
6.425,-0.0157505453855045,0,0.00025077592,0.018638797,0
6.427777777777778,-0.0090623847577793,0,0.00025643344,0.01883494,0
6.430555555555555,-0.0109224253385316,0,0.00027485559,0.019457955,0
6.433333333333334,-0.0206533191623771,0,0.00029961663,0.020260783,0
6.436111111111111,-0.0101639647287893,0,0.00032467998,0.021037662,0
6.438888888888889,0.0173698346431262,0,0.00034547708,0.021657959,0
6.441666666666666,-0.0201062046297893,0,0.00033082103,0.021223012,0
6.444444444444445,-0.0096588916148666,0,0.00031592447,0.020770084,0
6.447222222222222,0.0030197631879518,0,0.0003171485,0.020807737,0
6.45,0.0013664684306785,0,0.0002911626,0.019990858,0
6.4527777777777775,-0.0154450149229179,0,0.0002678797,0.019224772,0
6.455555555555556,-0.0512464212028581,0,0.00025349646,0.018733414,0
6.458333333333333,-0.0076093178170546,0,0.0002745785,0.01944875,0
6.461111111111111,-0.0485033330418995,0,0.00028222453,0.019700825,0
6.463888888888889,0.0070021906497784,0,0.00029898316,0.020240707,0
6.466666666666667,-0.0123213857146272,0,0.00033664762,0.021397151,0
6.469444444444444,0.0003379034048876,0,0.00036655983,0.02226644,0
6.472222222222222,-0.0279551386095317,0,0.00035703272,0.021993892,0
6.475,-0.0374446510878895,0,0.00038244535,0.022712482,0
6.477777777777778,-0.0099405659714621,0,0.00044733842,0.024437284,0
6.480555555555555,-0.0140051840252997,0,0.00044437463,0.024361601,0
6.483333333333333,-0.0204701429681604,0,0.0003900664,0.02292289,0
6.486111111111111,-0.0113609613191058,0,0.0003901893,0.022926271,0
6.488888888888889,0.0294185136607086,0,0.000412635,0.023533218,0
6.491666666666666,0.0010450467162401,0,0.00042967618,0.023982123,0
6.4944444444444445,0.0049837419860635,0,0.00042076348,0.023748571,0
6.497222222222222,0.0027208119018279,0,0.00043130285,0.02402447,0
6.5,0.0131938947837842,0,0.00046132147,0.024790727,0
6.502777777777778,-0.0107751773465611,0,0.0004346038,0.024110118,0
6.505555555555556,-0.0375232811029266,0,0.00039697537,0.023111729,0
6.508333333333334,-0.0081451830574513,0,0.0004075793,0.023398105,0
6.511111111111111,0.008423369099054,0,0.00041921748,0.023707792,0
6.513888888888889,-0.0165428649116929,0,0.00040837273,0.023419373,0
6.516666666666667,-0.0026771658187303,0,0.0004052214,0.023334775,0
6.519444444444445,-0.0082232954473544,0,0.00040920413,0.02344163,0
6.522222222222222,0.0271013870366986,0,0.00039795408,0.023138333,0
6.525,0.0184734986931331,0,0.0003616154,0.022125483,0
6.527777777777778,0.0199163995932706,0,0.00033642334,0.021390479,0
6.530555555555556,0.0226351036665801,0,0.000322285,0.020964855,0
6.533333333333333,0.0161782402485714,0,0.00032816947,0.021143205,0
6.536111111111111,0.0233825701364336,0,0.00033956664,0.021483777,0
6.538888888888889,0.0065741740317536,0,0.00033977377,0.021489909,0
6.541666666666667,-0.004271889555014,0,0.0003308371,0.021223487,0
6.544444444444444,0.0351736330566339,0,0.000314408,0.020723335,0
6.547222222222223,0.0423845929422999,0,0.00033381235,0.021312617,0
6.55,0.0604453033445266,0,0.00034202353,0.021556383,0
6.552777777777778,0.070806728518366,0,0.00034063455,0.021515375,0
6.555555555555555,0.0758302707616892,0,0.0003643861,0.022204598,0
6.558333333333334,0.0424265418843284,0,0.00040866522,0.023427205,0
6.561111111111111,0.0572579601963306,0,0.00040272242,0.023267442,0
6.563888888888889,0.0748721032497893,0,0.00041360816,0.023559121,0
6.566666666666666,0.1106995286284549,0,0.00043073238,0.02400963,0
6.569444444444445,0.0998513783359448,0,0.00040340828,0.02328595,0
6.572222222222222,0.0991898523249936,0,0.0003782066,0.022594467,0
6.575,0.0810958393036716,0,0.00037759275,0.022577316,0
6.5777777777777775,0.077888622691242,0,0.00038149607,0.022686113,0
6.580555555555556,0.1068516818150338,0,0.00041713836,0.023652812,0
6.583333333333333,0.0819973410595863,0,0.0004229804,0.023806917,0
6.586111111111111,0.0979819750860469,0,0.00044632232,0.02441137,0
6.588888888888889,0.1024095615281435,0,0.0004375571,0.024186453,0
6.591666666666667,0.130084458328399,0,0.0004477516,0.024447815,0
6.594444444444444,0.1023888886610821,0,0.00047481107,0.02512621,0
6.597222222222222,0.072077847076725,0,0.00047481267,0.025126249,0
6.6,0.1166167662110715,0,0.0004081087,0.023412297,0
6.602777777777778,0.0983703629190959,0,0.0003665581,0.022266397,0
6.605555555555555,0.1087270066017239,0,0.00034261978,0.021573953,0
6.608333333333333,0.1054574833122595,0,0.00038734576,0.02284804,0
6.611111111111111,0.1007820162555461,0,0.00042431103,0.023841858,0
6.613888888888889,0.1143590229049527,0,0.00038182246,0.022695184,0
6.616666666666666,0.0766487039525194,0,0.00036337608,0.022175794,0
6.6194444444444445,0.0885862606188767,0,0.00035273592,0.021869678,0
6.622222222222222,0.1029095549345722,0,0.00034000154,0.021496652,0
6.625,0.0794026754783319,0,0.0003465797,0.021690274,0
6.627777777777778,0.0601569584424214,0,0.0003646822,0.022213032,0
6.630555555555556,0.0897572124297093,0,0.00037242795,0.022432411,0
6.633333333333334,0.0918351458420289,0,0.00035885838,0.022046423,0
6.636111111111111,0.069448648932909,0,0.00034653596,0.021688992,0
6.638888888888889,0.0357744012849136,0,0.0003771249,0.022564234,0
6.641666666666667,0.0708201907988494,0,0.000369553,0.02235128,0
6.644444444444445,0.0304042587308722,0,0.0002989279,0.020238956,0
6.647222222222222,0.0550794318375632,0,0.00027532454,0.019473514,0
6.65,0.0323935285859927,0,0.00030007603,0.020275334,0
6.652777777777778,0.0237146316432467,0,0.0002837532,0.019750774,0
6.655555555555556,0.0300695092811501,0,0.0001909067,0.016396824,0
6.658333333333333,0.0297392135785586,0,0.00010909709,0.012596159,0
6.661111111111111,0.0188408827808849,0,6.59873e-05,0.009931331,0
6.663888888888889,0.0335899025615742,0,8.935223e-05,0.011462474,0
6.666666666666667,0.0145740706514529,0,0.00011594355,0.0129633,0
6.669444444444444,0.0327300312108428,0,0.00017224885,0.015622259,0
6.672222222222223,0.0192648786161706,0,0.00015303676,0.014776041,0
6.675,0.0018601474539074,0,0.00014515426,0.014412425,0
6.677777777777778,-0.0031384400510478,0,0.00013108215,0.013735969,0
6.680555555555555,-0.0170916447040694,0,0.00015608323,0.014913886,0
6.683333333333334,0.0099847182402445,0,0.00015468548,0.01485082,0
6.686111111111111,-0.0014713971021905,0,0.0001614799,0.015154558,0
6.688888888888889,-0.0333043917152314,0,0.00020146831,0.016817313,0
6.691666666666666,-0.0071328899307755,0,0.00020690386,0.017029107,0
6.694444444444445,-0.0138100135039387,0,0.00014155045,0.0142426565,0
6.697222222222222,0.0223067113326042,0,9.197933e-05,0.011620535,0
6.7,-0.0277555731743396,0,9.174395e-05,0.011606473,0
6.7027777777777775,-0.0245856124738413,0,0.00016523742,0.0153196,0
6.705555555555556,0.0130527569811255,0,0.00016599668,0.015352707,0
6.708333333333333,0.0162299869624055,0,0.00014026836,0.014181703,0
6.711111111111111,-0.0157265569924861,0,0.00013321229,0.013840779,0
6.713888888888889,-0.0143807390423939,0,0.00016795259,0.015437606,0
6.716666666666667,0.0040682859723541,0,0.00019353382,0.016502565,0
6.719444444444444,-0.0402961783869178,0,0.00020502254,0.016956137,0
6.722222222222222,-0.0334716863694146,0,0.00026202187,0.019026414,0
6.725,-0.0098921404267256,0,0.00070198544,0.030138288,0
6.727777777777778,0.017456224744219,0,0.0012299295,0.039053276,0
6.730555555555555,-0.0124578320552964,0,0.0011235687,0.03746062,0
6.733333333333333,-0.004619912004472,0,0.0043484475,0.06928426,0
6.736111111111111,0.0104651319859412,0,0.027842088,0.15464337,0
6.738888888888889,0.024266299829901,0,0.025727423,0.14963832,0
6.741666666666666,-0.0174748627990312,0,0.02366194,0.14449286,0
6.7444444444444445,-0.0116862717452615,0,0.056513652,0.20654653,0
6.747222222222222,0.0115936297731588,0,0.16373792,0.3144043,0
6.75,-0.0451984970082239,0,0.26934665,0.3829361,0
6.752777777777778,-0.0164605338086918,0,0.53704965,0.5177381,0
6.755555555555556,-0.0597747412369553,0,0.94670784,0.7982769,0
6.758333333333334,-0.0582994221742905,0,0.9917645,0.9080907,0
6.761111111111111,-0.080120526015223,0,0.990901,0.9039974,0
6.763888888888889,-0.1061111010752345,0,0.9946582,0.924064,0
6.766666666666667,-0.1162505997991191,0,0.9986614,0.9593965,0
6.769444444444445,-0.0962383968517517,0,0.99910384,0.9662532,0
6.772222222222222,-0.067279963183053,0,0.9986994,0.9599315,0
6.775,-0.0428518011554135,0,0.99860495,0.9586199,0
6.777777777777778,0.0293719336523506,0,0.9991411,0.9669087,0
6.780555555555556,0.1360773544402288,0,0.9992698,0.9693058,0
6.783333333333333,0.2399811079567141,0,0.9990264,0.9649356,0
6.786111111111111,0.4132828801262399,0,0.999092,0.9660464,0
6.788888888888889,0.5701161539941872,0,0.9994831,0.9738594,0
6.791666666666667,0.7437330287945174,0,0.99957424,0.9761201,1
6.794444444444444,0.8185404085106847,0,0.999343,0.97077346,0
6.797222222222223,0.8925538395549379,0,0.9992605,0.96912557,0
6.8,0.930270849528128,1,0.9994698,0.97354865,0
6.802777777777778,0.8906740694576645,0,0.99950194,0.9743066,0
6.805555555555555,0.7755083978071309,0,0.9992198,0.9683493,0
6.808333333333334,0.641013701186231,0,0.99908805,0.96597886,0
6.811111111111111,0.494802645607364,0,0.99933726,0.9706568,0
6.813888888888889,0.3088418199609004,0,0.99935955,0.97111905,0
6.816666666666666,0.16115461548915,0,0.9989262,0.96331465,0
6.819444444444445,0.0381207402382463,0,0.99879885,0.9613703,0
6.822222222222222,-0.0489709783934018,0,0.9991979,0.96794087,0
6.825,-0.1424187562826306,0,0.9990343,0.9650666,0
6.8277777777777775,-0.2015834102476517,0,0.9982895,0.95457023,0
6.830555555555556,-0.2191650811138714,0,0.99808574,0.95217276,0
6.833333333333333,-0.2073251746962465,0,0.9985781,0.95825636,0
6.836111111111111,-0.1933609472630773,0,0.997529,0.9462844,0
6.838888888888889,-0.1534672772749397,0,0.9954957,0.92961705,0
6.841666666666667,-0.1428493778115277,0,0.9931646,0.915313,0
6.844444444444444,-0.1089306210750456,0,0.9920993,0.9097465,0
6.847222222222222,-0.0850290002520347,0,0.97659147,0.8561574,0
6.85,-0.0579975212942094,0,0.9423781,0.79183507,0
6.852777777777778,-0.0130483705596059,0,0.86737114,0.7104992,0
6.855555555555555,-0.0080228152383456,0,0.8309912,0.68166584,0
6.858333333333333,-0.0060343522562358,0,0.5038902,0.5018599,0
6.861111111111111,-0.0042628642252822,0,0.29212362,0.39576247,0
6.863888888888889,0.0029184253848451,0,0.028131774,0.15531011,0
6.866666666666666,0.0194959118510539,0,0.00584772,0.0790453,0
6.8694444444444445,0.027392712667648,0,0.0016380294,0.044539947,0
6.872222222222222,0.0083465781692775,0,0.0006089842,0.02821317,0
6.875,0.0254137345286025,0,0.0004901107,0.025500474,0
6.877777777777778,-0.0029179349711072,0,0.00062629895,0.028583214,0
6.880555555555556,0.0333471307991226,0,0.000605535,0.028138764,0
6.883333333333334,0.0442350246963259,0,0.00031435676,0.020721748,0
6.886111111111111,0.0313060678455064,0,0.00023520151,0.018086161,0
6.888888888888889,0.0655665533935299,0,0.0003837616,0.022748983,0
6.891666666666667,0.028039335979407,0,0.0004170054,0.02364929,0
6.894444444444445,0.047598784609296,0,0.00029348838,0.020065533,0
6.897222222222222,0.0470266595334729,0,0.00025171638,0.018671567,0
6.9,0.0494389114656753,0,0.0004025417,0.023262568,0
6.902777777777778,0.0527637197058638,0,0.00031316202,0.020684833,0
6.905555555555556,0.0597784679143179,0,0.00022446325,0.01769355,0
6.908333333333333,0.0747443782038767,0,0.00024750317,0.018524231,0
6.911111111111111,0.0867048842424113,0,0.0004269805,0.023911769,0
6.913888888888889,0.0701800501265239,0,0.00035435864,0.021916684,0
6.916666666666667,0.0867794075027825,0,0.0003028397,0.020362616,0
6.919444444444444,0.0685190822936342,0,0.00030796466,0.020523325,0
6.922222222222223,0.0951894038780614,0,0.00043334486,0.024077496,0
6.925,0.0770810799160005,0,0.00037430998,0.022485342,0
6.927777777777778,0.1098352510515775,0,0.00027546185,0.01947806,0
6.930555555555555,0.1317492750572892,0,0.0002937616,0.02007429,0
6.933333333333334,0.1020182624977967,0,0.00040982445,0.023458216,0
6.936111111111111,0.0763616421128567,0,0.00031830592,0.020843256,0
6.938888888888889,0.1065634666618575,0,0.0004578605,0.024703795,0
6.941666666666666,0.1389252251113736,0,0.00031518802,0.020747397,0
6.944444444444445,0.1345260314516808,0,0.00017019018,0.015534092,0
6.947222222222222,0.1358582741315623,0,0.00017005489,0.015528282,0
6.95,0.1532520544962726,0,0.00019999575,0.016759407,0
6.9527777777777775,0.1514791203068763,0,0.00022036735,0.017541133,0
6.955555555555556,0.1686505942891732,0,0.00022653672,0.017770132,0
6.958333333333333,0.1704190892971679,0,0.00025505506,0.018787371,0
6.961111111111111,0.1857546482928006,0,0.00032637134,0.021088893,0
6.963888888888889,0.1746579371869669,0,0.00037334615,0.022458252,0
6.966666666666667,0.1892335685816394,0,0.00037668814,0.022552017,0
6.969444444444444,0.1774440238415903,0,0.0003421685,0.021560658,0
6.972222222222222,0.1794279939677786,0,0.0002979423,0.020207657,0
6.975,0.2204377348255299,0,0.0002750619,0.0194648,0
6.977777777777778,0.2044370739130426,0,0.0003052177,0.02043737,0
6.980555555555555,0.2195801758866452,0,0.0003256829,0.021068064,0
6.983333333333333,0.215614567030433,0,0.00031272703,0.020671364,0
6.986111111111111,0.2111338383995734,0,0.0003063809,0.02047382,0
6.988888888888889,0.2261738906717627,0,0.00030965992,0.020576159,0
6.991666666666666,0.2535138276720691,0,0.00031084986,0.020613164,0
6.9944444444444445,0.2461371609732394,0,0.00028718356,0.019862339,0
6.997222222222222,0.2178236848566009,0,0.0002601537,0.018962653,0
7.0,0.2457897417538553,0,0.0002514765,0.018663207,0
7.002777777777778,0.2810938727167116,0,0.00022944981,0.017877096,0
7.005555555555556,0.2562953180747254,0,0.00019857462,0.016703308,0
7.008333333333334,0.237423338404202,0,0.0001947136,0.016549792,0
7.011111111111111,0.2975241015792681,0,0.00021047426,0.017166592,0
7.013888888888889,0.2838164166194885,0,0.00023257727,0.017991124,0
7.016666666666667,0.2767221516253136,0,0.00023234187,0.017982563,0
7.019444444444445,0.2761186084410424,0,0.00021473062,0.017328871,0
7.022222222222222,0.3015552518273301,0,0.00021084082,0.017180637,0
7.025,0.2805206119438914,0,0.00021601097,0.017377349,0
7.027777777777778,0.3088935541431437,0,0.0002147851,0.017330935,0
7.030555555555556,0.3025006053390053,0,0.00021947279,0.017507644,0
7.033333333333333,0.3004052313239317,0,0.00023007284,0.017899873,0
7.036111111111111,0.3009462641670355,0,0.00023154817,0.017953694,0
7.038888888888889,0.2978217982682637,0,0.00023175559,0.017961238,0
7.041666666666667,0.3174621684394945,0,0.00023937445,0.018236121,0
7.044444444444444,0.2897726216528352,0,0.0002604694,0.018973451,0
7.047222222222223,0.2790397846834526,0,0.00027554852,0.019480938,0
7.05,0.3128399022930907,0,0.00027995007,0.01962623,0
7.052777777777778,0.3129846000622941,0,0.000248948,0.01857491,0
7.055555555555555,0.3102511042554317,0,0.00023846235,0.018203463,0
7.058333333333334,0.3083355657374074,0,0.00022523117,0.017721957,0
7.061111111111111,0.2962276245924458,0,0.00022618298,0.017757095,0
7.063888888888889,0.3113125148847674,0,0.00022212093,0.017606573,0
7.066666666666666,0.2969356621712474,0,0.0002078599,0.017066045,0
7.069444444444445,0.288092278010727,0,0.0002043646,0.01693054,0
7.072222222222222,0.2881698872652735,0,0.00023803372,0.018188087,0
7.075,0.3202857171974583,0,0.00028234266,0.019704683,0
7.0777777777777775,0.260768261530974,0,0.00031009657,0.020589747,0
7.080555555555556,0.29080675428634,0,0.00031469826,0.020732298,0
7.083333333333333,0.2543528276660933,0,0.0003218729,0.020952305,0
7.086111111111111,0.273871198509005,0,0.0003234411,0.021000039,0
7.088888888888889,0.2646851001079106,0,0.00031572694,0.020764,0
7.091666666666667,0.2353631530635382,0,0.00030764277,0.020513274,0
7.094444444444444,0.2676927441442379,0,0.00030675682,0.020485576,0
7.097222222222222,0.2511605863725311,0,0.00031231943,0.02065875,0
7.1,0.2201787145183229,0,0.00032669885,0.021098804,0
7.102777777777778,0.258884337365006,0,0.00034700093,0.021702606,0
7.105555555555555,0.2622752378407184,0,0.00036897196,0.02233484,0
7.108333333333333,0.2574138340222802,0,0.00037637245,0.022543173,0
7.111111111111111,0.234627921902343,0,0.00039678015,0.023106419,0
7.113888888888889,0.2240031558855209,0,0.00041532883,0.023604846,0
7.116666666666666,0.2372077112642651,0,0.0004132645,0.02354998,0
7.1194444444444445,0.2364156984227338,0,0.00037086956,0.022388479,0
7.122222222222222,0.2220164870348764,0,0.00034851604,0.02174689,0
7.125,0.184677973522135,0,0.00032688957,0.02110457,0
7.127777777777778,0.195580645785677,0,0.0003055228,0.020446936,0
7.130555555555556,0.1928998691228058,0,0.00030243635,0.020349897,0
7.133333333333334,0.1529121266550487,0,0.00032058026,0.020912858,0
7.136111111111111,0.1808634882698949,0,0.00035300857,0.021877583,0
7.138888888888889,0.2017163481422645,0,0.0003619406,0.022134785,0
7.141666666666667,0.1710642164559322,0,0.0003790001,0.022616614,0
7.144444444444445,0.1774683226429021,0,0.00041100188,0.023489675,0
7.147222222222222,0.1520832750768058,0,0.00043909808,0.024226168,0
7.15,0.1422956662998521,0,0.000454306,0.024614139,0
7.152777777777778,0.1432600765310816,0,0.00045466836,0.024623293,0
7.155555555555556,0.1195532817115394,0,0.00045959343,0.024747372,0
7.158333333333333,0.1116954768662246,0,0.00046627907,0.024914633,0
7.161111111111111,0.1396281747343985,0,0.000430886,0.024013624,0
7.163888888888889,0.1358278446333032,0,0.0003748885,0.022501577,0
7.166666666666667,0.0951195363777799,0,0.0003417685,0.021548856,0
7.169444444444444,0.1193897713432225,0,0.00033140942,0.021240667,0
7.172222222222223,0.0985944144790974,0,0.0003291169,0.02117176,0
7.175,0.1001746917119721,0,0.00035602853,0.021964936,0
7.177777777777778,0.0973129196155911,0,0.0004240088,0.023833925,0
7.180555555555555,0.1008131745051357,0,0.0004816789,0.02529501,0
7.183333333333334,0.08278533540041,0,0.0005166868,0.026135737,0
7.186111111111111,0.0985034941379777,0,0.00052622875,0.026359452,0
7.188888888888889,0.0779594584265129,0,0.0005434127,0.026756817,0
7.191666666666666,0.0788091602488897,0,0.00055064127,0.026921924,0
7.194444444444445,0.0532361658150827,0,0.00053959765,0.026669199,0
7.197222222222222,0.0945633824591321,0,0.00054481794,0.02678901,0
7.2,0.0658375470189533,0,0.0005168119,0.02613868,0
7.2027777777777775,0.066248223751822,0,0.00050503615,0.0258595,0
7.205555555555556,0.0283476766987209,0,0.00051095197,0.026000194,0
7.208333333333333,0.037198553305333,0,0.0005461133,0.026818642,0
7.211111111111111,0.0653243280419028,0,0.00057366776,0.027440092,0
7.213888888888889,0.0484214314194359,0,0.00058918016,0.027782777,0
7.216666666666667,0.0129147164408583,0,0.0005121861,0.026029427,0
7.219444444444444,0.0548365736976437,0,0.00047881182,0.0252247,0
7.222222222222222,0.0288796586054739,0,0.0005016171,0.025777766,0
7.225,0.056109418422181,0,0.00045768247,0.024699314,0
7.227777777777778,0.0316500586452721,0,0.00043920812,0.024229005,0
7.230555555555555,0.0341862593311474,0,0.00044541285,0.024388136,0
7.233333333333333,0.0470635626846183,0,0.00042525292,0.023866553,0
7.236111111111111,0.0142912834039889,0,0.00037996602,0.022643536,0
7.238888888888889,0.0113415584243265,0,0.0003096192,0.020574896,0
7.241666666666666,0.0218688094528746,0,0.00028006785,0.019630099,0
7.2444444444444445,0.0359026562583574,0,0.00029857128,0.020227643,0
7.247222222222222,0.0023027848973514,0,0.00034664202,0.021692095,0
7.25,-0.0038961918334983,0,0.00037045032,0.022376636,0
7.252777777777778,0.0324215039595777,0,0.0003721453,0.022424445,0
7.2555555555555555,0.0100409201575028,0,0.00040537474,0.023338905,0
7.258333333333334,0.0122963141548031,0,0.0004120393,0.023517348,0
7.261111111111111,-0.010508362854324,0,0.0003697891,0.022357956,0
7.263888888888889,0.0063890678938281,0,0.00033409958,0.021321196,0
7.266666666666667,0.0157521144712378,0,0.0003397203,0.021488333,0
7.269444444444445,0.029171223065185,0,0.00034120688,0.021532279,0
7.272222222222222,0.0030514043144455,0,0.00029898772,0.020240849,0
7.275,0.0389356223101699,0,0.00030205943,0.020338016,0
7.277777777777778,0.0033091870273604,0,0.00034269947,0.021576306,0
7.280555555555556,0.0028778726524431,0,0.00038672404,0.022830892,0
7.283333333333333,0.0357724147494562,0,0.0003944098,0.023041813,0
7.286111111111111,0.0155098908734106,0,0.0003962536,0.023092078,0
7.288888888888889,0.0037188965812772,0,0.0003936298,0.023020515,0
7.291666666666667,0.009366246658396,0,0.00036666502,0.022269435,0
7.294444444444444,0.0317135223572484,0,0.0003570229,0.02199361,0
7.2972222222222225,0.0331624801330184,0,0.00039224126,0.022982528,0
7.3,-0.0013048117510823,0,0.00041425903,0.023576431,0
7.302777777777778,0.0101117764605472,0,0.00040583196,0.023351194,0
7.305555555555555,0.0119234352506522,0,0.00039800667,0.023139754,0
7.308333333333334,-0.0043799394001903,0,0.0004256776,0.023877675,0
7.311111111111111,0.0094390464879403,0,0.0004585828,0.024721963,0
7.313888888888889,0.0102313228579075,0,0.0004134233,0.023554202,0
7.316666666666666,0.0271468059505014,0,0.00036801398,0.022307701,0
7.319444444444445,0.0280608837737919,0,0.0003560521,0.021965617,0
7.322222222222222,0.0049296081587373,0,0.00036496442,0.022221068,0
7.325,0.006587919889424,0,0.00035477185,0.021928634,0
7.3277777777777775,0.019701217762005,0,0.0003536096,0.021895004,0
7.330555555555556,0.0009077771114708,0,0.00037265578,0.022438826,0
7.333333333333333,0.0184722172461981,0,0.00038597934,0.022810327,0
7.336111111111111,0.0082884303240636,0,0.00036730457,0.022287585,0
7.338888888888889,-0.0049629056756534,0,0.00033798252,0.021436816,0
7.341666666666667,-0.0047975030466593,0,0.00033782772,0.021432221,0
7.344444444444444,0.0312431896186655,0,0.00036949414,0.022349615,0
7.347222222222222,0.0071779496334914,0,0.0003749484,0.022503259,0
7.35,0.0341207137633089,0,0.00038371223,0.022747615,0
7.352777777777778,0.0018056722800701,0,0.00040278732,0.023269195,0
7.355555555555555,0.0138763516686059,0,0.00039488496,0.023054782,0
7.358333333333333,0.0453993273051554,0,0.0003707672,0.022385582,0
7.361111111111111,-0.0063482367438898,0,0.00036467917,0.022212947,0
7.363888888888889,-0.01894910516017,0,0.0003586108,0.02203931,0
7.366666666666666,0.0288243790204338,0,0.00034311888,0.021588659,0
7.3694444444444445,-0.0028675918107171,0,0.00031643448,0.02078578,0
7.372222222222222,0.0092343330694307,0,0.00029323524,0.020057421,0
7.375,0.0007676927116854,0,0.00028614115,0.019828517,0
7.377777777777778,0.013591408389285,0,0.00028292337,0.01972368,0
7.3805555555555555,-0.0046757818604993,0,0.0002671021,0.019198576,0
7.383333333333334,0.0068970972042036,0,0.000272646,0.019384438,0
7.386111111111111,0.0163578744048786,0,0.00029130868,0.01999556,0
7.388888888888889,-0.0054991523905901,0,0.00030168815,0.020326301,0
7.391666666666667,-0.0008606564889175,0,0.00030643467,0.020475503,0
7.394444444444445,0.0044451810091798,0,0.0002948635,0.020109532,0
7.397222222222222,-0.0117608691578273,0,0.00029596896,0.020144837,0
7.4,0.0033484410598506,0,0.00030271732,0.020358758,0
7.402777777777778,0.0114842997478402,0,0.0002986581,0.020230392,0
7.405555555555556,0.0037245763772748,0,0.00029660965,0.020165257,0
7.408333333333333,0.0056625591598844,0,0.00032172014,0.020947646,0
7.411111111111111,0.0094500038730616,0,0.00034150158,0.02154098,0
7.413888888888889,-7.236822299792195e-05,0,0.00033302404,0.021289047,0
7.416666666666667,0.0201449351734094,0,0.00033020595,0.021204527,0
7.419444444444444,0.0313338890280751,0,0.00032474005,0.021039484,0
7.4222222222222225,0.0028438169710182,0,0.00033381014,0.02131255,0
7.425,0.0171029997098881,0,0.00032055582,0.020912113,0
7.427777777777778,0.0062466251125256,0,0.00031136625,0.020629188,0
7.430555555555555,0.0153396093486429,0,0.00028374617,0.019750543,0
7.433333333333334,0.0333612418074422,0,0.00028762635,0.019876698,0
7.436111111111111,0.017522876492737,0,0.0002871701,0.019861909,0
7.438888888888889,-0.0166881662071204,0,0.00029424988,0.020089917,0
7.441666666666666,0.0167452565363792,0,0.00030880026,0.020549389,0
7.444444444444445,0.0284534611767275,0,0.00033360146,0.02130631,0
7.447222222222222,0.0066655419962117,0,0.00034810544,0.021734897,0
7.45,0.0249578729331386,0,0.0003606686,0.022098368,0
7.4527777777777775,-0.0002882939372199,0,0.00038376634,0.022749111,0
7.455555555555556,-0.0121717138541512,0,0.00040833396,0.023418332,0
7.458333333333333,0.0122866506608291,0,0.00040262876,0.023264917,0
7.461111111111111,-0.0161081333853475,0,0.00037674163,0.02255351,0
7.463888888888889,0.0067273169358063,0,0.00037437546,0.02248718,0
7.466666666666667,0.0297296581249088,0,0.0004157733,0.023616632,0
7.469444444444444,-0.0180941073706103,0,0.00041150564,0.023503115,0
7.472222222222222,-0.0084880956406179,0,0.0003950785,0.023060055,0
7.475,-0.0045921480309335,0,0.00039287892,0.022999985,0
7.477777777777778,0.0101605063885637,0,0.00041253393,0.023530524,0
7.480555555555555,0.0058913803024677,0,0.000408892,0.023433272,0
7.483333333333333,0.0326836278201148,0,0.00039390384,0.023028001,0
7.486111111111111,0.0263925774659952,0,0.00038027734,0.022652209,0
7.488888888888889,0.0199581977420275,0,0.00037928493,0.022624556,0
7.491666666666666,0.0152469191344696,0,0.00036188384,0.022133162,0
7.4944444444444445,0.0195874631710179,0,0.00035077968,0.021812856,0
7.497222222222222,0.001491512232971,0,0.00035402062,0.021906905,0
7.5,0.0281306277605989,0,0.00037661367,0.02254993,0
7.502777777777778,-0.0004239473696545,0,0.00038312247,0.022731267,0
7.5055555555555555,0.0299192117664835,0,0.00036391153,0.022191072,0
7.508333333333334,0.0364750579701443,0,0.0003427438,0.021577608,0
7.511111111111111,0.0233178033922305,0,0.00036626591,0.022258094,0
7.513888888888889,0.0191759344771146,0,0.00038084039,0.022667881,0
7.516666666666667,0.0296947516549843,0,0.00034928985,0.021769466,0
7.519444444444445,-0.0171416504002109,0,0.00034291664,0.021582706,0
7.522222222222222,0.0326380982938743,0,0.00037594288,0.022531144,0
7.525,0.028969322842418,0,0.00035611817,0.021967521,0
7.527777777777778,0.0327258836762242,0,0.0003015372,0.020321531,0
7.530555555555556,0.0471544285247309,0,0.0002584851,0.018905494,0
7.533333333333333,0.0387634627818335,0,0.0002862563,0.019832263,0
7.536111111111111,0.0263661231782666,0,0.00031068217,0.020607948,0
7.538888888888889,0.0451822101609511,0,0.00026693306,0.019192876,0
7.541666666666667,0.052390014975702,0,0.00025591542,0.018817078,0
7.544444444444444,0.0573983331947563,0,0.00031255741,0.020666122,0
7.5472222222222225,0.062604737579692,0,0.00034655794,0.021689635,0
7.55,0.080446714751005,0,0.000310485,0.020601826,0
7.552777777777778,0.0533939932931497,0,0.00029291338,0.020047104,0
7.555555555555555,0.0772609395082579,0,0.0003210063,0.020925868,0
7.558333333333334,0.0989876451924111,0,0.00032585434,0.021073246,0
7.561111111111111,0.0586605809147467,0,0.0002889013,0.019917939,0
7.563888888888889,0.0923949724625368,0,0.00028001843,0.019628478,0
7.566666666666666,0.0858681853568431,0,0.00031240462,0.020661384,0
7.569444444444445,0.0939112182553118,0,0.00031901957,0.020865126,0
7.572222222222222,0.090542206897349,0,0.00031092783,0.02061558,0
7.575,0.1059776279253866,0,0.0003263496,0.021088239,0
7.5777777777777775,0.1402558547297295,0,0.00038143553,0.022684429,0
7.580555555555556,0.0974435558992304,0,0.0004006088,0.023210317,0
7.583333333333333,0.1022459764305352,0,0.00033433404,0.021328202,0
7.586111111111111,0.1032026644734614,0,0.00031130807,0.020627389,0
7.588888888888889,0.1511053447683892,0,0.0003341419,0.021322465,0
7.591666666666667,0.1202075822238975,0,0.00032656558,0.02109477,0
7.594444444444444,0.1281651115991669,0,0.00031524448,0.020749133,0
7.597222222222222,0.123353036008311,0,0.0003148099,0.020735735,0
7.6,0.1154991749766854,0,0.0003549635,0.021934178,0
7.602777777777778,0.1258304832224729,0,0.0003534266,0.021889703,0
7.605555555555555,0.165349278801853,0,0.00031610433,0.020775622,0
7.608333333333333,0.1479126364992268,0,0.00033026794,0.021206394,0
7.611111111111111,0.1122518706649238,0,0.00036729808,0.022287399,0
7.613888888888889,0.1322601412546674,0,0.00038535468,0.022793073,0
7.616666666666666,0.1070951192005837,0,0.00035720944,0.021998985,0
7.6194444444444445,0.0895053289906414,0,0.00034041508,0.021508887,0
7.622222222222222,0.1276335267460517,0,0.00037967906,0.022635542,0
7.625,0.1255891484368708,0,0.00039876468,0.023160335,0
7.627777777777778,0.1194350115761257,0,0.00036832405,0.022316491,0
7.6305555555555555,0.0920168640947123,0,0.00034660698,0.021691075,0
7.633333333333334,0.0917032779976449,0,0.0003642473,0.022200646,0
7.636111111111111,0.100465913831229,0,0.00038426262,0.022762856,0
7.638888888888889,0.0900344874989221,0,0.0003635691,0.022181302,0
7.641666666666667,0.073179598315389,0,0.00032214337,0.020960549,0
7.644444444444445,0.0497480190440791,0,0.0003197738,0.020888207,0
7.647222222222222,0.0707645466962092,0,0.00032652201,0.021093452,0
7.65,0.0803765200647769,0,0.0003025185,0.020352496,0
7.652777777777778,0.0415106598785036,0,0.00024253626,0.0183488,0
7.655555555555556,0.0645176513030478,0,0.0001902333,0.016369592,0
7.658333333333333,0.0555752088006314,0,0.00010428461,0.012330669,0
7.661111111111111,0.0577444136690662,0,7.045567e-05,0.010244139,0
7.663888888888889,0.0557014208203575,0,9.09074e-05,0.011556337,0
7.666666666666667,0.0285842981095198,0,0.00014674691,0.014486727,0
7.669444444444444,0.011382155457525,0,0.00018713909,0.016243806,0
7.6722222222222225,0.0245265656581082,0,0.00015077803,0.014672897,0
7.675,0.0430146817359018,0,0.00013331675,0.013845894,0
7.677777777777778,0.0189465487640755,0,0.00014332081,0.01432634,0
7.680555555555555,0.0143072791820967,0,0.00017781547,0.01585788,0
7.683333333333334,-0.0047287239039074,0,0.00015429172,0.0148330005,0
7.686111111111111,0.0469751265215433,0,0.00013158121,0.013760601,0
7.688888888888889,0.0313719382339874,0,0.00017112438,0.015574171,0
7.691666666666666,0.0290281732933516,0,0.00017742865,0.015841637,0
7.694444444444445,0.0306670026966435,0,0.00012912146,0.013638688,0
7.697222222222222,0.0236360427768602,0,8.635624e-05,0.011279165,0
7.7,0.0103028122908397,0,9.8492324e-05,0.012002305,0
7.7027777777777775,0.0106271244361654,0,0.00016973689,0.015514605,0
7.705555555555556,0.0059055127497543,0,0.00016536462,0.015325152,0
7.708333333333333,0.0511817821652215,0,0.00014527376,0.014418015,0
7.711111111111111,0.0194349040491645,0,0.000132596,0.013810545,0
7.713888888888889,0.0036570272265173,0,0.0001464824,0.014474417,0
7.716666666666667,0.0171856889997935,0,0.00015027166,0.014649655,0
7.719444444444444,-0.0053096843008709,0,0.00014996548,0.014635584,0
7.722222222222222,0.0321209548056796,0,0.00023710704,0.018154813,0
7.725,-0.0006263768164627,0,0.000737703,0.030840125,0
7.727777777777778,0.0165581743557761,0,0.0013348344,0.040550563,0
7.730555555555555,0.0247646055893425,0,0.0011648678,0.038088612,0
7.733333333333333,0.0141967531232921,0,0.0049988586,0.07372819,0
7.736111111111111,0.0092964743155349,0,0.039174024,0.1780258,0
7.738888888888889,0.0071077141238208,0,0.0484997,0.19418786,0
7.741666666666666,0.0044750081798101,0,0.04753542,0.19261456,0
7.7444444444444445,-0.0060797436711852,0,0.09330041,0.2521518,0
7.747222222222222,-0.0086147092434996,0,0.22537802,0.35657814,0
7.75,0.0135529707433064,0,0.38353962,0.4435226,0
7.752777777777778,-0.0199181938977017,0,0.670225,0.58396274,0
7.7555555555555555,-0.0428437601081844,0,0.9687299,0.83773005,0
7.758333333333334,-0.0542790843183645,0,0.9949752,0.92610204,0
7.761111111111111,-0.0468154851065284,0,0.9946688,0.92413163,0
7.763888888888889,-0.0685887082232047,0,0.9968052,0.93966883,0
7.766666666666667,-0.0802234686699092,0,0.99881315,0.96158177,0
7.769444444444445,-0.0915145955560679,0,0.9991026,0.96623075,0
7.772222222222222,-0.0610229819261694,0,0.9987501,0.9606558,0
7.775,-0.0381131081041537,0,0.99873036,0.960372,0
7.777777777777778,0.036728162993369,0,0.99915624,0.96717983,0
7.780555555555556,0.1542146600331825,0,0.9993092,0.9700853,0
7.783333333333333,0.2796827620821719,0,0.9991757,0.9675341,0
7.786111111111111,0.3993270604389234,0,0.9992465,0.9688541,0
7.788888888888889,0.5567159891015766,0,0.99953413,0.9750949,0
7.791666666666667,0.7178863663832852,0,0.99965453,0.978342,1
7.794444444444444,0.8615051411344242,0,0.99947494,0.9736679,0
7.7972222222222225,0.8819764248360188,0,0.9994344,0.9727403,0
7.8,0.934049514332196,1,0.9995122,0.9745548,0
7.802777777777778,0.868738014560742,0,0.9995524,0.97555697,0
7.805555555555555,0.7848635766976463,0,0.99932885,0.97048277,0
7.808333333333334,0.6522909148002681,0,0.9992706,0.96932256,0
7.811111111111111,0.4909263095162738,0,0.99937207,0.9713828,0
7.813888888888889,0.3236486409948919,0,0.9994598,0.9733166,0
7.816666666666666,0.1776721699239807,0,0.99922276,0.9684044,0
7.819444444444445,0.03885059776918,0,0.9991524,0.9671109,0
7.822222222222222,-0.0758934870826952,0,0.99929845,0.9698713,0
7.825,-0.1118477403481049,0,0.99934715,0.97085965,0
7.8277777777777775,-0.1530002934664034,0,0.99895704,0.9638026,0
7.830555555555556,-0.1682642432101194,0,0.99881774,0.96165186,0
7.833333333333333,-0.202191017570528,0,0.9992186,0.96832603,0
7.836111111111111,-0.1599762354909374,0,0.9990007,0.96451,0
7.838888888888889,-0.1319558320050393,0,0.99833834,0.9551681,0
7.841666666666667,-0.131582691539336,0,0.99757916,0.94678235,0
7.844444444444444,-0.0895015280170029,0,0.99767214,0.94772065,0
7.847222222222222,-0.0665631413631586,0,0.9961577,0.9344495,0
7.85,-0.0153109230229056,0,0.9938315,0.9190649,0
7.852777777777778,0.0042761299442222,0,0.9783658,0.8608407,0
7.855555555555555,-0.0347750869301796,0,0.9628562,0.82581204,0
7.858333333333333,0.0391223259030301,0,0.805298,0.6634627,0
7.861111111111111,-0.0032389477089645,0,0.5462574,0.52216405,0
7.863888888888889,0.0318108886170385,0,0.12437606,0.28230593,0
7.866666666666666,0.0366678008037057,0,0.007885777,0.09017864,0
7.8694444444444445,0.0110719627163174,0,0.0019646913,0.04839685,0
7.872222222222222,0.0365833058937317,0,0.00065357913,0.029155033,0
7.875,0.0303230638162323,0,0.0005669135,0.0272893,0
7.877777777777778,0.042786748342654,0,0.0005982222,0.027980246,0
7.8805555555555555,0.0403926400701152,0,0.0006089111,0.028211594,0
7.883333333333334,0.0573545049764156,0,0.0003149066,0.020738719,0
7.886111111111111,0.0430900200014347,0,0.0002732255,0.019403752,0
7.888888888888889,0.0420975823409725,0,0.0003376931,0.021428226,0
7.891666666666667,0.0638408533004163,0,0.0003814893,0.02268592,0
7.894444444444445,0.0590298485196696,0,0.0002653092,0.019138018,0
7.897222222222222,0.0643725417579442,0,0.00028110816,0.019664252,0
7.9,0.0466502963581694,0,0.00038508477,0.022785611,0
7.902777777777778,0.0443195752650758,0,0.00032472675,0.02103908,0
7.905555555555556,0.0550201093437104,0,0.0002465641,0.018491212,0
7.908333333333333,0.0579206535729534,0,0.00034278916,0.02157895,0
7.911111111111111,0.0828835838631506,0,0.0004939194,0.02559265,0
7.913888888888889,0.0897489486086792,0,0.0004065545,0.023370609,0
7.916666666666667,0.076961583708242,0,0.0002821809,0.0196994,0
7.919444444444444,0.1050915931709416,0,0.0003179286,0.020831684,0
7.9222222222222225,0.1086525509207506,0,0.00039477996,0.02305192,0
7.925,0.0964304622897674,0,0.00037036857,0.02237433,0
7.927777777777778,0.085258464932184,0,0.00027924127,0.019602915,0
7.930555555555555,0.1261746453070028,0,0.00036447938,0.02220726,0
7.933333333333334,0.1067313234154216,0,0.00044336423,0.024335729,0
7.936111111111111,0.1147819540739934,0,0.00039948305,0.023179822,0
7.938888888888889,0.1131726798900827,0,0.00047265048,0.025072828,0
7.941666666666666,0.1104248495295766,0,0.000401881,0.023244726,0
7.944444444444445,0.107367209567224,0,0.00021005787,0.017150622,0
7.947222222222222,0.1446267393501094,0,0.00020638428,0.017008986,0
7.95,0.1292222931727372,0,0.00021555835,0.017360227,0
7.9527777777777775,0.1927986195561875,0,0.00025840104,0.018902611,0
7.955555555555556,0.136628919413029,0,0.00030244442,0.020350162,0
7.958333333333333,0.1401442042572652,0,0.0003183663,0.020845106,0
7.961111111111111,0.1728002609153159,0,0.0003938385,0.023026215,0
7.963888888888889,0.1942765037212812,0,0.0004933564,0.025579048,0
7.966666666666667,0.1785260350358244,0,0.0004551328,0.024635024,0
7.969444444444444,0.1923787305646813,0,0.00038795147,0.022864725,0
7.972222222222222,0.16238246019634,0,0.00035503035,0.021936104,0
7.975,0.1861008672409105,0,0.0003735724,0.02246461,0
7.977777777777778,0.1863586014317697,0,0.00039983867,0.023189457,0
7.980555555555555,0.1801915897551428,0,0.00035222276,0.021854792,0
7.983333333333333,0.2164649246555685,0,0.00032759027,0.02112573,0
7.986111111111111,0.1870823297254719,0,0.00031917923,0.020870017,0
7.988888888888889,0.2068107721737874,0,0.0002997075,0.020263664,0
7.991666666666666,0.2243919499248856,0,0.00026163444,0.01901321,0
7.9944444444444445,0.225656572960064,0,0.00022679521,0.017779658,0
7.997222222222222,0.2496005624120076,0,0.00022667287,0.017775152,0
8.0,0.2536021114810331,0,0.00023211646,0.017974371,0
8.002777777777778,0.2676077943888257,0,0.00022744507,0.017803563,0
8.005555555555556,0.2704707263528811,0,0.00022190226,0.017598426,0
8.008333333333333,0.2810667711910972,0,0.00019785455,0.016674804,0
8.011111111111111,0.2684650279157183,0,0.00020210749,0.01684238,0
8.01388888888889,0.2773393615982878,0,0.00021124005,0.017195918,0
8.016666666666667,0.2844932957053434,0,0.00022098108,0.017564066,0
8.019444444444444,0.282704414837483,0,0.00022283875,0.017633284,0
8.022222222222222,0.2780932246310641,0,0.0001923617,0.016455483,0
8.025,0.2822364047251431,0,0.00015925594,0.01505591,0
8.027777777777779,0.2778205664833953,0,0.0001430768,0.014314838,0
8.030555555555555,0.2989477641777903,0,0.00015955475,0.01506921,0
8.033333333333333,0.2934222622078954,0,0.00020072973,0.016788298,0
8.036111111111111,0.2867551302190489,0,0.0002554581,0.01880129,0
8.03888888888889,0.2882936078497373,0,0.0002778561,0.019557267,0
8.041666666666666,0.2812443784850886,0,0.00030854097,0.020541303,0
8.044444444444444,0.3149000775781086,0,0.00032375642,0.021009618,0
8.047222222222222,0.3018545942257954,0,0.00032622175,0.02108437,0
8.05,0.2878300203318661,0,0.00032703232,0.021108873,0
8.052777777777777,0.3126350970400023,0,0.0003253617,0.02105833,0
8.055555555555555,0.2914738334451868,0,0.0002982637,0.020217866,0
8.058333333333334,0.2777975244609514,0,0.0002810918,0.019663718,0
8.061111111111112,0.3128718699921429,0,0.00025772466,0.018879378,0
8.063888888888888,0.2878041378229313,0,0.00025134036,0.018658468,0
8.066666666666666,0.2876884848559526,0,0.0002174088,0.017430091,0
8.069444444444445,0.2920623480591124,0,0.00020249306,0.016857475,0
8.072222222222223,0.3058756057958806,0,0.00022109257,0.01756823,0
8.075,0.2860081553084619,0,0.00022311282,0.017643463,0
8.077777777777778,0.2643807079423711,0,0.00021735617,0.017428115,0
8.080555555555556,0.2868858663826452,0,0.00025418622,0.018757313,0
8.083333333333334,0.2675257665855019,0,0.0002968699,0.020173544,0
8.08611111111111,0.2989181740966109,0,0.000302713,0.020358618,0
8.088888888888889,0.2661209624201884,0,0.00030392292,0.020396696,0
8.091666666666667,0.2279050677390157,0,0.00036146064,0.022121051,0
8.094444444444445,0.2618536058417403,0,0.00037839595,0.022599755,0
8.097222222222221,0.2805101594292017,0,0.00032356882,0.021003915,0
8.1,0.2696298940202012,0,0.00028610218,0.01982725,0
8.102777777777778,0.2679238202250729,0,0.00028046113,0.019643018,0
8.105555555555556,0.219467011723118,0,0.00025935523,0.018935332,0
8.108333333333333,0.2426022777138753,0,0.00024484177,0.01843047,0
8.11111111111111,0.2121166122655824,0,0.00022756784,0.017808074,0
8.113888888888889,0.2202246951925948,0,0.00022055692,0.017548224,0
8.116666666666667,0.191584448890815,0,0.00019781776,0.016673347,0
8.119444444444444,0.1947519766715527,0,0.00019569728,0.01658906,0
8.122222222222222,0.1879538163169591,0,0.00023127082,0.01794359,0
8.125,0.2052098199718884,0,0.00028881812,0.019915259,0
8.127777777777778,0.1973478115871406,0,0.00033566472,0.021367889,0
8.130555555555556,0.1830822833468153,0,0.00034299563,0.021585029,0
8.133333333333333,0.1522694436290048,0,0.00039384846,0.023026487,0
8.136111111111111,0.1614646128984023,0,0.00044523686,0.024383646,0
8.13888888888889,0.1485928153835293,0,0.00044542475,0.024388444,0
8.141666666666667,0.1665205960168511,0,0.00042827806,0.023945661,0
8.144444444444444,0.1648976111639603,0,0.00044184725,0.024296837,0
8.147222222222222,0.1568907129938537,0,0.00045585158,0.024653168,0
8.15,0.1236189293882957,0,0.00045778896,0.02470199,0
8.152777777777779,0.0878494385517236,0,0.00042330343,0.023815405,0
8.155555555555555,0.0965360830213658,0,0.0003968191,0.023107477,0
8.158333333333333,0.1385749943511536,0,0.00036338373,0.022176012,0
8.161111111111111,0.1055621812335643,0,0.00036683638,0.022274299,0
8.16388888888889,0.0947784165059499,0,0.0003572893,0.022001283,0
8.166666666666666,0.1252720569440491,0,0.00038071114,0.022664279,0
8.169444444444444,0.1143429272166022,0,0.00041135645,0.023499131,0
8.172222222222222,0.0906112775984308,0,0.0004765016,0.025167882,0
8.175,0.0808725242246648,0,0.00048923783,0.025479298,0
8.177777777777777,0.0784746894760183,0,0.00043823334,0.024203887,0
8.180555555555555,0.0792027769181653,0,0.00044629027,0.024410544,0
8.183333333333334,0.0952938328832976,0,0.00045013166,0.02450836,0
8.186111111111112,0.0732880790541473,0,0.00040418087,0.023306768,0
8.188888888888888,0.0736604496919699,0,0.00043181935,0.024037892,0
8.191666666666666,0.0762892480668504,0,0.0004852081,0.025381247,0
8.194444444444445,0.0373461281800284,0,0.00050142704,0.025773214,0
8.197222222222223,0.0625152680753133,0,0.000468208,0.024962649,0
8.2,0.0432334830668403,0,0.0004745821,0.025120558,0
8.202777777777778,0.0065269987119612,0,0.0005264851,0.02636543,0
8.205555555555556,0.0091167365918047,0,0.00056916283,0.02733962,0
8.208333333333334,0.0226901197009164,0,0.0005335288,0.026529113,0
8.21111111111111,0.0430015427950981,0,0.0004788091,0.025224637,0
8.213888888888889,0.0339568424970128,0,0.00047149564,0.02504424,0
8.216666666666667,0.0323737057244505,0,0.00045835093,0.024716135,0
8.219444444444445,0.0563685277267435,0,0.00038526798,0.022790676,0
8.222222222222221,0.0056979192556658,0,0.0003787625,0.022609985,0
8.225,0.0220820964435832,0,0.00040205053,0.023249304,0
8.227777777777778,0.0249444925398059,0,0.00038304852,0.022729216,0
8.230555555555556,0.0073387275496274,0,0.00036974222,0.022356631,0
8.233333333333333,0.016928480641137,0,0.00040244593,0.023259984,0
8.23611111111111,-0.0092636813885,0,0.00038555916,0.022798728,0
8.238888888888889,0.0342226588137293,0,0.0004344184,0.024105316,0
8.241666666666667,0.0012901801554937,0,0.00040326928,0.023282202,0
8.244444444444444,0.0405228745516239,0,0.00038739562,0.022849413,0
8.247222222222222,0.0081947233682176,0,0.0003906197,0.022938082,0
8.25,0.0228205076269312,0,0.00035806798,0.022023698,0
8.252777777777778,0.0054014062690241,0,0.0003040777,0.02040157,0
8.255555555555556,0.0046199828101125,0,0.00030860072,0.020543166,0
8.258333333333333,-0.0047244959846453,0,0.00037941858,0.022628283,0
8.261111111111111,0.0048479980950211,0,0.00040207582,0.023249984,0
8.26388888888889,0.0069226064845595,0,0.0003571725,0.021997917,0
8.266666666666667,-0.0104574425537391,0,0.0003456998,0.02166449,0
8.269444444444444,-0.0013569329130469,0,0.00032799307,0.021137891,0
8.272222222222222,-0.0093656527970483,0,0.00028230227,0.019703364,0
8.275,0.0335991425162959,0,0.0002830264,0.019727042,0
8.277777777777779,-0.0028755692872893,0,0.0003017632,0.020328667,0
8.280555555555555,0.0210597010519574,0,0.00034621696,0.021679645,0
8.283333333333333,-0.0056007658543707,0,0.00042447328,0.02384611,0
8.286111111111111,0.0007138176639264,0,0.00043229858,0.02405034,0
8.28888888888889,-0.0234692300495026,0,0.00040998,0.02346237,0
8.291666666666666,-0.0107949765004632,0,0.0003987926,0.023161096,0
8.294444444444444,-0.0013403271281397,0,0.00042553293,0.023873884,0
8.297222222222222,0.0189105588272022,0,0.00045270583,0.024573652,0
8.3,-0.0019048115113571,0,0.0004607879,0.024777347,0
8.302777777777777,0.015190219125964,0,0.00043053474,0.024004484,0
8.305555555555555,0.0037363945286166,0,0.00043101434,0.024016958,0
8.308333333333334,0.0182477819360642,0,0.00039220662,0.02298158,0
8.311111111111112,-0.0073190033887721,0,0.00035126222,0.021826891,0
8.313888888888888,0.0291668235142098,0,0.0003273283,0.021117823,0
8.316666666666666,-0.0142050899299812,0,0.00034862748,0.021750137,0
8.319444444444445,-0.0186445484221602,0,0.0003669222,0.022276731,0
8.322222222222223,-0.0255089927217417,0,0.00039170668,0.02296789,0
8.325,0.0274083207005627,0,0.00037680814,0.022555366,0
8.327777777777778,0.0045464694086061,0,0.00036784928,0.022303032,0
8.330555555555556,-0.0129355854795622,0,0.00035569028,0.021955175,0
8.333333333333334,0.0106417900131747,0,0.00035472703,0.02192734,0
8.33611111111111,0.0020599754751432,0,0.00034054232,0.021512646,0
8.338888888888889,0.0210818018771601,0,0.00035241523,0.021860378,0
8.341666666666667,-0.0317758512932218,0,0.0003605438,0.022094795,0
8.344444444444445,-0.0126811934870775,0,0.00038124959,0.022679256,0
8.347222222222221,-0.0157758122227661,0,0.00039028432,0.022928877,0
8.35,-0.0385757273104047,0,0.0003754173,0.022516407,0
8.352777777777778,0.006806148163251,0,0.00032343372,0.020999817,0
8.355555555555556,-0.0132791940791009,0,0.00030334393,0.020378496,0
8.358333333333333,0.0017501287482027,0,0.0003013685,0.020316204,0
8.36111111111111,0.0259341817642596,0,0.00032205402,0.02095782,0
8.363888888888889,-0.0148763965178906,0,0.0003068975,0.020489978,0
8.366666666666667,-0.0160079553110008,0,0.00031892952,0.020862369,0
8.369444444444444,-0.0080214532361086,0,0.0003654933,0.022236126,0
8.372222222222222,0.0048984700968392,0,0.00039285756,0.0229994,0
8.375,-0.018518038139913,0,0.00037783058,0.022583958,0
8.377777777777778,-0.0195873340252974,0,0.00035490954,0.021932619,0
8.380555555555556,0.0056307307207646,0,0.0003279224,0.02113576,0
8.383333333333333,-0.0046504952827454,0,0.00028806573,0.019890916,0
8.386111111111111,-0.0411028949691016,0,0.00024380494,0.018393792,0
8.38888888888889,-0.0289137578275079,0,0.00023622635,0.01812312,0
8.391666666666667,0.0118856230534573,0,0.00026375608,0.01908539,0
8.394444444444444,-0.0047032357213068,0,0.00027076996,0.019321775,0
8.397222222222222,-0.0222636288160265,0,0.00027703817,0.019530248,0
8.4,-0.0134847107132901,0,0.00028606888,0.019826174,0
8.402777777777779,-0.0108272867282684,0,0.0002852883,0.019800792,0
8.405555555555555,-8.653839360095797e-05,0,0.00028941903,0.01993466,0
8.408333333333333,-0.0315926451841813,0,0.00026368746,0.019083062,0
8.411111111111111,-0.0239285478491917,0,0.00024980278,0.018604811,0
8.41388888888889,-0.0073150426387249,0,0.00021836592,0.017466107,0
8.416666666666666,-0.0130013884666413,0,0.00022766704,0.01781172,0
8.419444444444444,-0.0030198428570043,0,0.0002449798,0.018435346,0
8.422222222222222,-0.0301334914612011,0,0.00027782164,0.019556127,0
8.425,-0.00642627364219,0,0.00029873013,0.02023268,0
8.427777777777777,0.0044992121841599,0,0.00031844247,0.020847442,0
8.430555555555555,-0.0046624063618675,0,0.00034022384,0.02150323,0
8.433333333333334,-0.0099666794882991,0,0.00034283823,0.021580394,0
8.436111111111112,-0.0135784541302914,0,0.0003174307,0.020816399,0
8.438888888888888,-0.0247475330647752,0,0.0003126349,0.02066852,0
8.441666666666666,-0.0133864607513229,0,0.00027614288,0.019500624,0
8.444444444444445,0.0065109536412183,0,0.00027173536,0.019354047,0
8.447222222222223,-0.01424376336435,0,0.00029267356,0.020039413,0
8.45,-0.0258735532579357,0,0.0003241712,0.021022221,0
8.452777777777778,-0.0199714751236197,0,0.00032975042,0.02119083,0
8.455555555555556,-0.0096277804217608,0,0.00035459164,0.021923427,0
8.458333333333334,-0.0182855371676184,0,0.00037179491,0.02241458,0
8.46111111111111,-0.0054327408117991,0,0.00037430998,0.022485342,0
8.463888888888889,-0.0048834615890672,0,0.00037356655,0.022464452,0
8.466666666666667,0.0006137543228448,0,0.00037550213,0.022518788,0
8.469444444444445,0.0086603714380612,0,0.00037654725,0.02254807,0
8.472222222222221,0.0023002220752079,0,0.00037357456,0.022464672,0
8.475,-0.0265632396637098,0,0.0003606225,0.02209705,0
8.477777777777778,-0.0259759891719568,0,0.00033137875,0.02123975,0
8.480555555555556,-0.0133873145133554,0,0.0003115103,0.020633664,0
8.483333333333333,-0.0187928278556476,0,0.00031181003,0.020642959,0
8.48611111111111,-0.0288125377213057,0,0.00031811782,0.020837488,0
8.488888888888889,-0.0180037742733993,0,0.0003324825,0.021272838,0
8.491666666666667,-0.0180545410856974,0,0.00035687943,0.021989478,0
8.494444444444444,-0.0204791179259205,0,0.00038172852,0.022692578,0
8.497222222222222,-0.0144964134284373,0,0.00039316458,0.023007797,0
8.5,0.0086787253807758,0,0.0003901963,0.022926457,0
8.502777777777778,-0.0051142019696726,0,0.0003763007,0.022541165,0
8.505555555555556,0.03001793938065,0,0.0003509476,0.02181774,0
8.508333333333333,-0.0032947576849517,0,0.000367338,0.022288531,0
8.511111111111111,-0.0088182805189243,0,0.00039411776,0.023033839,0
8.51388888888889,-0.0028271094583509,0,0.00037278247,0.022442391,0
8.516666666666667,0.0027438700365152,0,0.0003486684,0.021751337,0
8.519444444444444,0.0074316699957445,0,0.00034917,0.021765966,0
8.522222222222222,0.0342927088866684,0,0.00034580118,0.021667464,0
8.525,-0.0070555487995289,0,0.00032310732,0.020989891,0
8.527777777777779,0.0212431684098377,0,0.00033992538,0.021494396,0
8.530555555555555,0.0144631566866963,0,0.000362774,0.022158608,0
8.533333333333333,-0.0089719875010095,0,0.00040652233,0.023369743,0
8.536111111111111,0.0296589578159028,0,0.00040894106,0.02343459,0
8.53888888888889,0.0408673670469882,0,0.0003864139,0.02282233,0
8.541666666666666,0.0129900611827031,0,0.00036720166,0.02228466,0
8.544444444444444,0.0299333523054782,0,0.0003182877,0.020842697,0
8.547222222222222,0.0086114327715298,0,0.00029204172,0.020019127,0
8.55,0.0202134005571033,0,0.00030489164,0.02042713,0
8.552777777777777,0.059568549631643,0,0.00032224905,0.020963764,0
8.555555555555555,0.0417178150409127,0,0.000345054,0.021645544,0
8.558333333333334,0.0370210825260311,0,0.00037307685,0.022450676,0
8.561111111111112,0.0620626479108157,0,0.00041089064,0.023486702,0
8.563888888888888,0.0557324029192408,0,0.00043001055,0.023990832,0
8.566666666666666,0.0613829518899417,0,0.00042600272,0.02388619,0
8.569444444444445,0.0842870458911812,0,0.0004197367,0.023721494,0
8.572222222222223,0.0603432412383922,0,0.00041817932,0.02368036,0
8.575,0.0685257485954487,0,0.000409911,0.023460533,0
8.577777777777778,0.0884647518766977,0,0.00039542813,0.023069596,0
8.580555555555556,0.1043996625561994,0,0.0003723701,0.02243078,0
8.583333333333334,0.1117437899163466,0,0.00038654532,0.022825962,0
8.58611111111111,0.0860705544352613,0,0.00036202223,0.022137117,0
8.588888888888889,0.1125038462837317,0,0.00038190818,0.022697564,0
8.591666666666667,0.0885647766652278,0,0.00042940586,0.023975082,0
8.594444444444445,0.1290629727954819,0,0.00045909843,0.024734931,0
8.597222222222221,0.0854450435374783,0,0.00045018102,0.024509614,0
8.6,0.1225870166745245,0,0.00039301696,0.023003757,0
8.602777777777778,0.0924430510633471,0,0.0004167421,0.023642315,0
8.605555555555556,0.131546002419972,0,0.00041743097,0.023660561,0
8.608333333333333,0.1087129453065215,0,0.00042612766,0.02388946,0
8.61111111111111,0.0825579340474183,0,0.00041165692,0.02350715,0
8.613888888888889,0.0874066823707257,0,0.0004112,0.023494959,0
8.616666666666667,0.1039216998010523,0,0.00042612496,0.023889387,0
8.619444444444444,0.1045196289508781,0,0.00045334923,0.024589943,0
8.622222222222222,0.0838031553071939,0,0.00042253142,0.023795117,0
8.625,0.0813253739307308,0,0.00040633115,0.023364604,0
8.627777777777778,0.0875327975031584,0,0.0003934244,0.0230149,0
8.630555555555556,0.0734014378483169,0,0.0004091142,0.023439223,0
8.633333333333333,0.0471091200314287,0,0.00039523523,0.023064332,0
8.636111111111111,0.0492795769619197,0,0.00040316532,0.023279395,0
8.63888888888889,0.0598924000385865,0,0.00041866413,0.023693172,0
8.641666666666667,0.0694695686342845,0,0.0004206899,0.023746636,0
8.644444444444444,0.0703774452846696,0,0.00036399256,0.022193382,0
8.647222222222222,0.0528042373718865,0,0.0003163253,0.020782428,0
8.65,0.0405077045709284,0,0.00032289117,0.020983312,0
8.652777777777779,0.0426665778436759,0,0.00032556336,0.021064436,0
8.655555555555555,0.0168486296153126,0,0.00020232343,0.016850827,0
8.658333333333333,0.0201718275096817,0,0.00011649202,0.012992203,0
8.661111111111111,0.0059538459747718,0,7.592532e-05,0.010613015,0
8.66388888888889,-0.0043294919793759,0,0.00010467145,0.0123522505,0
8.666666666666666,0.0157414472401028,0,0.00014642083,0.014471547,0
8.669444444444444,0.0101140939615257,0,0.00018033553,0.01596324,0
8.672222222222222,0.0144977437883401,0,0.00013204562,0.013783484,0
8.675,0.0094826363580814,0,0.00011988769,0.013169556,0
8.677777777777777,0.0022898874701754,0,0.00011946362,0.013147556,0
8.680555555555555,0.0046020658117727,0,0.00014376936,0.014347452,0
8.683333333333334,-0.0065517148857861,0,0.00013038592,0.013701516,0
8.686111111111112,-0.001661257869208,0,0.00014051133,0.01419328,0
8.688888888888888,-0.0204821713870534,0,0.00016872675,0.015471068,0
8.691666666666666,-0.0055862668530727,0,0.0001570385,0.014956806,0
8.694444444444445,-0.0024687046764769,0,0.000105628504,0.012405456,0
8.697222222222223,-0.023739549458988,0,8.7105305e-05,0.011325308,0
8.7,-0.0139673221703819,0,0.000104424114,0.012338458,0
8.702777777777778,-0.0250149525064747,0,0.00019211463,0.016445536,0
8.705555555555556,-0.0243542227656628,0,0.00018472149,0.01614475,0
8.708333333333334,-0.0340191161907497,0,0.00015004215,0.014639114,0
8.71111111111111,0.0012476091337403,0,0.00012854896,0.013610134,0
8.713888888888889,-0.002264462856674,0,0.00014744441,0.014519134,0
8.716666666666667,-0.0106267084957122,0,0.00017419967,0.015705293,0
8.719444444444445,0.0105180133018324,0,0.00021531248,0.017350923,0
8.722222222222221,-0.0222295700176843,0,0.00029712502,0.020181667,0
8.725,0.0257967536439333,0,0.0007079651,0.030257132,0
8.727777777777778,-0.0233646337060305,0,0.0011714604,0.038187705,0
8.730555555555556,-0.0164141256918195,0,0.0010338692,0.03605094,0
8.733333333333333,-0.0265809303834779,0,0.0041925968,0.06816272,0
8.73611111111111,-0.0155968352196497,0,0.04535453,0.18897918,0
8.738888888888889,-0.0096020287856172,0,0.06991699,0.22491002,0
8.741666666666667,-0.0254889845803811,0,0.07219968,0.22780553,0
8.744444444444444,0.0001006058035386,0,0.13775045,0.293828,0
8.747222222222222,-0.0274243400697686,0,0.30874196,0.40483874,0
8.75,-0.0337400545832143,0,0.4078269,0.45554116,0
8.752777777777778,-0.0610980215949631,0,0.7638949,0.6367649,0
8.755555555555556,-0.0539678345753734,0,0.96624035,0.83251846,0
8.758333333333333,-0.0777482570986464,0,0.9927394,0.913033,0
8.761111111111111,-0.1016617237741897,0,0.98763275,0.89033395,0
8.76388888888889,-0.1195999901440043,0,0.9937769,0.91874886,0
8.766666666666667,-0.0777941348307769,0,0.998635,0.95903194,0
8.769444444444444,-0.1208573569249904,0,0.99909985,0.96618307,0
8.772222222222222,-0.120741990299001,0,0.99852127,0.9574992,0
8.775,-0.0682063000186114,0,0.99863964,0.9590954,0
8.777777777777779,0.0105669451117078,0,0.99938107,0.97157407,0
8.780555555555555,0.1185779370706238,0,0.9994747,0.9736631,0
8.783333333333333,0.2455940071325216,0,0.99905175,0.9653604,0
8.786111111111111,0.3949023867128453,0,0.9988649,0.96236235,0
8.78888888888889,0.5305683142501773,0,0.9994068,0.9721291,0
8.791666666666666,0.6920505214631398,0,0.9994804,0.97379696,0
8.794444444444444,0.7931569675037122,0,0.9990978,0.96614754,0
8.797222222222222,0.8720974605300419,0,0.9990239,0.9648942,0
8.8,0.8867894637035785,1,0.99946624,0.9734641,0
8.802777777777777,0.8422326612721298,0,0.9995116,0.97453964,0
8.805555555555555,0.7810216415792413,0,0.99913067,0.96672285,0
8.808333333333334,0.638767479162165,0,0.9990835,0.9659006,0
8.811111111111112,0.4825667597676571,0,0.99951005,0.97450334,0
8.813888888888888,0.3029308798258999,0,0.99954396,0.975342,1
8.816666666666666,0.1599054198177441,0,0.99912065,0.96654594,0
8.819444444444445,-0.0088461554091754,0,0.9989085,0.96303713,0
8.822222222222223,-0.0703111674622042,0,0.99927276,0.96936375,0
8.825,-0.1501835716329584,0,0.9991191,0.9665202,0
8.827777777777778,-0.1841741693953965,0,0.9973586,0.94463676,0
8.830555555555556,-0.2044909208961047,0,0.9958759,0.9323373,0
8.833333333333334,-0.2231563372758683,0,0.99843925,0.9564349,0
8.83611111111111,-0.2161913337805083,0,0.9977107,0.94811493,0
8.838888888888889,-0.1820263985129222,0,0.99464273,0.92396694,0
8.841666666666667,-0.13687943661409,0,0.98927665,0.8968904,0
8.844444444444445,-0.1085138773984423,0,0.9967913,0.939551,0
8.847222222222221,-0.1145511068334688,0,0.9922368,0.91043884,0
8.85,-0.086858336180313,0,0.96407914,0.8281888,0
8.852777777777778,-0.0646234632813688,0,0.86612743,0.70943916,0
8.855555555555556,-0.0443370119530784,0,0.8691725,0.71204555,0
8.858333333333333,-0.0478682375358462,0,0.5280058,0.5134001,0
8.86111111111111,-0.0399745586138692,0,0.19683325,0.33798385,0
8.863888888888889,-0.0243414085418065,0,0.020789567,0.13684547,0
8.866666666666667,-0.0056911017426001,0,0.0044354117,0.06989993,0
8.869444444444444,-0.0207765357518412,0,0.0014299693,0.041852504,0
8.872222222222222,-0.0016065214864262,0,0.0004983883,0.025700316,0
8.875,0.0187826583439428,0,0.00039757587,0.023128053,0
8.877777777777778,-0.0140636731091257,0,0.0005788546,0.027555233,0
8.880555555555556,0.0048508966026147,0,0.0005705291,0.027370142,0
8.883333333333333,0.0258204676912915,0,0.00024689533,0.018502865,0
8.886111111111111,0.0067502548591114,0,0.000158568,0.015025245,0
8.88888888888889,0.0071023246001488,0,0.00029829438,0.020218851,0
8.891666666666667,0.0359712986679765,0,0.000333618,0.021306807,0
8.894444444444444,0.0168780164015197,0,0.00019316345,0.016487703,0
8.897222222222222,0.0411389429236702,0,0.00015379231,0.014810365,0
8.9,0.0342596628734502,0,0.0002949532,0.020112405,0
8.902777777777779,0.0260927117199249,0,0.00023310185,0.018010166,0
8.905555555555555,0.0419998124209927,0,0.00014197516,0.0142627815,0
8.908333333333333,0.0433407473102984,0,0.00014635257,0.014468372,0
8.911111111111111,0.0577382528305097,0,0.00031417428,0.020716123,0
8.91388888888889,0.0382526733746361,0,0.0002856323,0.019811982,0
8.916666666666666,0.0513104172978449,0,0.00019353714,0.016502693,0
8.919444444444444,0.0541448466040388,0,0.00017706849,0.015826492,0
8.922222222222222,0.0701643569548933,0,0.00031580072,0.020766277,0
8.925,0.0489161308012606,0,0.0003045764,0.020417236,0
8.927777777777777,0.0843944163986911,0,0.00019466161,0.01654772,0
8.930555555555555,0.0811312881128636,0,0.00019606148,0.016603569,0
8.933333333333334,0.0595253722736528,0,0.00034363224,0.021603763,0
8.936111111111112,0.1026872479910438,0,0.0002845277,0.019776022,0
8.938888888888888,0.1234940058932682,0,0.0002936258,0.020069942,0
8.941666666666666,0.1105579525084559,0,0.00023003074,0.017898342,0
8.944444444444445,0.1226040534564478,0,0.00015751479,0.014978157,0
8.947222222222223,0.1082613658014988,0,0.00018099204,0.015990559,0
8.95,0.0879432716851939,0,0.00021019892,0.017156033,0
8.952777777777778,0.0911826920092991,0,0.00021102004,0.017187497,0
8.955555555555556,0.1287322668050483,0,0.0002550198,0.018786147,0
8.958333333333334,0.1221592907078033,0,0.00028764555,0.019877315,0
8.96111111111111,0.1235124379029416,0,0.00037594087,0.022531083,0
8.963888888888889,0.142528224513676,0,0.0003837872,0.022749694,0
8.966666666666667,0.1589741638135535,0,0.0003492932,0.021769563,0
8.969444444444445,0.1342383450193033,0,0.00031316798,0.02068502,0
8.972222222222221,0.155589388131182,0,0.00029383806,0.020076739,0
8.975,0.1912515948245047,0,0.00029140117,0.019998534,0
8.977777777777778,0.1587274639061761,0,0.0003051749,0.02043602,0
8.980555555555556,0.194112449292401,0,0.00033509222,0.021350827,0
8.983333333333333,0.1799436578053359,0,0.0003447237,0.021635847,0
8.98611111111111,0.2014725336853286,0,0.00030117173,0.020309987,0
8.988888888888889,0.2157218323830375,0,0.0002775971,0.019548716,0
8.991666666666667,0.2162454546813391,0,0.00027347307,0.019411992,0
8.994444444444444,0.2244986260842546,0,0.00026365576,0.01908198,0
8.997222222222222,0.1991757392142207,0,0.00023642168,0.018130155,0
9.0,0.2385791814718896,0,0.00022744465,0.017803546,0
9.002777777777778,0.2143277963769974,0,0.00022971052,0.017886633,0
9.005555555555556,0.2360578105939592,0,0.00021061538,0.017172,0
9.008333333333333,0.2408711494816605,0,0.00017444367,0.015715647,0
9.011111111111113,0.2488775114094399,0,0.00017663917,0.015808424,0
9.01388888888889,0.2510133957860326,0,0.00019034525,0.016374122,0
9.016666666666667,0.2374007716047723,0,0.00020943032,0.017126525,0
9.019444444444444,0.233635351355229,0,0.00019613084,0.016606333,0
9.022222222222222,0.2705074565978857,0,0.00021481092,0.017331917,0
9.025,0.2634497577417474,0,0.00024388608,0.018396676,0
9.02777777777778,0.2808327192391129,0,0.00026731327,0.01920569,0
9.030555555555557,0.2655303866383743,0,0.00023455432,0.01806277,0
9.033333333333331,0.2474034533123963,0,0.00023679619,0.018143632,0
9.036111111111111,0.2849144840791292,0,0.00024691154,0.018503437,0
9.03888888888889,0.2664637086155083,0,0.00024753856,0.01852548,0
9.041666666666666,0.2783953941025466,0,0.00024309767,0.01836873,0
9.044444444444444,0.2644443522810556,0,0.00025701185,0.018854866,0
9.047222222222222,0.2993532508700808,0,0.00026127623,0.019000994,0
9.05,0.2617123586199558,0,0.00024393262,0.018398313,0
9.052777777777775,0.2696104618438455,0,0.00022498112,0.017712712,0
9.055555555555555,0.2757343412910377,0,0.00024168355,0.018318491,0
9.058333333333334,0.2568321608098972,0,0.00024441123,0.01841526,0
9.061111111111112,0.2769098040905252,0,0.00022499633,0.017713277,0
9.063888888888888,0.2945171340117596,0,0.00021350122,0.017282179,0
9.066666666666666,0.2610231247045562,0,0.00022216733,0.017608296,0
9.069444444444445,0.2720108687222428,0,0.00022896923,0.017859496,0
9.072222222222225,0.2222160971632244,0,0.00023080097,0.017926458,0
9.075,0.259927087258205,0,0.00023536281,0.01809198,0
9.077777777777778,0.2525586136308838,0,0.0002711611,0.019334858,0
9.080555555555556,0.2414211670000502,0,0.00031240756,0.020661475,0
9.083333333333334,0.2660782066019838,0,0.00033175744,0.02125111,0
9.08611111111111,0.240847192439568,0,0.0003044493,0.020413242,0
9.088888888888889,0.2387036016101223,0,0.0002702822,0.019305442,0
9.091666666666669,0.2310879596052892,0,0.00025512825,0.0187899,0
9.094444444444443,0.2031441646946102,0,0.00025882118,0.018917024,0
9.09722222222222,0.2098534563768537,0,0.00024771492,0.01853167,0
9.1,0.2359891090353251,0,0.00023583703,0.01810909,0
9.102777777777778,0.1844821853060283,0,0.00023667903,0.018139418,0
9.105555555555556,0.1990317086104902,0,0.00023868275,0.018211355,0
9.108333333333333,0.1987790613924798,0,0.00026199038,0.019025346,0
9.11111111111111,0.2250483335054609,0,0.00030894246,0.020553822,0
9.113888888888887,0.2044302467129377,0,0.00034981672,0.02178482,0
9.116666666666667,0.1784561282044905,0,0.00036105752,0.022109512,0
9.119444444444444,0.2002163356343752,0,0.0003428967,0.021582115,0
9.122222222222222,0.1633152118322867,0,0.00033322032,0.02129491,0
9.125,0.1832897821817482,0,0.00033249616,0.021273244,0
9.127777777777778,0.1414727666451161,0,0.00032951406,0.021183714,0
9.130555555555556,0.1716456034312295,0,0.00034270308,0.02157641,0
9.133333333333333,0.1431490960176655,0,0.00034758396,0.02171966,0
9.136111111111113,0.1275263006187797,0,0.00033440706,0.021330377,0
9.13888888888889,0.1334421265309519,0,0.00031476308,0.020734299,0
9.141666666666667,0.134651130440048,0,0.0003000477,0.020274445,0
9.144444444444444,0.1169206391092499,0,0.00031245194,0.020662853,0
9.147222222222222,0.1265735046603497,0,0.00032080832,0.020919826,0
9.15,0.1035245549117057,0,0.00036716208,0.02228354,0
9.15277777777778,0.1156739547250938,0,0.00039085644,0.022944579,0
9.155555555555557,0.1072041854740077,0,0.000378845,0.022612287,0
9.158333333333331,0.0939722125409506,0,0.0003703857,0.022374816,0
9.161111111111111,0.0827015782767966,0,0.00036187918,0.022133028,0
9.16388888888889,0.086160254932857,0,0.00036560587,0.02223933,0
9.166666666666666,0.0868410733769381,0,0.00038884435,0.022889305,0
9.169444444444444,0.1043555926365852,0,0.00038463657,0.022773212,0
9.172222222222222,0.082507595415622,0,0.00040115564,0.023225116,0
9.175,0.0781945267656131,0,0.00038185064,0.022695966,0
9.177777777777775,0.1051750589249525,0,0.0003538848,0.02190297,0
9.180555555555555,0.0620366358080121,0,0.0003749053,0.022502054,0
9.183333333333334,0.057176146559399,0,0.0004074232,0.023393922,0
9.186111111111112,0.0562367988137707,0,0.00043385808,0.024090799,0
9.188888888888888,0.0264738497122182,0,0.00047508793,0.025133042,0
9.191666666666666,0.0310434997246494,0,0.0005041019,0.025837194,0
9.194444444444445,0.0263647392657709,0,0.0005253805,0.026339652,0
9.197222222222225,0.0400874182800807,0,0.0005251201,0.026333576,0
9.2,0.0243357974252269,0,0.0005431739,0.026751347,0
9.202777777777778,0.0257543827404105,0,0.0005420206,0.026724886,0
9.205555555555556,0.036880574676985,0,0.0005122784,0.02603161,0
9.208333333333334,0.0305561562433806,0,0.0005065126,0.025894688,0
9.21111111111111,0.0123725879067358,0,0.0004977484,0.025684925,0
9.213888888888889,0.0020839870580503,0,0.0005100503,0.025978802,0
9.216666666666669,0.0266409020369523,0,0.0005293463,0.026432063,0
9.219444444444443,0.0188364830527248,0,0.0005529689,0.026974829,0
9.22222222222222,-0.0191150356844556,0,0.0004968871,0.025664205,0
9.225,-0.0018376997285185,0,0.00045825806,0.024713796,0
9.227777777777778,0.003348806801604,0,0.00041323848,0.023549289,0
9.230555555555556,0.0106761277319991,0,0.00040532355,0.02333753,0
9.233333333333333,0.0108893388221808,0,0.00040195708,0.023246773,0
9.23611111111111,-0.000147601613252,0,0.00038724532,0.022845265,0
9.238888888888887,0.0028356714297214,0,0.0003661886,0.022255894,0
9.241666666666667,-0.0064153863423615,0,0.0003367022,0.021398773,0
9.244444444444444,-0.0188218459224096,0,0.00031440562,0.02072326,0
9.247222222222222,-0.0138765555731633,0,0.0002963722,0.020157687,0
9.25,-0.010827723922674,0,0.000289665,0.019942597,0
9.252777777777778,-0.0127037892264744,0,0.00031322383,0.02068674,0
9.255555555555556,-0.0414586462592712,0,0.00036398944,0.022193288,0
9.258333333333333,-0.0200535348317133,0,0.0004015532,0.023235861,0
9.261111111111113,-0.0140934366842303,0,0.00037641657,0.022544414,0
9.26388888888889,-0.0199354156052326,0,0.00039516026,0.02306229,0
9.266666666666667,-0.0201326475380822,0,0.00041871046,0.023694396,0
9.269444444444444,-0.0097667618203155,0,0.00044157755,0.024289915,0
9.272222222222222,-0.0338719428899799,0,0.00042096025,0.02375376,0
9.275,-0.0426573295691238,0,0.00038735318,0.022848243,0
9.27777777777778,-0.0239599114204968,0,0.0003819757,0.022699438,0
9.280555555555557,-0.0077311208480442,0,0.00035367152,0.021896794,0
9.283333333333331,0.0057070867218225,0,0.0002815314,0.019678125,0
9.286111111111111,-0.0082485005046182,0,0.00024330059,0.01837593,0
9.28888888888889,-0.0423422320563282,0,0.00025457257,0.018770685,0
9.291666666666666,-0.0241079163770855,0,0.00027408154,0.019432232,0
9.294444444444444,-0.0170458025942781,0,0.0002895551,0.019939056,0
9.297222222222222,-0.0184754949992012,0,0.00028817257,0.019894373,0
9.3,-0.0132671846108022,0,0.00028918099,0.01992698,0
9.302777777777775,-0.0353053050411279,0,0.00031820638,0.020840202,0
9.305555555555555,-0.0207456170080248,0,0.00032693066,0.021105811,0
9.308333333333334,-0.015564308996275,0,0.0003230654,0.02098861,0
9.311111111111112,-0.009614370292508,0,0.00036744465,0.022291563,0
9.313888888888888,-0.0341979680244961,0,0.00044825126,0.024460535,0
9.316666666666666,-0.0273862586029444,0,0.0004531013,0.024583668,0
9.319444444444445,-0.0628481952434729,0,0.00040579113,0.023350103,0
9.322222222222225,-0.031681462845622,0,0.00039186564,0.022972245,0
9.325,-0.0302821078577862,0,0.00039833132,0.023148576,0
9.327777777777778,-0.0377548298710676,0,0.0003614298,0.02212017,0
9.330555555555556,-0.0200118782583558,0,0.000338889,0.021463703,0
9.333333333333334,-0.0233609746662269,0,0.00034726536,0.021710336,0
9.33611111111111,-0.0564273074460812,0,0.0003653073,0.022230834,0
9.338888888888889,-0.0193161281828093,0,0.00036895825,0.022334453,0
9.341666666666669,-0.0364763039599501,0,0.00036694322,0.022277331,0
9.344444444444443,-0.0152624902794033,0,0.00037455666,0.02249226,0
9.34722222222222,-0.0417662503755378,0,0.0003811017,0.022675151,0
9.35,-0.0220738483153877,0,0.0003404446,0.021509757,0
9.352777777777778,-0.0267521536277433,0,0.00033469187,0.021338878,0
9.355555555555556,-0.0179346652421979,0,0.00036540968,0.022233743,0
9.358333333333333,-0.0205833552951286,0,0.00034686516,0.02169863,0
9.36111111111111,-0.0262503897171818,0,0.00033262267,0.021277027,0
9.363888888888887,-0.0454329417786751,0,0.0003797703,0.022638079,0
9.366666666666667,-0.044510017512557,0,0.00043377574,0.024088666,0
9.369444444444444,-0.0310706185836156,0,0.00042422573,0.023839617,0
9.372222222222222,-0.0223945423740612,0,0.0003975986,0.02312867,0
9.375,-0.0313499195464627,0,0.00037200216,0.022420414,0
9.377777777777778,-0.0128018955258245,0,0.00034913074,0.021764824,0
9.380555555555556,-0.0263204515943398,0,0.00036382757,0.022188678,0
9.383333333333333,-0.0365577342505885,0,0.00033482083,0.021342728,0
9.386111111111113,-0.0262028722343988,0,0.00031247904,0.020663695,0
9.38888888888889,-0.0185910154405723,0,0.00031631053,0.020781972,0
9.391666666666667,-0.0170518364579344,0,0.00034104462,0.021527492,0
9.394444444444444,0.0063055799812635,0,0.0003396847,0.021487273,0
9.397222222222222,-0.031847637951071,0,0.0003384831,0.021451673,0
9.4,-0.0228590356268643,0,0.00036102702,0.022108635,0
9.40277777777778,-0.0153068885899617,0,0.00039988544,0.023190726,0
9.405555555555557,-0.0219910780000754,0,0.00040577239,0.023349592,0
9.408333333333331,-0.0290891379380169,0,0.00039175336,0.022969168,0
9.411111111111111,-0.0447580482806579,0,0.0004079288,0.023407478,0
9.41388888888889,-0.0291202676266849,0,0.0004313109,0.024024673,0
9.416666666666666,-0.0375011138692432,0,0.00041606114,0.023624271,0
9.419444444444444,-0.0472318079794909,0,0.00038095642,0.022671107,0
9.422222222222222,-0.0332043501294154,0,0.00038851958,0.022880366,0
9.425,-0.0369113573673324,0,0.00041323178,0.023549108,0
9.427777777777775,-0.0123833734285751,0,0.0004256293,0.023876408,0
9.430555555555555,-0.0120583791839167,0,0.0004120619,0.023517946,0
9.433333333333334,-0.034566943104941,0,0.00039396263,0.0230296,0
9.436111111111112,-0.024845606899219,0,0.00038722524,0.022844713,0
9.438888888888888,-0.0487486807400903,0,0.00038539787,0.022794267,0
9.441666666666666,-0.0282224546027437,0,0.00037693515,0.022558922,0
9.444444444444445,-0.0147544026977915,0,0.00037243043,0.02243248,0
9.447222222222225,-0.0082963090115368,0,0.00037168895,0.022411587,0
9.45,-0.0312968079719499,0,0.00037235647,0.022430394,0
9.452777777777778,-0.0047534885432135,0,0.00036641886,0.02226244,0
9.455555555555556,-0.0431963915961778,0,0.00038031247,0.022653181,0
9.458333333333334,-0.0391046283419868,0,0.00041087868,0.023486381,0
9.46111111111111,-0.0096739842794243,0,0.00042547658,0.023872407,0
9.463888888888889,0.0048196983519632,0,0.0004128654,0.023539355,0
9.466666666666669,-0.0127733591208527,0,0.000397269,0.023119714,0
9.469444444444443,-0.0207072084506285,0,0.00038868166,0.02288483,0
9.47222222222222,-0.0529565808769257,0,0.00037136136,0.022402348,0
9.475,-0.0502918040730595,0,0.00036148579,0.022121772,0
9.477777777777778,-0.0179397532417444,0,0.00036849792,0.02232141,0
9.480555555555556,-0.0251771617009996,0,0.00037710601,0.022563705,0
9.483333333333333,-0.0363186046783681,0,0.00037094226,0.022390528,0
9.48611111111111,-0.0186724759380204,0,0.00037486956,0.022501046,0
9.488888888888887,-0.0178524166316451,0,0.0003747211,0.022496883,0
9.491666666666667,-0.0053366086762697,0,0.0003713525,0.022402102,0
9.494444444444444,-0.0173768112819904,0,0.00039148197,0.022961732,0
9.497222222222222,-0.0009224702174159,0,0.0004331341,0.024072021,0
9.5,-0.0191505589819255,0,0.00045243595,0.024566818,0
9.502777777777778,-0.0209221235279647,0,0.00043784935,0.02419399,0
9.505555555555556,-0.0031485924854619,0,0.0004065952,0.023371702,0
9.508333333333333,-0.0337106146119242,0,0.000395408,0.023069048,0
9.511111111111113,0.0232624328526916,0,0.00039244155,0.022988014,0
9.51388888888889,-0.0132452476389013,0,0.00038348677,0.022741368,0
9.516666666666667,-0.0130810571290014,0,0.0003848358,0.022778722,0
9.519444444444444,-0.0108359995737157,0,0.00038926178,0.022900786,0
9.522222222222222,0.0095261056320586,0,0.00038750458,0.022852413,0
9.525,-0.006661393589125,0,0.0003724926,0.022434229,0
9.52777777777778,-0.042542470565879,0,0.00038041855,0.022656143,0
9.530555555555557,0.002668234023425,0,0.00040355293,0.023289848,0
9.533333333333331,-0.0234140279613872,0,0.0004210568,0.023756301,0
9.536111111111111,-0.016609579261488,0,0.0004349689,0.024119573,0
9.53888888888889,-0.0373216114980075,0,0.0004159582,0.023621539,0
9.541666666666666,-0.0101552406026874,0,0.00038633807,0.022820236,0
9.544444444444444,-0.0277339285110337,0,0.00038166798,0.02269089,0
9.547222222222222,-0.0163753891384833,0,0.00040695988,0.023381485,0
9.55,-0.0220536165452989,0,0.0004265885,0.023901515,0
9.552777777777775,0.0111692826421785,0,0.00042780003,0.023933183,0
9.555555555555555,0.0121146350731176,0,0.0004174709,0.02366162,0
9.558333333333334,-0.0168345160207597,0,0.0004093308,0.023445016,0
9.561111111111112,-0.0164850781314712,0,0.00040554866,0.023343584,0
9.563888888888888,-0.0229585066018803,0,0.000400791,0.023215247,0
9.566666666666666,-0.000678476119076,0,0.00040684157,0.023378316,0
9.569444444444445,-0.0221136690260173,0,0.00042884835,0.023960546,0
9.572222222222225,-0.0234108246890001,0,0.0004255842,0.023875227,0
9.575,-0.0023223633664772,0,0.0004083377,0.02341843,0
9.577777777777778,-0.0249858317026087,0,0.00041334724,0.023552177,0
9.580555555555556,-0.0173873599962026,0,0.00042874066,0.023957737,0
9.583333333333334,-0.040449987730412,0,0.00046917633,0.024986714,0
9.58611111111111,-0.0060763667577795,0,0.00043988824,0.024246505,0
9.588888888888889,0.0125652797401777,0,0.0004191404,0.023705756,0
9.591666666666669,-0.0056374547524174,0,0.00038935902,0.02290346,0
9.594444444444443,0.005563430479662,0,0.00039168523,0.022967301,0
9.59722222222222,-0.0289624235763335,0,0.00037530423,0.022513242,0
9.6,-0.0126329767434491,0,0.000334802,0.021342166,0
9.602777777777778,-0.0302318063590764,0,0.00031982776,0.020889863,0
9.605555555555556,-0.0194070764260426,0,0.00034434188,0.02162463,0
9.608333333333333,-0.0043132282198222,0,0.00035839973,0.022033243,0
9.61111111111111,-0.0142745218803921,0,0.00039261795,0.02299284,0
9.613888888888887,-0.036896502851996,0,0.00044874894,0.024473205,0
9.616666666666667,-0.0353370084615051,0,0.0004802151,0.025259143,0
9.619444444444444,-0.0362333453459145,0,0.0005006989,0.02575577,0
9.622222222222222,-0.008048044359404,0,0.0005106513,0.02599306,0
9.625,0.0156350034315038,0,0.0004988796,0.02571211,0
9.627777777777778,0.0052102408719971,0,0.00048166097,0.025294574,0
9.630555555555556,-0.043569267989355,0,0.0004933637,0.025579227,0
9.633333333333333,0.0062841505758209,0,0.00050202,0.025787419,0
9.636111111111113,-0.0008881242710368,0,0.0005209722,0.026236484,0
9.63888888888889,-0.0380154175468529,0,0.00054947706,0.026895417,0
9.641666666666667,-0.0192853785370833,0,0.00054631685,0.026823297,0
9.644444444444444,0.0017943955909836,0,0.0005120346,0.02602584,0
9.647222222222222,-0.0062826768820842,0,0.00047530077,0.025138289,0
9.65,-0.0340759992726616,0,0.00044251425,0.02431395,0
9.65277777777778,-0.0051784923824715,0,0.0004426615,0.024317725,0
9.655555555555557,-0.0463018445100185,0,0.0004566638,0.024673654,0
9.658333333333331,-0.0174810410055422,0,0.0004588893,0.024729678,0
9.661111111111111,0.0030316060771984,0,0.00041467155,0.023587383,0
9.66388888888889,-0.0136605359714037,0,0.00040496088,0.023327768,0
9.666666666666666,-0.0213188852034187,0,0.00042218983,0.023786126,0
9.669444444444444,-0.0003926722744746,0,0.00045731248,0.024689998,0
9.672222222222222,0.0009906932610491,0,0.000504209,0.025839748,0
9.675,0.0061226173985902,0,0.00058143795,0.027612366,0
9.677777777777775,-0.0003099141384397,0,0.0005528211,0.026971474,0
9.680555555555555,0.0028988178263982,0,0.000494798,0.02561386,0
9.683333333333334,-0.0022246125992634,0,0.00045155163,0.024544403,0
9.686111111111112,-0.0091314338852663,0,0.00046255533,0.02482163,0
9.688888888888888,-0.0116675395006052,0,0.00045499028,0.024631428,0
9.691666666666666,-0.0164645718116795,0,0.00043231033,0.024050642,0
9.694444444444445,-0.0309863950499594,0,0.00044034948,0.024258364,0
9.697222222222225,-0.0270254334717472,0,0.00047451892,0.025119001,0
9.7,-0.0168205662744639,0,0.00045374635,0.02459999,0
9.702777777777778,-0.0088628553501799,0,0.00043656366,0.024160802,0
9.705555555555556,0.0092335595540039,0,0.0004652439,0.024888823,0
9.708333333333334,-0.0128992849673725,0,0.0005457235,0.026809728,0
9.71111111111111,0.0028864127231971,0,0.0006211261,0.028473254,0
9.713888888888889,0.0041308876541552,0,0.0005384576,0.02664295,0
9.716666666666669,-0.0154233776835348,0,0.0005065618,0.025895862,0
9.719444444444443,-0.0029238665666672,0,0.00053254695,0.026506376,0
9.72222222222222,-0.0153894024025421,0,0.0004963379,0.02565098,0
9.725,0.0082035740397349,0,0.0004563653,0.024666129,0
9.727777777777778,-0.001982519989974,0,0.00045020142,0.024510132,0
9.730555555555556,-0.029268857724445,0,0.00047652863,0.02516855,0
9.733333333333333,-0.0088798911668876,0,0.00046243073,0.024818515,0
9.73611111111111,0.0135280311635592,0,0.0004155526,0.02361078,0
9.738888888888887,-0.0138027404379978,0,0.0004086701,0.023427336,0
9.741666666666667,-0.004258909044819,0,0.00044734188,0.024437368,0
9.744444444444444,-0.0026765500132284,0,0.00046655934,0.024921618,0
9.747222222222222,-0.0263039152497001,0,0.0005152293,0.026101362,0
9.75,-0.0029835354069905,0,0.00053737266,0.026617944,0
9.752777777777778,-0.0314410111158319,0,0.00052825955,0.02640678,0
9.755555555555556,-0.0198069235425598,0,0.0005242015,0.026312105,0
9.758333333333333,0.0058244529128223,0,0.0005375663,0.026622405,0
9.761111111111113,-0.0048486310672583,0,0.0005138563,0.026068943,0
9.76388888888889,-0.0146554831636599,0,0.0004930452,0.02557153,0
9.766666666666667,-0.0032795007982477,0,0.00045217338,0.024560163,0
9.769444444444444,-0.0107656619936865,0,0.00043592465,0.024144294,0
9.772222222222222,-0.0095632276469856,0,0.0004222347,0.023787312,0
9.775,0.000212978409324,0,0.00041588926,0.023619713,0
9.77777777777778,-0.0204369799810036,0,0.00041393892,0.023567919,0
9.780555555555557,-0.0088083549101703,0,0.0004239181,0.023831544,0
9.783333333333331,-0.0139841364561384,0,0.0004539633,0.024605474,0
9.786111111111111,-0.0329706548052579,0,0.0004937231,0.025587915,0
9.78888888888889,-0.0228797119753527,0,0.00051573646,0.026113328,0
9.791666666666666,0.0145641661364551,0,0.0005312136,0.02647545,0
9.794444444444444,-0.0030739219833664,0,0.00049692375,0.025665084,0
9.797222222222222,-0.0285842262585505,0,0.00048648866,0.025412451,0
9.8,-0.0317211390270627,0,0.00047080914,0.025027234,0
9.802777777777775,-0.0101834978785232,0,0.00043906164,0.024225233,0
9.805555555555555,0.0150317455726896,0,0.0004208816,0.023751693,0
9.808333333333334,-0.0110722372859969,0,0.00043930256,0.024231432,0
9.811111111111112,0.0114495126715589,0,0.00043886327,0.024220122,0
9.813888888888888,-0.0027609397004258,0,0.0004466999,0.024421,0
9.816666666666666,-0.0008553730421461,0,0.0004553769,0.02464119,0
9.819444444444445,-0.027843976961923,0,0.00046197698,0.02480715,0
9.822222222222225,0.0063708215694114,0,0.00047791377,0.025202634,0
9.825,-0.0125996720339776,0,0.00049146655,0.025533332,0
9.827777777777778,0.0054872070611419,0,0.00047990712,0.025251588,0
9.830555555555556,-0.0195550395625021,0,0.00045530286,0.024639321,0
9.833333333333334,-0.0045698843075267,0,0.0004380324,0.024198709,0
9.83611111111111,-0.0018285422773178,0,0.00044883406,0.02447537,0
9.838888888888889,-0.0093018785655891,0,0.00045492177,0.024629697,0
9.841666666666669,-0.0008058261057901,0,0.00044178197,0.024295164,0
9.844444444444443,-0.0107524210643685,0,0.00042794278,0.02393691,0
9.84722222222222,-0.0163746607148999,0,0.0004725012,0.025069138,0
9.85,0.0175613454879397,0,0.00049660105,0.02565732,0
9.852777777777778,0.0093314027471073,0,0.00051386096,0.026069053,0
9.855555555555556,-0.0176976933900057,0,0.0005343548,0.026548233,0
9.858333333333333,0.0023602606159472,0,0.0005501256,0.026910178,0
9.86111111111111,-0.0171881211500443,0,0.0004992199,0.02572029,0
9.863888888888887,-0.0236995977780046,0,0.0004621802,0.024812248,0
9.866666666666667,0.0096965654443644,0,0.00045394446,0.024605002,0
9.869444444444444,-0.0312531797067319,0,0.00049267075,0.025562475,0
9.872222222222222,0.0083301803087879,0,0.00047214908,0.025060426,0
9.875,-0.0092443329229924,0,,,0
9.877777777777778,-0.0085074067296892,0,,,0
9.880555555555556,0.000931478705867,0,,,0
9.883333333333333,0.0036227353807065,0,,,0
9.886111111111113,-0.01737072982126,0,,,0
9.88888888888889,0.0059100855774545,0,,,0
9.891666666666667,-0.0030353407434043,0,,,0
9.894444444444444,-0.0234567077046031,0,,,0
9.897222222222222,-0.0070438796667438,0,,,0
9.9,0.0163436537463762,0,,,0
9.90277777777778,0.0208937260684939,0,,,0
9.905555555555557,0.0066254683219788,0,,,0
9.908333333333331,-0.0218693745977094,0,,,0
9.911111111111111,0.0034655135525846,0,,,0
9.91388888888889,0.0089900490059729,0,,,0
9.916666666666666,0.0072335708865467,0,,,0
9.919444444444444,0.0082431685246072,0,,,0
9.922222222222222,0.0020387879195086,0,,,0
9.925,-0.0043752742283062,0,,,0
9.927777777777775,-0.0122934537685389,0,,,0
9.930555555555555,-0.0315157504955768,0,,,0
9.933333333333334,0.0021692052921221,0,,,0
9.936111111111112,-1.326204723567804e-05,0,,,0
9.938888888888888,0.0056810165416396,0,,,0
9.941666666666666,-0.0226242787082799,0,,,0
9.944444444444445,0.0072356861073477,0,,,0
9.947222222222225,0.0285002296405536,0,,,0
9.95,-0.0010195218954829,0,,,0
9.952777777777778,-0.002999528166278,0,,,0
9.955555555555556,0.0026822620874035,0,,,0
9.958333333333334,0.0286541039730194,0,,,0
9.96111111111111,-0.0170638021495776,0,,,0
9.963888888888889,0.0014609248518757,0,,,0
9.966666666666669,-0.0134600959238845,0,,,0
9.969444444444443,-0.0095483257758631,0,,,0
9.97222222222222,-0.0019650978074608,0,,,0
9.975,0.0191106464368922,0,,,0
9.977777777777778,0.0260377241323555,0,,,0
9.980555555555556,0.0058670879869169,0,,,0
9.983333333333333,-0.0063818538680773,0,,,0
9.98611111111111,0.0367802786784365,0,,,0
9.988888888888887,-0.0069019782205895,0,,,0
9.991666666666667,-0.0089335446999466,0,,,0
9.994444444444444,-0.0268684878651581,0,,,0
9.997222222222222,0.0208192009783837,0,,,0
