time_sec,ecg,r_peak
0.0,0.0045707561963164705,0
0.002777777777777778,-0.015477589033320058,0
0.005555555555555556,0.011501110133574011,0
0.008333333333333333,0.014474976730418816,0
0.011111111111111112,-0.02877686682916079,0
0.013888888888888888,-0.01892188828179357,0
0.016666666666666666,0.002650539070234304,0
0.019444444444444445,-0.0038885947026701356,0
0.022222222222222223,0.0007251175154111135,0
0.025,-0.011696456726292642,0
0.027777777777777776,0.01441221281217414,0
0.030555555555555555,0.013010133994622468,0
0.03333333333333333,0.0024556950528380776,0
0.03611111111111111,0.01849579725355327,0
0.03888888888888889,0.008721725857859849,0
0.041666666666666664,-0.011058435545612944,0
0.044444444444444446,0.007484035015119482,0
0.04722222222222222,-0.012308690634255045,0
0.05,0.015373028376760658,0
0.05277777777777778,0.0015690581139642498,0
0.05555555555555555,-0.0003333712208008293,0
0.058333333333333334,-0.007652819857172652,0
0.06111111111111111,0.021020741180842985,0
0.06388888888888888,0.00048611247098650666,0
0.06666666666666667,-0.0034994961238685265,0
0.06944444444444445,-0.0022352855392690513,0
0.07222222222222222,0.011152579113278856,0
0.075,0.008770750111309254,0
0.07777777777777778,0.00960114744314419,0
0.08055555555555556,0.009993460850829758,0
0.08333333333333333,0.035776762876290974,0
0.08611111111111111,-0.002323360693854258,0
0.08888888888888889,-0.0037900509518193756,0
0.09166666666666666,-0.008192368648534303,0
0.09444444444444444,0.013374449880783717,0
0.09722222222222222,0.021189780296004893,0
0.1,0.0026663196221845004,0
0.10277777777777777,-0.008106584741390192,0
0.10555555555555556,-0.007751332423786068,0
0.10833333333333334,0.014494790631153246,0
0.1111111111111111,0.016004611121848075,0
0.11388888888888889,0.013122896193404315,0
0.11666666666666667,-0.0048873988101232465,0
0.11944444444444445,0.008697209434483101,0
0.12222222222222222,0.007084494820592225,0
0.125,0.008733827185331751,0
0.12777777777777777,0.018644090064083053,0
0.13055555555555556,0.009045618553641093,0
0.13333333333333333,0.015994279622698674,0
0.1361111111111111,0.006943014165403159,0
0.1388888888888889,0.010384729309876758,0
0.14166666666666666,0.015635727355549977,0
0.14444444444444443,-0.015572615083551882,0
0.14722222222222223,0.001607822002954745,0
0.15,-0.000534684560422204,0
0.1527777777777778,-0.002944403304369434,0
0.15555555555555556,0.0026293311680806713,0
0.15833333333333333,0.029298123670598405,0
0.16111111111111112,-0.00599608791844745,0
0.1638888888888889,0.021632761905254486,0
0.16666666666666666,-0.018017422054061587,0
0.16944444444444445,0.002319214382923808,0
0.17222222222222222,0.009900475719596713,0
0.175,0.016369026445262613,0
0.17777777777777778,0.018360420953727745,0
0.18055555555555555,0.019708377850353363,0
0.18333333333333332,0.002693253826107929,0
0.18611111111111112,0.0011046243727371452,0
0.18888888888888888,0.021025118848358622,0
0.19166666666666668,0.005401300390707391,0
0.19444444444444445,-0.010749242425111348,0
0.19722222222222222,-0.008498268833187717,0
0.2,-0.0051759609006875665,0
0.20277777777777778,0.016187812898336144,0
0.20555555555555555,0.010981157743203449,0
0.20833333333333334,0.019316210880518835,0
0.2111111111111111,0.00266408593656527,0
0.21388888888888888,0.011564699552404863,0
0.21666666666666667,0.01868396944654871,0
0.21944444444444444,0.004773202897687093,0
0.2222222222222222,0.01637809243447783,0
0.225,-0.0002895896245217657,0
0.22777777777777777,0.004306097483787063,0
0.23055555555555557,0.004138209867384617,0
0.23333333333333334,-0.007961178566910023,0
0.2361111111111111,0.017392903259245734,0
0.2388888888888889,0.003158940318842788,0
0.24166666666666667,0.010498803380505805,0
0.24444444444444444,0.017633761830127565,0
0.24722222222222223,0.017231451475761776,0
0.25,0.02062493127978504,0
0.25277777777777777,0.009277289494589785,0
0.25555555555555554,0.0045152578986532846,0
0.25833333333333336,0.00977886133264911,0
0.2611111111111111,-0.014225741589573113,0
0.2638888888888889,-0.010513035822547307,0
0.26666666666666666,-0.008537733236120603,0
0.26944444444444443,-0.003547101009902213,0
0.2722222222222222,0.017516783464815004,0
0.275,-0.001953721458958108,0
0.2777777777777778,0.006064043466079432,0
0.28055555555555556,0.03133264420401294,0
0.2833333333333333,0.00660771615228482,0
0.2861111111111111,0.023121580719338293,0
0.28888888888888886,-0.0018385335601711784,0
0.2916666666666667,0.00919076318124102,0
0.29444444444444445,-0.0018717014075723733,0
0.2972222222222222,0.007399141605752386,0
0.3,0.025194971107371338,0
0.30277777777777776,-0.013214045508310247,0
0.3055555555555556,0.01931722530745937,0
0.30833333333333335,0.016471710060547706,0
0.3111111111111111,0.0040979251621805005,0
0.3138888888888889,-0.008576504192875778,0
0.31666666666666665,0.014300183578069904,0
0.3194444444444444,0.0053794134492044735,0
0.32222222222222224,0.016915193739516356,0
0.325,0.013855760183822391,0
0.3277777777777778,0.03765726734560191,0
0.33055555555555555,0.01014253168582325,0
0.3333333333333333,-0.001517640408497339,0
0.33611111111111114,0.016625583771849632,0
0.3388888888888889,0.017337695790450965,0
0.3416666666666667,0.034526522103059225,0
0.34444444444444444,0.026766004421955366,0
0.3472222222222222,0.019692690862258774,0
0.35,0.03638911725056408,0
0.3527777777777778,-0.003292265659922012,0
0.35555555555555557,0.005042168523060301,0
0.35833333333333334,0.0008387165878401808,0
0.3611111111111111,0.008988773475317516,0
0.3638888888888889,-0.005716158426808535,0
0.36666666666666664,0.024559257597699707,0
0.36944444444444446,0.01179615687545768,0
0.37222222222222223,-0.00683545071840575,0
0.375,8.974454948597332e-05,0
0.37777777777777777,0.020122564751586056,0
0.38055555555555554,0.028087819858107127,0
0.38333333333333336,0.0455625863105901,0
0.3861111111111111,0.05941489869649996,0
0.3888888888888889,0.022018079872069215,0
0.39166666666666666,0.0010534830011055263,0
0.39444444444444443,-0.015989879792694856,0
0.3972222222222222,0.020100394692459122,0
0.4,0.003984171758949471,0
0.4027777777777778,0.010041163971973537,0
0.40555555555555556,0.007182992035539338,0
0.4083333333333333,0.0143452122065988,0
0.4111111111111111,0.032539153418395125,0
0.41388888888888886,0.018997339981182405,0
0.4166666666666667,0.014354096439480884,0
0.41944444444444445,0.0012907443795548163,0
0.4222222222222222,-0.00820273492774512,0
0.425,0.009715010168097792,0
0.42777777777777776,0.0162953448897066,0
0.4305555555555556,0.043714044725431486,0
0.43333333333333335,0.01924307137789909,0
0.4361111111111111,0.032125112025203593,0
0.4388888888888889,0.009991318557849307,0
0.44166666666666665,-0.0001944274010176883,0
0.4444444444444444,0.0032049157235314804,0
0.44722222222222224,0.006909065358554095,0
0.45,0.04982523759654421,0
0.4527777777777778,0.0056944119723351845,0
0.45555555555555555,0.030717483114368456,0
0.4583333333333333,0.004731046516577386,0
0.46111111111111114,0.032395589304444146,0
0.4638888888888889,0.024358333093826602,0
0.4666666666666667,0.016414924777680452,0
0.46944444444444444,0.018355723266922048,0
0.4722222222222222,0.0093747951751014,0
0.475,0.02614917571644863,0
0.4777777777777778,0.012932884892864918,0
0.48055555555555557,0.001718026681356153,0
0.48333333333333334,0.0013302195039087798,0
0.4861111111111111,0.02354666314142946,0
0.4888888888888889,0.0451738248948176,0
0.49166666666666664,0.02449862047095006,0
0.49444444444444446,0.021023720294805738,0
0.49722222222222223,0.027900981312150856,0
0.5,0.04413296800800978,0
0.5027777777777778,0.02889611450740505,0
0.5055555555555555,0.020651561910121304,0
0.5083333333333333,0.04478247790258139,0
0.5111111111111111,0.03616977980584775,0
0.5138888888888888,0.05451749831964036,0
0.5166666666666667,0.03617913240497187,0
0.5194444444444445,0.017233141107586548,0
0.5222222222222223,0.017479479283488867,0
0.525,0.0654098353935317,0
0.5277777777777778,0.0693952649482342,0
0.5305555555555556,0.04399736366723156,0
0.5333333333333333,0.04434968047662481,0
0.5361111111111111,0.07568221040223064,0
0.5388888888888889,0.04106775319321196,0
0.5416666666666666,0.048404874000169705,0
0.5444444444444444,0.07585226978605897,0
0.5472222222222223,0.0648638969923481,0
0.55,0.07546539614243858,0
0.5527777777777778,0.07799796459037964,0
0.5555555555555556,0.09053323013088803,0
0.5583333333333333,0.11167421918362935,0
0.5611111111111111,0.0970409586260215,0
0.5638888888888889,0.11044095191011649,0
0.5666666666666667,0.0750570694568044,0
0.5694444444444444,0.10998109883762017,0
0.5722222222222222,0.10278509963747641,0
0.575,0.10163717925592708,0
0.5777777777777777,0.11094249082604893,0
0.5805555555555556,0.12295520010392758,0
0.5833333333333334,0.1451650030509121,0
0.5861111111111111,0.11455144042957327,0
0.5888888888888889,0.1374485106218279,0
0.5916666666666667,0.1317544317364197,0
0.5944444444444444,0.1355882304539337,0
0.5972222222222222,0.15646911527090743,0
0.6,0.1498495585373167,0
0.6027777777777777,0.16161036528190498,0
0.6055555555555555,0.13842903124386718,0
0.6083333333333333,0.12894276343599453,0
0.6111111111111112,0.13411771924730145,0
0.6138888888888889,0.13869297241171782,0
0.6166666666666667,0.13480487107889902,0
0.6194444444444445,0.1125526414800011,0
0.6222222222222222,0.12644512596324906,0
0.625,0.12443738059073962,0
0.6277777777777778,0.15441180648117062,0
0.6305555555555555,0.14020223106483862,0
0.6333333333333333,0.09447021470064793,0
0.6361111111111111,0.09805184206196192,0
0.6388888888888888,0.07543276718060614,0
0.6416666666666667,0.0835250692425801,0
0.6444444444444445,0.09214882293535465,0
0.6472222222222223,0.10060398395555117,0
0.65,0.06679395812782364,0
0.6527777777777778,0.0632801754102626,0
0.6555555555555556,0.036423826911216685,0
0.6583333333333333,0.06193797491212576,0
0.6611111111111111,0.04441079522430294,0
0.6638888888888889,0.04861392088076947,0
0.6666666666666666,0.03986095045029052,0
0.6694444444444444,0.048314012263562064,0
0.6722222222222223,0.020333611021253414,0
0.675,0.021920999552133925,0
0.6777777777777778,0.07334290003312052,0
0.6805555555555556,0.01981280617968991,0
0.6833333333333333,0.020624541461197982,0
0.6861111111111111,0.06280243451057915,0
0.6888888888888889,0.07720402860285255,0
0.6916666666666667,0.01462643344737495,0
0.6944444444444444,0.02542593967278635,0
0.6972222222222222,0.0349855947279305,0
0.7,0.054853283218218474,0
0.7027777777777777,0.013313968109062735,0
0.7055555555555556,0.023751147389359076,0
0.7083333333333334,0.03851010182947097,0
0.7111111111111111,0.03288504261290026,0
0.7138888888888889,0.020316909558750595,0
0.7166666666666667,0.023618925043091547,0
0.7194444444444444,0.00473068447939811,0
0.7222222222222222,0.021559182884351703,0
0.725,0.0209498662259611,0
0.7277777777777777,0.028257963359321354,0
0.7305555555555555,0.0162559756538573,0
0.7333333333333333,0.03138658188512688,0
0.7361111111111112,0.0390356909345369,0
0.7388888888888889,0.02531981418620652,0
0.7416666666666667,0.026717734621233846,0
0.7444444444444445,0.019564808634377654,0
0.7472222222222222,0.014402440411808472,0
0.75,-0.0031138306331163533,0
0.7527777777777778,0.002884389740598235,0
0.7555555555555555,-0.016012398047689922,0
0.7583333333333333,0.0014431175299916936,0
0.7611111111111111,-0.023064114547817063,0
0.7638888888888888,-0.05620221231035907,0
0.7666666666666667,-0.0832651833414962,0
0.7694444444444445,-0.087452792126158,0
0.7722222222222223,-0.03479515020459292,0
0.775,-0.00748147262820471,0
0.7777777777777778,0.06493724750408306,0
0.7805555555555556,0.13068715391669644,0
0.7833333333333333,0.29774403660211635,0
0.7861111111111111,0.43821126886491624,0
0.7888888888888889,0.5703069544095953,0
0.7916666666666666,0.7266726420451208,0
0.7944444444444444,0.8571336213353757,0
0.7972222222222223,0.929136514367324,0
0.8,0.9432063377584111,1
0.8027777777777778,0.9056153721662465,0
0.8055555555555556,0.8084624283005457,0
0.8083333333333333,0.677983709468821,0
0.8111111111111111,0.5373184941953756,0
0.8138888888888889,0.31124199675245384,0
0.8166666666666667,0.19217157905487944,0
0.8194444444444444,0.06776122296355598,0
0.8222222222222222,-0.031208915815918697,0
0.825,-0.11074315016408257,0
0.8277777777777777,-0.1721894417401826,0
0.8305555555555556,-0.15746390304907645,0
0.8333333333333334,-0.13456861079426172,0
0.8361111111111111,-0.16879382891428182,0
0.8388888888888889,-0.11039118234401443,0
0.8416666666666667,-0.10222296739719097,0
0.8444444444444444,-0.07166691619359682,0
0.8472222222222222,-0.06164819594956927,0
0.85,-0.028923412750072288,0
0.8527777777777777,0.014018000364439231,0
0.8555555555555555,0.018110597246813097,0
0.8583333333333333,0.04695030871322644,0
0.8611111111111112,0.047474369305907524,0
0.8638888888888889,0.04308221448527876,0
0.8666666666666667,0.06773567781878043,0
0.8694444444444445,0.05212957588699163,0
0.8722222222222222,0.06121233571039817,0
0.875,0.04716641789100139,0
0.8777777777777778,0.055219410648497565,0
0.8805555555555555,0.04629095935778408,0
0.8833333333333333,0.0741430903683005,0
0.8861111111111111,0.04424436842404357,0
0.8888888888888888,0.07638063982154195,0
0.8916666666666667,0.06463942709954179,0
0.8944444444444445,0.0880613452780727,0
0.8972222222222223,0.08489634534490897,0
0.9,0.10423580984568839,0
0.9027777777777778,0.09133601964761341,0
0.9055555555555556,0.0603998894600528,0
0.9083333333333333,0.08674170469629303,0
0.9111111111111111,0.07409179599991088,0
0.9138888888888889,0.08798438377020938,0
0.9166666666666666,0.12267424435159216,0
0.9194444444444444,0.11397578124290565,0
0.9222222222222223,0.09849400469638457,0
0.925,0.09849345100296344,0
0.9277777777777778,0.1190653830236421,0
0.9305555555555556,0.10534927434736521,0
0.9333333333333333,0.11869982357630993,0
0.9361111111111111,0.13875641584021062,0
0.9388888888888889,0.15684947600485974,0
0.9416666666666667,0.15422219663493184,0
0.9444444444444444,0.11641234427457244,0
0.9472222222222222,0.1611497013150323,0
0.95,0.16356968114726878,0
0.9527777777777777,0.17469503777889758,0
0.9555555555555556,0.19880914413429654,0
0.9583333333333334,0.14976706438919693,0
0.9611111111111111,0.1780568238421451,0
0.9638888888888889,0.20203986423574768,0
0.9666666666666667,0.17573678826963202,0
0.9694444444444444,0.22790166216067492,0
0.9722222222222222,0.21759194127665726,0
0.975,0.23105657812479824,0
0.9777777777777777,0.21605608495931586,0
0.9805555555555555,0.24304402578088877,0
0.9833333333333333,0.2530202421341159,0
0.9861111111111112,0.24656327953346951,0
0.9888888888888889,0.25256726908847726,0
0.9916666666666667,0.25897448813986107,0
0.9944444444444445,0.2477068612765476,0
0.9972222222222222,0.26403413833053807,0
1.0,0.2693844135816417,0
1.0027777777777778,0.28266652738062364,0
1.0055555555555555,0.2969578560106289,0
1.0083333333333333,0.27091252682109884,0
1.011111111111111,0.2895148734946045,0
1.0138888888888888,0.31796536080384497,0
1.0166666666666666,0.28868264741616073,0
1.0194444444444444,0.29132115122678015,0
1.0222222222222221,0.3102202695485727,0
1.025,0.3230823006956887,0
1.0277777777777777,0.3135074971089117,0
1.0305555555555554,0.3358685077268847,0
1.0333333333333334,0.33105314822685505,0
1.0361111111111112,0.33275668448805773,0
1.038888888888889,0.3300233084224429,0
1.0416666666666667,0.35785680446393786,0
1.0444444444444445,0.3207387811377532,0
1.0472222222222223,0.29427807555707103,0
1.05,0.3485479784729665,0
1.0527777777777778,0.3174098219932039,0
1.0555555555555556,0.3253232223712153,0
1.0583333333333333,0.34241848757545795,0
1.0611111111111111,0.29745530382778174,0
1.0638888888888889,0.3010767367962599,0
1.0666666666666667,0.29384856741728904,0
1.0694444444444444,0.30363300214415834,0
1.0722222222222222,0.31948606799943013,0
1.075,0.31777923568931393,0
1.0777777777777777,0.3107741869044725,0
1.0805555555555555,0.2818523350591505,0
1.0833333333333333,0.2645183895643849,0
1.086111111111111,0.2958368764078714,0
1.0888888888888888,0.2835360167853097,0
1.0916666666666666,0.2928486369900307,0
1.0944444444444446,0.2916017459972251,0
1.0972222222222223,0.2780458922258469,0
1.1,0.2820756384986013,0
1.1027777777777779,0.26863140858930507,0
1.1055555555555556,0.26749900072871596,0
1.1083333333333334,0.2431850948025146,0
1.1111111111111112,0.24513784901086486,0
1.113888888888889,0.24474747373654238,0
1.1166666666666667,0.24797182790589453,0
1.1194444444444445,0.22354724632278547,0
1.1222222222222222,0.23099865843431505,0
1.125,0.21287631933921167,0
1.1277777777777778,0.20875477471932966,0
1.1305555555555555,0.21660182074620765,0
1.1333333333333333,0.16790676434615354,0
1.136111111111111,0.17201657270880236,0
1.1388888888888888,0.16292347285845948,0
1.1416666666666666,0.1438898356516483,0
1.1444444444444444,0.16251610363087726,0
1.1472222222222221,0.17779797000254038,0
1.15,0.1562314776744737,0
1.1527777777777777,0.15751247442896762,0
1.1555555555555554,0.16502731461402348,0
1.1583333333333334,0.16285945712841074,0
1.1611111111111112,0.13628222741207116,0
1.163888888888889,0.15212576064900873,0
1.1666666666666667,0.12784081305902928,0
1.1694444444444445,0.10867506706524266,0
1.1722222222222223,0.10724248220030547,0
1.175,0.08902256746869716,0
1.1777777777777778,0.09313402276770164,0
1.1805555555555556,0.09646735931790379,0
1.1833333333333333,0.10943129786820835,0
1.1861111111111111,0.11888880969740476,0
1.1888888888888889,0.06820495202788102,0
1.1916666666666667,0.09085140443465838,0
1.1944444444444444,0.06553270890611163,0
1.1972222222222222,0.0846028670449041,0
1.2,0.07201592332261272,0
1.2027777777777777,0.04317485108730579,0
1.2055555555555555,0.08137321405291717,0
1.2083333333333333,0.05533548381688443,0
1.211111111111111,0.05351209520283462,0
1.2138888888888888,0.04272942269736542,0
1.2166666666666666,0.04635793198390617,0
1.2194444444444446,0.06012448408938498,0
1.2222222222222223,0.04853478522529006,0
1.225,0.0540998065065467,0
1.2277777777777779,0.052519817166631955,0
1.2305555555555556,0.0649421849339988,0
1.2333333333333334,0.03814728446616771,0
1.2361111111111112,0.01940390453950007,0
1.238888888888889,0.055938984457104234,0
1.2416666666666667,0.0334336807230503,0
1.2444444444444445,0.053697037691097446,0
1.2472222222222222,0.04139309898294755,0
1.25,0.03242722056956849,0
1.2527777777777778,0.03846079178920808,0
1.2555555555555555,0.06140780603321232,0
1.2583333333333333,0.06228505030786469,0
1.261111111111111,0.03122882252151448,0
1.2638888888888888,0.031714665460903034,0
1.2666666666666666,0.044641077477912294,0
1.2694444444444444,0.015056362030407748,0
1.2722222222222221,0.032035577995533526,0
1.275,0.02600072207965884,0
1.2777777777777777,0.03049393222704817,0
1.2805555555555554,0.012725678562462138,0
1.2833333333333334,0.0008647645498461622,0
1.2861111111111112,-0.006866184526226199,0
1.288888888888889,0.007023528886528931,0
1.2916666666666667,0.01649267699225391,0
1.2944444444444445,0.018593745286205946,0
1.2972222222222223,0.05169684483095314,0
1.3,0.038900769851148584,0
1.3027777777777778,0.007575651912511902,0
1.3055555555555556,0.026940507446060684,0
1.3083333333333333,0.015356463629588736,0
1.3111111111111111,0.016953134248911327,0
1.3138888888888889,0.023771049600168032,0
1.3166666666666667,0.030066454742257602,0
1.3194444444444444,0.015491521774061715,0
1.3222222222222222,0.03635220961550053,0
1.325,0.0030907614895048473,0
1.3277777777777777,0.02015060406831583,0
1.3305555555555555,0.058865601618548,0
1.3333333333333333,0.023100053037919278,0
1.336111111111111,0.04111298346922837,0
1.3388888888888888,0.02085525962466852,0
1.3416666666666666,0.02806788634384741,0
1.3444444444444446,0.01838369757015957,0
1.3472222222222223,0.016563407335872492,0
1.35,0.007315690589792126,0
1.3527777777777779,0.02535470088064766,0
1.3555555555555556,0.006022788537877716,0
1.3583333333333334,0.028678307572514057,0
1.3611111111111112,0.0348751764504123,0
1.363888888888889,0.023997522454506027,0
1.3666666666666667,0.01411154787380992,0
1.3694444444444445,0.02512227697463298,0
1.3722222222222222,0.01359176486748017,0
1.375,0.03216547863013354,0
1.3777777777777778,-0.009427251860635567,0
1.3805555555555555,0.012922286515054088,0
1.3833333333333333,-0.011992383269583233,0
1.386111111111111,-0.004642005120788557,0
1.3888888888888888,0.03815654726984439,0
1.3916666666666666,0.031041590148067975,0
1.3944444444444444,0.0067372215126101,0
1.3972222222222221,-0.005092183423231023,0
1.4,-0.02710634858629173,0
1.4027777777777777,0.009125589902316206,0
1.4055555555555554,0.05350087283701974,0
1.4083333333333334,0.023634700651336403,0
1.4111111111111112,0.008634797135766845,0
1.413888888888889,0.023921694391469107,0
1.4166666666666667,-0.006551580464506743,0
1.4194444444444445,0.012320494008830264,0
1.4222222222222223,0.01819038289635388,0
1.425,0.015325029526196967,0
1.4277777777777778,0.028397549869509556,0
1.4305555555555556,0.0216248660596386,0
1.4333333333333333,0.02640089379027228,0
1.4361111111111111,0.005972676199240388,0
1.4388888888888889,0.02968964163024331,0
1.4416666666666667,0.040583078499433226,0
1.4444444444444444,0.0015265729927299212,0
1.4472222222222222,0.002697236852124007,0
1.45,0.035988450134222895,0
1.4527777777777777,0.013027034334357968,0
1.4555555555555555,0.036908146547688606,0
1.4583333333333333,0.009176508325263948,0
1.461111111111111,0.037616388364953984,0
1.4638888888888888,0.017754400357872038,0
1.4666666666666666,0.019665519035185267,0
1.4694444444444446,0.03929529122728012,0
1.4722222222222223,0.0104573994842793,0
1.475,0.0018588164936489925,0
1.4777777777777779,0.009377164457842278,0
1.4805555555555556,0.02306577750198924,0
1.4833333333333334,-0.006977550344876814,0
1.4861111111111112,0.026360594591364715,0
1.488888888888889,0.009077947332620188,0
1.4916666666666667,0.034819615789604054,0
1.4944444444444445,-0.017775063060594575,0
1.4972222222222222,0.006982767818621916,0
1.5,-0.005754039980013448,0
1.5027777777777778,0.00804461099742595,0
1.5055555555555555,0.025196035098866747,0
1.5083333333333333,0.019998493103020362,0
1.511111111111111,0.020269957013605493,0
1.5138888888888888,0.02325929209961503,0
1.5166666666666666,0.03048134720404868,0
1.5194444444444444,0.014306330617833415,0
1.5222222222222221,0.04227338366385028,0
1.525,0.04408954936493143,0
1.5277777777777777,0.04265466203833295,0
1.5305555555555554,0.04821244091190118,0
1.5333333333333334,0.047553828718251215,0
1.5361111111111112,0.0771328067315418,0
1.538888888888889,0.049049595847782554,0
1.5416666666666667,0.04973883017790134,0
1.5444444444444445,0.04725580716608967,0
1.5472222222222223,0.0474927695699025,0
1.55,0.048906599145482434,0
1.5527777777777778,0.058987153722114494,0
1.5555555555555556,0.07611730684573481,0
1.5583333333333333,0.08712306022736893,0
1.5611111111111111,0.0878350495995108,0
1.5638888888888889,0.0805240207537677,0
1.5666666666666667,0.11037740432025232,0
1.5694444444444444,0.11270821782577849,0
1.5722222222222222,0.1037845171617388,0
1.575,0.10071222770548106,0
1.5777777777777777,0.1227690721088389,0
1.5805555555555555,0.12105619455311918,0
1.5833333333333333,0.09981614109239349,0
1.586111111111111,0.12338164661156183,0
1.5888888888888888,0.1307164211566981,0
1.5916666666666666,0.11516162011064962,0
1.5944444444444446,0.13283466993555407,0
1.5972222222222223,0.10893313098150711,0
1.6,0.1509927758489296,0
1.6027777777777779,0.14928565070936942,0
1.6055555555555556,0.12582113056287922,0
1.6083333333333334,0.13354167976376236,0
1.6111111111111112,0.08988084715964922,0
1.613888888888889,0.10611092301653097,0
1.6166666666666667,0.11599717971800601,0
1.6194444444444445,0.10083147273492851,0
1.6222222222222222,0.12374658589342499,0
1.625,0.13876456218591376,0
1.6277777777777778,0.08664038212064479,0
1.6305555555555555,0.08697671944884727,0
1.6333333333333333,0.09813935789443902,0
1.636111111111111,0.1137182220454385,0
1.6388888888888888,0.06608825483761967,0
1.6416666666666666,0.08301174257583073,0
1.6444444444444444,0.10147628380214707,0
1.6472222222222221,0.04433384924235226,0
1.65,0.04496071875764323,0
1.6527777777777777,0.05303778297398486,0
1.6555555555555554,0.046977303523995144,0
1.6583333333333334,0.06257389994588085,0
1.6611111111111112,0.049833269737719114,0
1.663888888888889,0.015647389458366266,0
1.6666666666666667,0.04631677544753722,0
1.6694444444444445,0.0264925812508863,0
1.6722222222222223,0.0511004270883665,0
1.675,0.01965403010258953,0
1.6777777777777778,0.016853630754673554,0
1.6805555555555556,0.03209780993019333,0
1.6833333333333333,0.03323546366657546,0
1.6861111111111111,0.02654454366600318,0
1.6888888888888889,-0.007222003158822252,0
1.6916666666666667,0.024564536192012987,0
1.6944444444444444,-0.00041016794716002176,0
1.6972222222222222,0.017407418585486042,0
1.7,-0.008555397707220903,0
1.7027777777777777,0.01855179338281736,0
1.7055555555555555,-0.0010656396066160527,0
1.7083333333333333,-0.008923001729336126,0
1.711111111111111,0.020401346859674273,0
1.7138888888888888,0.01277899132041662,0
1.7166666666666666,-0.0005231604882796042,0
1.7194444444444446,0.030047748633185576,0
1.7222222222222223,0.0013142459010949898,0
1.725,0.008086415853731104,0
1.7277777777777779,0.011335701452048225,0
1.7305555555555556,-0.0023144707830220898,0
1.7333333333333334,0.013643822762551789,0
1.7361111111111112,-0.0020243233352273352,0
1.738888888888889,-0.0011838611971581444,0
1.7416666666666667,0.023753799270839402,0
1.7444444444444445,-0.015097505353616356,0
1.7472222222222222,-0.040175080228591946,0
1.75,0.013361298926985959,0
1.7527777777777778,0.017737467170080214,0
1.7555555555555555,-0.039398080732874416,0
1.7583333333333333,-0.07789881453475339,0
1.761111111111111,-0.0703388048231494,0
1.7638888888888888,-0.08542500509996502,0
1.7666666666666666,-0.0939339458782161,0
1.7694444444444444,-0.10685658299775308,0
1.7722222222222221,-0.06348076219002569,0
1.775,-0.02318908777735612,0
1.7777777777777777,0.015563565267327717,0
1.7805555555555554,0.14746763454936104,0
1.7833333333333334,0.2946263100532756,0
1.7861111111111112,0.4138584332725772,0
1.788888888888889,0.5616687458309353,0
1.7916666666666667,0.7112624772298833,0
1.7944444444444445,0.8419361904277254,0
1.7972222222222223,0.8818020430191144,0
1.8,0.9293511675619034,1
1.8027777777777778,0.8804916058788772,0
1.8055555555555556,0.8190254742387498,0
1.8083333333333333,0.6520345086203414,0
1.8111111111111111,0.5191027539469292,0
1.8138888888888889,0.3119112679080492,0
1.8166666666666667,0.18314659075078576,0
1.8194444444444444,0.0484064643139783,0
1.8222222222222222,-0.07029336604536411,0
1.825,-0.12422238279695796,0
1.8277777777777777,-0.14947909013151428,0
1.8305555555555555,-0.18917763355775238,0
1.8333333333333333,-0.2079031890553433,0
1.836111111111111,-0.16820149302124968,0
1.8388888888888888,-0.15914364133245051,0
1.8416666666666666,-0.12479473444865646,0
1.8444444444444446,-0.09444052450129659,0
1.8472222222222223,-0.09401356809918324,0
1.85,-0.07081920276742698,0
1.8527777777777779,-0.02103239315613154,0
1.8555555555555556,-0.021352984630113446,0
1.8583333333333334,-0.040490022417419225,0
1.8611111111111112,0.01850056961979089,0
1.863888888888889,0.017396120455699673,0
1.8666666666666667,0.007583873365611265,0
1.8694444444444445,0.0024089738875828146,0
1.8722222222222222,0.03784853207502311,0
1.875,0.03327703588841767,0
1.8777777777777778,0.06628569001326098,0
1.8805555555555555,0.03928496272101101,0
1.8833333333333333,0.04124982925668411,0
1.886111111111111,0.03545583984828944,0
1.8888888888888888,0.05284449782774351,0
1.8916666666666666,0.052730341443444205,0
1.8944444444444444,0.06503153835542683,0
1.8972222222222221,0.04148540584988449,0
1.9,0.04597662243832861,0
1.9027777777777777,0.04867991214956407,0
1.9055555555555554,0.07124579062421761,0
1.9083333333333334,0.08553687141384696,0
1.9111111111111112,0.06001730215796349,0
1.913888888888889,0.06452850862906422,0
1.9166666666666667,0.07977281331861691,0
1.9194444444444445,0.07569727129449082,0
1.9222222222222223,0.09814554900739182,0
1.925,0.054725981460294504,0
1.9277777777777778,0.08089393642651904,0
1.9305555555555556,0.086500510261553,0
1.9333333333333333,0.0685196734573443,0
1.9361111111111111,0.0940995812847346,0
1.9388888888888889,0.10019092923342614,0
1.9416666666666667,0.11639406658384997,0
1.9444444444444444,0.14171822043692386,0
1.9472222222222222,0.12707331797118446,0
1.95,0.12111578210195188,0
1.9527777777777777,0.1416457614138616,0
1.9555555555555555,0.1642423894798467,0
1.9583333333333333,0.13994123913894577,0
1.961111111111111,0.147056739582009,0
1.9638888888888888,0.17527430616842826,0
1.9666666666666666,0.1697860914288574,0
1.9694444444444446,0.1890525657225647,0
1.9722222222222223,0.1853700143756195,0
1.975,0.2023219693972155,0
1.9777777777777779,0.1824651552901729,0
1.9805555555555556,0.20396009883261954,0
1.9833333333333334,0.20707014968492127,0
1.9861111111111112,0.19800343292894257,0
1.988888888888889,0.19870595559050902,0
1.9916666666666667,0.23824845240578127,0
1.9944444444444445,0.22837246826256435,0
1.9972222222222222,0.22383024420615977,0
2.0,0.2430854447828518,0
2.0027777777777778,0.26663110961199965,0
2.0055555555555555,0.22048479617811412,0
2.0083333333333333,0.23701735904370047,0
2.011111111111111,0.25016492043086486,0
2.013888888888889,0.2902220938277166,0
2.0166666666666666,0.27657967367550157,0
2.0194444444444444,0.2876134140736173,0
2.022222222222222,0.2624772151248751,0
2.025,0.2659634788607643,0
2.0277777777777777,0.2923401930035118,0
2.0305555555555554,0.28904282779322304,0
2.033333333333333,0.2986155150852771,0
2.036111111111111,0.28944694185721453,0
2.0388888888888888,0.29796661869614044,0
2.0416666666666665,0.2973478256740886,0
2.0444444444444443,0.3074687303018336,0
2.047222222222222,0.30837488182281264,0
2.05,0.2720786196344198,0
2.0527777777777776,0.26241336570815155,0
2.0555555555555554,0.31053367759693984,0
2.058333333333333,0.3123498422426594,0
2.061111111111111,0.2778957060580883,0
2.063888888888889,0.263627743390973,0
2.066666666666667,0.29098592348647884,0
2.0694444444444446,0.3010999808546349,0
2.0722222222222224,0.31140835591548466,0
2.075,0.28917522180280597,0
2.077777777777778,0.2725309485817812,0
2.0805555555555557,0.2610866379032945,0
2.0833333333333335,0.2707454987338277,0
2.0861111111111112,0.2619012706570777,0
2.088888888888889,0.2467210543860674,0
2.091666666666667,0.2879902154216757,0
2.0944444444444446,0.27911848060451755,0
2.0972222222222223,0.2642498655258161,0
2.1,0.22806697181532,0
2.102777777777778,0.24919470454449363,0
2.1055555555555556,0.24028956482646538,0
2.1083333333333334,0.231512349757443,0
2.111111111111111,0.23766867580465084,0
2.113888888888889,0.2223916532899315,0
2.1166666666666667,0.21780381830836665,0
2.1194444444444445,0.21002198560110294,0
2.1222222222222222,0.19928424539727332,0
2.125,0.16107803039382157,0
2.1277777777777778,0.1827184655674148,0
2.1305555555555555,0.1667412189586274,0
2.1333333333333333,0.14950981517063952,0
2.136111111111111,0.1875762386216165,0
2.138888888888889,0.18195796370328615,0
2.1416666666666666,0.17013149056364574,0
2.1444444444444444,0.14735057646719257,0
2.147222222222222,0.15763222093962875,0
2.15,0.13148687361238512,0
2.1527777777777777,0.128374751364083,0
2.1555555555555554,0.1030608597200926,0
2.158333333333333,0.11966049939144471,0
2.161111111111111,0.10897501418130257,0
2.1638888888888888,0.08302146118301997,0
2.1666666666666665,0.09642044667402026,0
2.1694444444444443,0.09076068444342582,0
2.172222222222222,0.11383446755894969,0
2.175,0.09534923053775118,0
2.1777777777777776,0.0773268582370766,0
2.1805555555555554,0.07626317367782316,0
2.183333333333333,0.06872994856547787,0
2.186111111111111,0.06071915620363312,0
2.188888888888889,0.04338411134786964,0
2.191666666666667,0.05337417682285631,0
2.1944444444444446,0.04062935178949011,0
2.1972222222222224,0.029407507190828512,0
2.2,0.052331128383585,0
2.202777777777778,0.0471896113462304,0
2.2055555555555557,0.011332850459889444,0
2.2083333333333335,0.033258305666207556,0
2.2111111111111112,0.04714845252146823,0
2.213888888888889,0.04536152525821635,0
2.216666666666667,0.04226319618579794,0
2.2194444444444446,0.02500016444162591,0
2.2222222222222223,0.009415859660094153,0
2.225,0.0036411071692269946,0
2.227777777777778,0.022996272920445284,0
2.2305555555555556,0.02156804001667518,0
2.2333333333333334,0.033356864219475146,0
2.236111111111111,0.028826400246205915,0
2.238888888888889,0.00873013584340777,0
2.2416666666666667,-0.009460313299478636,0
2.2444444444444445,0.003003047441086805,0
2.2472222222222222,0.009727998437531749,0
2.25,0.0022065843283651126,0
2.2527777777777778,-0.004578379784969493,0
2.2555555555555555,0.00681496428991098,0
2.2583333333333333,-0.005530887066802521,0
2.261111111111111,-0.008314821316249785,0
2.263888888888889,0.004922456016903486,0
2.2666666666666666,-0.006571900220613932,0
2.2694444444444444,0.0023858762452378716,0
2.272222222222222,0.0021439974070199715,0
2.275,-0.019672112420777668,0
2.2777777777777777,-0.010377546398796338,0
2.2805555555555554,0.01787458930615147,0
2.283333333333333,-0.02161436943795545,0
2.286111111111111,-0.03638502404517877,0
2.2888888888888888,-0.032978625040696,0
2.2916666666666665,-0.004996391248220237,0
2.2944444444444443,-0.005320222280129902,0
2.297222222222222,-0.007870286296899792,0
2.3,0.011811167962658482,0
2.3027777777777776,-0.04676524323052238,0
2.3055555555555554,-0.000982203074960583,0
2.308333333333333,0.016272620890006428,0
2.311111111111111,-0.024274358613230382,0
2.313888888888889,-0.01324597481873504,0
2.316666666666667,-0.019017490438140047,0
2.3194444444444446,-0.02129990487219436,0
2.3222222222222224,-0.012925877367510458,0
2.325,0.013245301058605576,0
2.327777777777778,0.01926991624254621,0
2.3305555555555557,-0.013443744753238299,0
2.3333333333333335,0.02006669543666345,0
2.3361111111111112,-0.008071728118428744,0
2.338888888888889,0.017611439426866743,0
2.341666666666667,-0.010175041290975746,0
2.3444444444444446,-0.006885055332754884,0
2.3472222222222223,-0.00343847651710068,0
2.35,0.03869769941033119,0
2.352777777777778,0.0037243413951888703,0
2.3555555555555556,-0.01970950899722531,0
2.3583333333333334,0.005382669083923212,0
2.361111111111111,-0.014628062719933641,0
2.363888888888889,-0.01659194459240853,0
2.3666666666666667,0.004341078189351895,0
2.3694444444444445,-0.008861304288282919,0
2.3722222222222222,-0.0051862263785591575,0
2.375,-0.009190205944805848,0
2.3777777777777778,-0.00438438749635117,0
2.3805555555555555,-0.0030899953883175464,0
2.3833333333333333,-0.03854868640118871,0
2.386111111111111,0.00047622721688198554,0
2.388888888888889,-0.024279433418086423,0
2.3916666666666666,-0.031209109925778897,0
2.3944444444444444,-0.01047506276375027,0
2.397222222222222,-0.008362316788962624,0
2.4,-0.020046692127334436,0
2.4027777777777777,0.0028003291801955432,0
2.4055555555555554,-0.029817844754756677,0
2.408333333333333,-0.015808486391638416,0
2.411111111111111,-0.018495609286515145,0
2.4138888888888888,-0.010438520591351355,0
2.4166666666666665,-0.0055729819735991825,0
2.4194444444444443,-0.02488954541696832,0
2.422222222222222,0.0010789924441025143,0
2.425,-0.008853087046679866,0
2.4277777777777776,-0.03818881357867676,0
2.4305555555555554,-0.03919840245620532,0
2.433333333333333,-0.01001237200514817,0
2.436111111111111,-0.013147932194218632,0
2.438888888888889,-0.011387902124398172,0
2.441666666666667,-0.010256285125912491,0
2.4444444444444446,-0.006449156654603913,0
2.4472222222222224,0.004391010214293844,0
2.45,-0.026475570049200765,0
2.452777777777778,-0.02736658012749573,0
2.4555555555555557,-0.026155996398800986,0
2.4583333333333335,-0.005380681463943817,0
2.4611111111111112,0.009014678812189153,0
2.463888888888889,-0.016058728411352648,0
2.466666666666667,-0.04702392894480245,0
2.4694444444444446,-0.03494491514570003,0
2.4722222222222223,-0.02173942203090478,0
2.475,-0.017435660014783666,0
2.477777777777778,-0.01498238784836103,0
2.4805555555555556,-0.008018779426062508,0
2.4833333333333334,-0.012960971894982234,0
2.486111111111111,0.007830392150032048,0
2.488888888888889,-0.01760287075910789,0
2.4916666666666667,-0.019867644427139543,0
2.4944444444444445,0.0008742209725877718,0
2.4972222222222222,-0.028612865637851283,0
2.5,0.001117848037049833,0
2.5027777777777778,-0.0022044679500040115,0
2.5055555555555555,-0.004821009112287064,0
2.5083333333333333,0.02251172259128275,0
2.511111111111111,-0.009169992043397477,0
2.513888888888889,0.032736548381666314,0
2.5166666666666666,0.0003272722645987123,0
2.5194444444444444,-0.013348749881191897,0
2.522222222222222,0.009186156007746558,0
2.525,-0.005432107543612405,0
2.5277777777777777,0.002260740167821495,0
2.5305555555555554,0.022574581909367147,0
2.533333333333333,0.028293272467422352,0
2.536111111111111,0.014224191557249268,0
2.5388888888888888,0.04221577810567316,0
2.5416666666666665,0.04885575223499207,0
2.5444444444444443,0.05735133880031744,0
2.547222222222222,0.048266702763258035,0
2.55,0.06547526238170367,0
2.5527777777777776,0.021659316689436364,0
2.5555555555555554,0.05006377516200923,0
2.558333333333333,0.04686175052565126,0
2.561111111111111,0.06671848898991213,0
2.563888888888889,0.06140212818799612,0
2.566666666666667,0.0724543638065916,0
2.5694444444444446,0.10802766720215387,0
2.5722222222222224,0.081918020276217,0
2.575,0.09510462460932365,0
2.577777777777778,0.08955820999277224,0
2.5805555555555557,0.09798034230757756,0
2.5833333333333335,0.10034543374554517,0
2.5861111111111112,0.10995304876576338,0
2.588888888888889,0.12320265730299519,0
2.591666666666667,0.13241605105685636,0
2.5944444444444446,0.11379097097272538,0
2.5972222222222223,0.1188704830813178,0
2.6,0.09307159505436624,0
2.602777777777778,0.10874619759120893,0
2.6055555555555556,0.12332514907003043,0
2.6083333333333334,0.12080587541271176,0
2.611111111111111,0.10904546089957752,0
2.613888888888889,0.11670943178346979,0
2.6166666666666667,0.10783908049242542,0
2.6194444444444445,0.11510869235007803,0
2.6222222222222222,0.09767914926505036,0
2.625,0.08389583086240755,0
2.6277777777777778,0.0898720530371428,0
2.6305555555555555,0.03624379432018517,0
2.6333333333333333,0.08113473079329611,0
2.636111111111111,0.01572943396091854,0
2.638888888888889,0.03959695673789221,0
2.6416666666666666,0.06719921396886298,0
2.6444444444444444,0.06258822170526747,0
2.647222222222222,0.03306482866370325,0
2.65,0.035009336713035785,0
2.6527777777777777,0.06158773361584388,0
2.6555555555555554,0.029287576702672707,0
2.658333333333333,0.06591527886696213,0
2.661111111111111,0.028191392958861416,0
2.6638888888888888,0.03052992806999148,0
2.6666666666666665,0.04510256997143916,0
2.6694444444444443,0.01951169297988842,0
2.672222222222222,-0.0005335182879472721,0
2.675,0.01006766495358414,0
2.6777777777777776,0.00864274984782682,0
2.6805555555555554,-0.013587418273217538,0
2.683333333333333,0.0009862747086890151,0
2.686111111111111,-0.008147825299700978,0
2.688888888888889,0.01521963055287443,0
2.691666666666667,0.00043629729240302864,0
2.6944444444444446,-0.0055831083693237814,0
2.6972222222222224,-0.004028321951341738,0
2.7,-3.419001461534574e-05,0
2.702777777777778,0.005060237689188882,0
2.7055555555555557,-0.01987810535614252,0
2.7083333333333335,-0.021089427713297904,0
2.7111111111111112,0.010616196552201657,0
2.713888888888889,-0.012544215134854887,0
2.716666666666667,-0.027944622219584166,0
2.7194444444444446,-0.0003057743610958919,0
2.7222222222222223,-0.0002325558135411205,0
2.725,-0.030326727149292895,0
2.727777777777778,-0.004089801145333718,0
2.7305555555555556,0.003317442739341864,0
2.7333333333333334,-0.002366613703569817,0
2.736111111111111,0.0010360525879051716,0
2.738888888888889,-0.030355976855528082,0
2.7416666666666667,-0.005863998336191262,0
2.7444444444444445,-0.01803246550997431,0
2.7472222222222222,-0.02508996839554946,0
2.75,-0.011469044875792265,0
2.7527777777777778,-0.011897439918487063,0
2.7555555555555555,-0.01984668311622383,0
2.7583333333333333,-0.04242601316825935,0
2.761111111111111,-0.08048775289189652,0
2.763888888888889,-0.08885897775100522,0
2.7666666666666666,-0.0924584097269709,0
2.7694444444444444,-0.1010709278725698,0
2.772222222222222,-0.082802350635227,0
2.775,-0.031146468306192276,0
2.7777777777777777,0.024788272682031865,0
2.7805555555555554,0.11388253025189853,0
2.783333333333333,0.2456057319900718,0
2.786111111111111,0.4089194683238881,0
2.7888888888888888,0.5550506442730478,0
2.7916666666666665,0.7069184753211984,0
2.7944444444444443,0.8313273434109267,0
2.797222222222222,0.8908546594351644,1
2.8,0.9270908706875743,0
2.8027777777777776,0.8810400465623384,0
2.8055555555555554,0.7619420662479891,0
2.808333333333333,0.6655854717641593,0
2.811111111111111,0.47602501699004873,0
2.813888888888889,0.29324095170911585,0
2.816666666666667,0.14841060889596622,0
2.8194444444444446,0.018197200405997406,0
2.8222222222222224,-0.06642848990339598,0
2.825,-0.14079507460370558,0
2.827777777777778,-0.1823736195421569,0
2.8305555555555557,-0.18452948975185626,0
2.8333333333333335,-0.1867795974689928,0
2.8361111111111112,-0.17240075627479945,0
2.838888888888889,-0.14851246910412672,0
2.841666666666667,-0.11931911534348222,0
2.8444444444444446,-0.1335861780206724,0
2.8472222222222223,-0.0824939289367168,0
2.85,-0.0877341991250177,0
2.852777777777778,-0.03601712170853299,0
2.8555555555555556,-0.021723986820509703,0
2.8583333333333334,0.005674412529248562,0
2.861111111111111,0.016705516836580718,0
2.863888888888889,0.008668325882434658,0
2.8666666666666667,0.0032559632762296066,0
2.8694444444444445,0.022061704190061246,0
2.8722222222222222,0.010169200845084077,0
2.875,0.020946339992526115,0
2.8777777777777778,0.03842326081308069,0
2.8805555555555555,0.017854432052452705,0
2.8833333333333333,0.040912835097474246,0
2.886111111111111,0.041668849724777364,0
2.888888888888889,0.019973937631829516,0
2.8916666666666666,0.05182049823437117,0
2.8944444444444444,0.050747427740477066,0
2.897222222222222,0.04500282783036399,0
2.9,0.03539716269735028,0
2.9027777777777777,0.037458404674491186,0
2.9055555555555554,0.04595477712466116,0
2.908333333333333,0.06599219445253286,0
2.911111111111111,0.04751377790911365,0
2.9138888888888888,0.07256741421507476,0
2.9166666666666665,0.05169645039637233,0
2.9194444444444443,0.07174044362715938,0
2.922222222222222,0.08108402260179608,0
2.925,0.12091106722510807,0
2.9277777777777776,0.06852328780239084,0
2.9305555555555554,0.1163626400992456,0
2.933333333333333,0.10177558698946343,0
2.936111111111111,0.11108205506794291,0
2.938888888888889,0.11221129505828539,0
2.941666666666667,0.12275693234755909,0
2.9444444444444446,0.11955153412093701,0
2.9472222222222224,0.14955083611559225,0
2.95,0.12687964091841042,0
2.952777777777778,0.15679026571166665,0
2.9555555555555557,0.1363039716802197,0
2.9583333333333335,0.15129963645012592,0
2.9611111111111112,0.1424168858771077,0
2.963888888888889,0.17166062197612753,0
2.966666666666667,0.1928835098962699,0
2.9694444444444446,0.17643578834061263,0
2.9722222222222223,0.1810356654549313,0
2.975,0.17365044002280947,0
2.977777777777778,0.193283103596865,0
2.9805555555555556,0.17913914459296715,0
2.9833333333333334,0.1955855757686362,0
2.986111111111111,0.21885041659588408,0
2.988888888888889,0.24130875839258592,0
2.9916666666666667,0.2696244403655686,0
2.9944444444444445,0.2245206770794866,0
2.9972222222222222,0.26053529815420584,0
3.0,0.24818441604272648,0
3.0027777777777778,0.24760076467690997,0
3.0055555555555555,0.2615020812748692,0
3.0083333333333333,0.260871626076985,0
3.011111111111111,0.26629871732555155,0
3.013888888888889,0.2629725842707691,0
3.0166666666666666,0.2523209783656793,0
3.0194444444444444,0.2540595875345212,0
3.022222222222222,0.2906471357616198,0
3.025,0.28003333584558016,0
3.0277777777777777,0.2782674190748876,0
3.0305555555555554,0.2900404615540358,0
3.033333333333333,0.3042109292184977,0
3.036111111111111,0.29702827147493793,0
3.0388888888888888,0.28617267742907665,0
3.0416666666666665,0.3157476409697707,0
3.0444444444444443,0.32202530868509605,0
3.047222222222222,0.3063814398265754,0
3.05,0.3138329320446962,0
3.0527777777777776,0.31776093833578656,0
3.0555555555555554,0.315625907753888,0
3.058333333333333,0.3070700598274219,0
3.061111111111111,0.3056624516705647,0
3.063888888888889,0.3029598647419178,0
3.066666666666667,0.276837398916647,0
3.0694444444444446,0.30160258848135146,0
3.0722222222222224,0.26821871800714736,0
3.075,0.2737802921647639,0
3.077777777777778,0.3020856129747951,0
3.0805555555555557,0.29166912106842224,0
3.0833333333333335,0.2976235753350772,0
3.0861111111111112,0.2672105095202307,0
3.088888888888889,0.24971509448791623,0
3.091666666666667,0.25886030000891347,0
3.0944444444444446,0.2592354730603705,0
3.0972222222222223,0.2539139307777038,0
3.1,0.2645606549285304,0
3.102777777777778,0.2367816684146524,0
3.1055555555555556,0.2419624164280851,0
3.1083333333333334,0.21618673526647486,0
3.111111111111111,0.23197550090059116,0
3.113888888888889,0.21935964400532199,0
3.1166666666666667,0.202063031318451,0
3.1194444444444445,0.20369208241573986,0
3.1222222222222222,0.19832517779384415,0
3.125,0.1908494171853128,0
3.1277777777777778,0.21525771626563106,0
3.1305555555555555,0.18098454785832743,0
3.1333333333333333,0.17257960417155538,0
3.136111111111111,0.13857109893588926,0
3.138888888888889,0.1504468314352139,0
3.1416666666666666,0.1537867944948529,0
3.1444444444444444,0.141376873121282,0
3.147222222222222,0.16639308294749258,0
3.15,0.1372787297524748,0
3.1527777777777777,0.15325802624419127,0
3.1555555555555554,0.12913866972577082,0
3.158333333333333,0.12316556236510755,0
3.161111111111111,0.11578987959274697,0
3.1638888888888888,0.1118216104202376,0
3.1666666666666665,0.13232430696610506,0
3.1694444444444443,0.06666672824064862,0
3.172222222222222,0.06650213123625512,0
3.175,0.08359246064819952,0
3.1777777777777776,0.08732652723562112,0
3.1805555555555554,0.09298551294318608,0
3.183333333333333,0.08541450957328713,0
3.186111111111111,0.06839917380021755,0
3.188888888888889,0.08545442634105421,0
3.191666666666667,0.08178908576530138,0
3.1944444444444446,0.06542552960109922,0
3.1972222222222224,0.07359326147233529,0
3.2,0.05989063890097044,0
3.202777777777778,0.04418323176858255,0
3.2055555555555557,0.06003189986071379,0
3.2083333333333335,0.04833497184513744,0
3.2111111111111112,0.043955907791200975,0
3.213888888888889,0.06343568838575453,0
3.216666666666667,0.002125768960895613,0
3.2194444444444446,0.015309053062153802,0
3.2222222222222223,0.01658762037621905,0
3.225,0.026893746743757815,0
3.227777777777778,0.026597710929429114,0
3.2305555555555556,0.006001789527739054,0
3.2333333333333334,0.01214519160158863,0
3.236111111111111,0.012432199657265396,0
3.238888888888889,0.0607351220597459,0
3.2416666666666667,0.04953079141503758,0
3.2444444444444445,0.015056597315074142,0
3.2472222222222222,0.014599886620346676,0
3.25,0.0017243960702767978,0
3.2527777777777778,-0.010667183612153925,0
3.2555555555555555,0.015272943821222112,0
3.2583333333333333,0.0012044596406195554,0
3.261111111111111,0.0141160659849524,0
3.263888888888889,-0.009331292692541038,0
3.2666666666666666,0.002587560447386835,0
3.2694444444444444,0.01565053871609585,0
3.272222222222222,0.018373107645154173,0
3.275,0.018652201011335516,0
3.2777777777777777,-0.007859129174498223,0
3.2805555555555554,0.024371252059149986,0
3.283333333333333,-0.0008078698327240921,0
3.286111111111111,0.020371146955537947,0
3.2888888888888888,0.010437508599943218,0
3.2916666666666665,-0.010296721684489125,0
3.2944444444444443,0.005388818864757956,0
3.297222222222222,0.015423269141262554,0
3.3,0.018974440350322544,0
3.3027777777777776,0.007526324708020334,0
3.3055555555555554,0.03250109712765874,0
3.308333333333333,0.02454060984121588,0
3.311111111111111,0.00550023352103559,0
3.313888888888889,0.02054094713686696,0
3.316666666666667,0.03825060125083194,0
3.3194444444444446,0.03861968408903321,0
3.3222222222222224,-0.009225996393973604,0
3.325,-0.004710708443874648,0
3.327777777777778,0.03146497532307411,0
3.3305555555555557,-0.006669493815966968,0
3.3333333333333335,-0.010611159363614066,0
3.3361111111111112,0.0019641477025416085,0
3.338888888888889,0.015597657852368935,0
3.341666666666667,0.007801894303318648,0
3.3444444444444446,-0.0003712759889681755,0
3.3472222222222223,-0.0006715172483460399,0
3.35,-0.0011842722272624225,0
3.352777777777778,-0.003628610558128834,0
3.3555555555555556,0.043855471504871665,0
3.3583333333333334,0.01416388288404622,0
3.361111111111111,0.02307577282914647,0
3.363888888888889,0.002513999608128848,0
3.3666666666666667,0.007138895255448394,0
3.3694444444444445,-0.0006949372732579298,0
3.3722222222222222,-0.029685321391088128,0
3.375,-0.010496314796783148,0
3.3777777777777778,-0.016900537851867823,0
3.3805555555555555,-0.023401870938991286,0
3.3833333333333333,-0.007498283362309732,0
3.386111111111111,0.03039458790902347,0
3.388888888888889,0.009942677102797962,0
3.3916666666666666,0.030057352402151426,0
3.3944444444444444,0.016953928028289995,0
3.397222222222222,0.02261840275308255,0
3.4,-0.002542132931721555,0
3.4027777777777777,0.018922304097656294,0
3.4055555555555554,0.02208584555082685,0
3.408333333333333,0.002597861271604482,0
3.411111111111111,0.019733448002517716,0
3.4138888888888888,0.019926267517523757,0
3.4166666666666665,0.003283630884356863,0
3.4194444444444443,-0.005220729904076666,0
3.422222222222222,-0.006046769341457921,0
3.425,0.013107690581103903,0
3.4277777777777776,0.016810952803389057,0
3.4305555555555554,0.00011456543505367067,0
3.433333333333333,0.012499101932799432,0
3.436111111111111,0.02075781655392137,0
3.438888888888889,0.021574077947428362,0
3.441666666666667,0.03568345745327907,0
3.4444444444444446,0.03166729741479414,0
3.4472222222222224,-0.0023952851132473894,0
3.45,0.037994640866713704,0
3.452777777777778,0.0048995541698786844,0
3.4555555555555557,0.02866886207590876,0
3.4583333333333335,0.01415731050753717,0
3.4611111111111112,0.007109534939231322,0
3.463888888888889,-0.013654089604871026,0
3.466666666666667,0.01107611863279826,0
3.4694444444444446,-0.009530413874630576,0
3.4722222222222223,0.028607632437144884,0
3.475,0.03712015250271376,0
3.477777777777778,0.0027230534785502303,0
3.4805555555555556,0.019559939320631665,0
3.4833333333333334,0.004556129828964478,0
3.486111111111111,0.0064780163863401696,0
3.488888888888889,0.028062310295895884,0
3.4916666666666667,0.0164883625380655,0
3.4944444444444445,0.04387622686949335,0
3.4972222222222222,0.011369096929280113,0
3.5,0.03453302727561555,0
3.5027777777777778,0.022077924522612764,0
3.5055555555555555,0.0337750520007807,0
3.5083333333333333,0.016515517037701696,0
3.511111111111111,0.02404186534352331,0
3.513888888888889,0.024807825694038138,0
3.5166666666666666,0.015961499950809872,0
3.5194444444444444,0.040615984325206266,0
3.522222222222222,0.042853283394307405,0
3.525,0.044660265519631454,0
3.5277777777777777,0.061719390528695156,0
3.5305555555555554,0.06356879753645531,0
3.533333333333333,0.03962588875768594,0
3.536111111111111,0.05452324178112606,0
3.5388888888888888,0.04350092717950481,0
3.5416666666666665,0.05737244108151452,0
3.5444444444444443,0.052417534912265605,0
3.547222222222222,0.09031075666218065,0
3.55,0.07623998558041942,0
3.5527777777777776,0.07243726180875396,0
3.5555555555555554,0.09864802200403955,0
3.558333333333333,0.05329317078660405,0
3.561111111111111,0.060777573074885655,0
3.563888888888889,0.1080431291643689,0
3.566666666666667,0.10205734428745893,0
3.5694444444444446,0.10982645701935223,0
3.5722222222222224,0.09091295349590092,0
3.575,0.114963896063928,0
3.577777777777778,0.1495783596165146,0
3.5805555555555557,0.13575913290707295,0
3.5833333333333335,0.1294195227898639,0
3.5861111111111112,0.12332758190981771,0
3.588888888888889,0.12655533018077594,0
3.591666666666667,0.1025829394942379,0
3.5944444444444446,0.13989114097040706,0
3.5972222222222223,0.14965269762414135,0
3.6,0.11370595642467377,0
3.602777777777778,0.12721049559890288,0
3.6055555555555556,0.11898715673102725,0
3.6083333333333334,0.12052451622520341,0
3.611111111111111,0.13392129525324795,0
3.613888888888889,0.09945376021000393,0
3.6166666666666667,0.13705561550075832,0
3.6194444444444445,0.135832805411887,0
3.6222222222222222,0.11704919688816398,0
3.625,0.07955293396714648,0
3.6277777777777778,0.09747488059002421,0
3.6305555555555555,0.12633662035937,0
3.6333333333333333,0.06141475162276687,0
3.636111111111111,0.09298801835107545,0
3.638888888888889,0.07554534221935676,0
3.6416666666666666,0.10033806747654804,0
3.6444444444444444,0.0731949597877312,0
3.647222222222222,0.0845056934006037,0
3.65,0.08216580594961154,0
3.6527777777777777,0.09661312104266095,0
3.6555555555555554,0.06159026773062927,0
3.658333333333333,0.06604393118533036,0
3.661111111111111,0.034120741495314924,0
3.6638888888888888,0.0704857300095125,0
3.6666666666666665,0.037704885945733325,0
3.6694444444444443,0.03744012587291753,0
3.672222222222222,0.04251432652232495,0
3.675,0.016657124627203635,0
3.6777777777777776,0.04103484524126223,0
3.6805555555555554,0.049860813817034444,0
3.683333333333333,0.03772076279859815,0
3.686111111111111,0.007691634648403587,0
3.688888888888889,0.028073363739485456,0
3.691666666666667,0.03965914203620734,0
3.6944444444444446,-0.0008649117708795714,0
3.6972222222222224,0.01012266219234581,0
3.7,0.03847968254432312,0
3.702777777777778,0.02860395706683485,0
3.7055555555555557,0.030072752342357265,0
3.7083333333333335,0.051232655603585024,0
3.7111111111111112,0.029909538322188123,0
3.713888888888889,0.03237293242897775,0
3.716666666666667,0.06286064577406568,0
3.7194444444444446,0.018748242071098833,0
3.7222222222222223,0.009792894237691138,0
3.725,0.02802028988663537,0
3.727777777777778,0.028046423905567133,0
3.7305555555555556,0.013399932585078461,0
3.7333333333333334,0.005571120862105837,0
3.736111111111111,0.055265139721630344,0
3.738888888888889,0.024692647226545412,0
3.7416666666666667,0.0072879819355363504,0
3.7444444444444445,0.02936671098223161,0
3.7472222222222222,0.009653828254218427,0
3.75,0.0008358498015567759,0
3.7527777777777778,0.0035204472699534107,0
3.7555555555555555,-0.03695196333251813,0
3.7583333333333333,-0.02765549476101571,0
3.761111111111111,-0.020930335534318462,0
3.763888888888889,-0.05792704896232946,0
3.7666666666666666,-0.08036175517675243,0
3.7694444444444444,-0.08124175571860696,0
3.772222222222222,-0.0616551230455676,0
3.775,-0.018038918562340307,0
3.7777777777777777,0.04929232514075131,0
3.7805555555555554,0.16785616705447898,0
3.783333333333333,0.2551212290211746,0
3.786111111111111,0.4416433531060028,0
3.7888888888888888,0.5786181140733782,0
3.7916666666666665,0.7367814617339844,0
3.7944444444444443,0.8336866321738597,0
3.797222222222222,0.9457245444091565,0
3.8,0.9637510945532615,1
3.8027777777777776,0.9190714358399934,0
3.8055555555555554,0.7870629832689543,0
3.808333333333333,0.685706753386155,0
3.811111111111111,0.5189261699107801,0
3.813888888888889,0.3233027094042537,0
3.816666666666667,0.1930325634668129,0
3.8194444444444446,0.0682871407598845,0
3.8222222222222224,-0.029569106652909922,0
3.825,-0.10473381196915682,0
3.827777777777778,-0.1436652313508309,0
3.8305555555555557,-0.14244143582892038,0
3.8333333333333335,-0.14421670940697473,0
3.8361111111111112,-0.19088656927127406,0
3.838888888888889,-0.13017140310859543,0
3.841666666666667,-0.1017923654562418,0
3.8444444444444446,-0.09902223459857659,0
3.8472222222222223,-0.046401778290042134,0
3.85,-0.0071010188046639194,0
3.852777777777778,-0.023672921123073874,0
3.8555555555555556,0.01255921686205352,0
3.8583333333333334,0.005404972138117527,0
3.861111111111111,0.017945540820669376,0
3.863888888888889,0.056902272969018806,0
3.8666666666666667,0.031718252512231274,0
3.8694444444444445,0.050792411611516326,0
3.8722222222222222,0.01907345148702864,0
3.875,0.07793369706350708,0
3.8777777777777778,0.061679778074357774,0
3.8805555555555555,0.05246847715817392,0
3.8833333333333333,0.06642114916966636,0
3.886111111111111,0.039295283899850895,0
3.888888888888889,0.08094209943442379,0
3.8916666666666666,0.06123334302984383,0
3.8944444444444444,0.06606075129487461,0
3.897222222222222,0.06492292859283604,0
3.9,0.06691615796208737,0
3.9027777777777777,0.08952968960003249,0
3.9055555555555554,0.0865898055602399,0
3.908333333333333,0.09632846937975342,0
3.911111111111111,0.09038181939573534,0
3.9138888888888888,0.10233405906359282,0
3.9166666666666665,0.09263626392577863,0
3.9194444444444443,0.13680767610535327,0
3.922222222222222,0.08444372522070553,0
3.925,0.13163383472850676,0
3.9277777777777776,0.1381487152262157,0
3.9305555555555554,0.10990767854757195,0
3.933333333333333,0.16133439024069451,0
3.936111111111111,0.1481730010605775,0
3.938888888888889,0.15328730705268329,0
3.941666666666667,0.14474762433883848,0
3.9444444444444446,0.1467959373869897,0
3.9472222222222224,0.15275187040742816,0
3.95,0.167692130526487,0
3.952777777777778,0.1888856935989095,0
3.9555555555555557,0.17670317875652053,0
3.9583333333333335,0.16649772835732055,0
3.9611111111111112,0.19877982820049614,0
3.963888888888889,0.20651990413040214,0
3.966666666666667,0.20884331915513057,0
3.9694444444444446,0.2165440006769389,0
3.9722222222222223,0.2076381480059537,0
3.975,0.20409486281045666,0
3.977777777777778,0.21130563969987443,0
3.9805555555555556,0.20605035578135858,0
3.9833333333333334,0.24032857665924529,0
3.986111111111111,0.24163601091789727,0
3.988888888888889,0.242305536748624,0
3.9916666666666667,0.2104756237404749,0
3.9944444444444445,0.2418743197584195,0
3.9972222222222222,0.2830231982391332,0
4.0,0.2617028615674805,0
4.002777777777778,0.28236097464623316,0
4.0055555555555555,0.26117316930115275,0
4.008333333333334,0.30848058373114917,0
4.011111111111111,0.289375497430006,0
4.013888888888889,0.3002765001013307,0
4.016666666666667,0.33494198903479977,0
4.019444444444445,0.3266567689181468,0
4.022222222222222,0.30287889107445654,0
4.025,0.3018463380850869,0
4.027777777777778,0.3088174532305364,0
4.030555555555556,0.32398348195828736,0
4.033333333333333,0.31706015450762226,0
4.036111111111111,0.3146743477690229,0
4.038888888888889,0.3442292326185081,0
4.041666666666667,0.32177511541896814,0
4.044444444444444,0.3588925762872336,0
4.0472222222222225,0.32631083241925846,0
4.05,0.3519189449306671,0
4.052777777777778,0.3303263023647727,0
4.055555555555555,0.33887678144808653,0
4.058333333333334,0.31266954454789986,0
4.061111111111111,0.309482382117775,0
4.063888888888889,0.32758266128362074,0
4.066666666666666,0.3335676767659553,0
4.069444444444445,0.31705650997557244,0
4.072222222222222,0.2945391670480168,0
4.075,0.2904919791772894,0
4.0777777777777775,0.2862383078396533,0
4.080555555555556,0.277580567218675,0
4.083333333333333,0.3018990442733682,0
4.086111111111111,0.31301975096090384,0
4.088888888888889,0.291569584636827,0
4.091666666666667,0.25324538408527136,0
4.094444444444444,0.2794403251850632,0
4.097222222222222,0.2747950546504047,0
4.1,0.3034138119490608,0
4.102777777777778,0.24467171698040718,0
4.105555555555555,0.2550587109611684,0
4.108333333333333,0.28074906225355983,0
4.111111111111111,0.25602294171567874,0
4.113888888888889,0.2517218758261326,0
4.116666666666666,0.23889404715970194,0
4.1194444444444445,0.23594885889537312,0
4.122222222222222,0.23642652458336133,0
4.125,0.20633765498598874,0
4.127777777777778,0.22533957574337218,0
4.1305555555555555,0.18524944409212346,0
4.133333333333334,0.20444822961679276,0
4.136111111111111,0.19589931792408566,0
4.138888888888889,0.17770082729259706,0
4.141666666666667,0.18037710865400236,0
4.144444444444445,0.16520953377851422,0
4.147222222222222,0.1523726762768701,0
4.15,0.1571263327720968,0
4.152777777777778,0.13994559954378494,0
4.155555555555556,0.15552471912627094,0
4.158333333333333,0.12772039372484922,0
4.161111111111111,0.1500601740143751,0
4.163888888888889,0.116194623410532,0
4.166666666666667,0.12009284349771418,0
4.169444444444444,0.11402876070735544,0
4.1722222222222225,0.13823077601694192,0
4.175,0.11841326537053902,0
4.177777777777778,0.10554143363455787,0
4.180555555555555,0.1116128144736306,0
4.183333333333334,0.06809694616670894,0
4.186111111111111,0.09479035364045554,0
4.188888888888889,0.12129315842983995,0
4.191666666666666,0.08936952447391822,0
4.194444444444445,0.08461734959880454,0
4.197222222222222,0.08819445464608149,0
4.2,0.08993863712742317,0
4.2027777777777775,0.04323087206723508,0
4.205555555555556,0.044800274395682176,0
4.208333333333333,0.07018313308362807,0
4.211111111111111,0.05344745307527585,0
4.213888888888889,0.08113769924189469,0
4.216666666666667,0.054157659095379604,0
4.219444444444444,0.02743261472621731,0
4.222222222222222,0.03512891490776253,0
4.225,0.010731503564065013,0
4.227777777777778,0.046416835242921964,0
4.230555555555555,0.045175054657888146,0
4.233333333333333,0.0398213845063311,0
4.236111111111111,0.06066976067421455,0
4.238888888888889,0.0608686653216233,0
4.241666666666666,0.038840672669973056,0
4.2444444444444445,0.007978376247838558,0
4.247222222222222,0.04795228761685664,0
4.25,0.045805155323949014,0
4.252777777777778,0.04098019591866617,0
4.2555555555555555,0.050004535843611364,0
4.258333333333334,0.0168270467638208,0
4.261111111111111,0.06351781538775425,0
4.263888888888889,0.01814787054097896,0
4.266666666666667,0.042992246915450505,0
4.269444444444445,0.005716282577588508,0
4.272222222222222,0.01639940864740274,0
4.275,0.052476529163013694,0
4.277777777777778,0.025242465062175295,0
4.280555555555556,0.04122386089118685,0
4.283333333333333,0.031689414425310945,0
4.286111111111111,0.026108833028362803,0
4.288888888888889,0.04772435030666965,0
4.291666666666667,0.023332728595875266,0
4.294444444444444,-0.0001823160594792636,0
4.2972222222222225,0.014154074746846362,0
4.3,0.034170035302099964,0
4.302777777777778,0.0315577643172868,0
4.305555555555555,0.0018637612117646668,0
4.308333333333334,0.014268723771963539,0
4.311111111111111,0.016190289491299026,0
4.313888888888889,0.01923275442190433,0
4.316666666666666,0.003889753850489435,0
4.319444444444445,0.014930157586180345,0
4.322222222222222,0.013266177890972678,0
4.325,0.03561912220378359,0
4.3277777777777775,0.036043831244296914,0
4.330555555555556,0.021589851091423286,0
4.333333333333333,0.01777460341651685,0
4.336111111111111,0.025639616281925275,0
4.338888888888889,0.011184268060270196,0
4.341666666666667,0.006128446760779865,0
4.344444444444444,0.009130892823808821,0
4.347222222222222,0.013619962158473055,0
4.35,0.005602135575874474,0
4.352777777777778,0.025400870435122402,0
4.355555555555555,0.03383466029434309,0
4.358333333333333,-0.0009957839845070558,0
4.361111111111111,0.023111845364272684,0
4.363888888888889,0.01936223736883609,0
4.366666666666666,0.027712108286385914,0
4.3694444444444445,0.02232518231233213,0
4.372222222222222,0.0006464074412174912,0
4.375,0.003446826288856168,0
4.377777777777778,0.022757236568808653,0
4.3805555555555555,0.03768159403662094,0
4.383333333333334,-0.011028302127857874,0
4.386111111111111,0.0273055340423434,0
4.388888888888889,0.039899474557771736,0
4.391666666666667,0.01969554574706534,0
4.394444444444445,0.030179952680484234,0
4.397222222222222,0.011316976903544234,0
4.4,0.020008671658554845,0
4.402777777777778,-0.00257838333814572,0
4.405555555555556,-0.01349370973390893,0
4.408333333333333,0.03574898903522639,0
4.411111111111111,0.006768572826812709,0
4.413888888888889,0.014646514261318577,0
4.416666666666667,0.000618701401216705,0
4.419444444444444,0.00020171209175374669,0
4.4222222222222225,0.01867971327539093,0
4.425,0.010279854960542838,0
4.427777777777778,0.026829681827790944,0
4.430555555555555,0.02788537651193565,0
4.433333333333334,0.025848081883056997,0
4.436111111111111,0.024553593300389646,0
4.438888888888889,0.04458200701349048,0
4.441666666666666,0.004844707592304515,0
4.444444444444445,0.019980661905819576,0
4.447222222222222,0.03774492912843608,0
4.45,0.03967749403556922,0
4.4527777777777775,-0.0006559875684271389,0
4.455555555555556,0.015954086779970927,0
4.458333333333333,0.04099003027086103,0
4.461111111111111,0.028230394535730077,0
4.463888888888889,0.023544150472696708,0
4.466666666666667,0.01737425102731563,0
4.469444444444444,0.014929037747600684,0
4.472222222222222,0.025082621404397872,0
4.475,0.01707901400664699,0
4.477777777777778,0.02036927537318442,0
4.480555555555555,0.022375174107681986,0
4.483333333333333,0.011266034232083433,0
4.486111111111111,0.029721336205463134,0
4.488888888888889,0.065826390466932,0
4.491666666666666,-0.004087085989564136,0
4.4944444444444445,0.027976145168056285,0
4.497222222222222,0.01236708999171592,0
4.5,0.03320402095128698,0
4.502777777777778,0.026147469292804093,0
4.5055555555555555,0.0379307167113081,0
4.508333333333334,0.04535187313783138,0
4.511111111111111,0.031999591032977344,0
4.513888888888889,0.04768051221975496,0
4.516666666666667,-0.002671536720075765,0
4.519444444444445,0.05836304462107543,0
4.522222222222222,0.042377675580050685,0
4.525,0.0554072633708597,0
4.527777777777778,0.023679691732295536,0
4.530555555555556,0.03251003952663204,0
4.533333333333333,0.05041192610861958,0
4.536111111111111,0.051474306439290025,0
4.538888888888889,0.05973280864354692,0
4.541666666666667,0.07575090946257207,0
4.544444444444444,0.03722557943837576,0
4.5472222222222225,0.08273594537439477,0
4.55,0.07285636649119288,0
4.552777777777778,0.07442708461071836,0
4.555555555555555,0.060281444580555225,0
4.558333333333334,0.09483070865397,0
4.561111111111111,0.056038053668237844,0
4.563888888888889,0.10691984196747854,0
4.566666666666666,0.0796847803836238,0
4.569444444444445,0.10761519888104121,0
4.572222222222222,0.10959230151096024,0
4.575,0.13325364292050765,0
4.5777777777777775,0.11707115307133692,0
4.580555555555556,0.11303628329925822,0
4.583333333333333,0.11915394063854873,0
4.586111111111111,0.148712398920117,0
4.588888888888889,0.1400507362967161,0
4.591666666666667,0.12809529510460857,0
4.594444444444444,0.13166504438460647,0
4.597222222222222,0.11247426515348195,0
4.6,0.14200499442543627,0
4.602777777777778,0.10939821771554013,0
4.605555555555555,0.14611575614626382,0
4.608333333333333,0.1352496835359584,0
4.611111111111111,0.1670647344965127,0
4.613888888888889,0.1121848802613416,0
4.616666666666666,0.1240944108406984,0
4.6194444444444445,0.14911767291514555,0
4.622222222222222,0.13613049026108753,0
4.625,0.10358976449805958,0
4.627777777777778,0.11287547521179925,0
4.6305555555555555,0.10479325674498187,0
4.633333333333334,0.10405950588458988,0
4.636111111111111,0.08429145241989588,0
4.638888888888889,0.08830158971776095,0
4.641666666666667,0.060519991327469415,0
4.644444444444445,0.0813949813558403,0
4.647222222222222,0.08106832922261145,0
4.65,0.06596940370609387,0
4.652777777777778,0.040365912861107606,0
4.655555555555556,0.07480945813877524,0
4.658333333333333,0.06104336271643121,0
4.661111111111111,0.040503709236895176,0
4.663888888888889,0.04324302937312412,0
4.666666666666667,0.021250146278479314,0
4.669444444444444,0.02494313051291326,0
4.6722222222222225,0.02907891375279722,0
4.675,0.0526499645296306,0
4.677777777777778,0.02195925880565759,0
4.680555555555555,0.03872582674748365,0
4.683333333333334,0.01885114141979178,0
4.686111111111111,0.02866881169156702,0
4.688888888888889,0.02105949086874494,0
4.691666666666666,0.034699951403540194,0
4.694444444444445,0.01218367546220821,0
4.697222222222222,-0.004617250729731421,0
4.7,-0.0028455240111048934,0
4.7027777777777775,0.00895228068099651,0
4.705555555555556,-0.0026389919978428537,0
4.708333333333333,0.021523035596942644,0
4.711111111111111,0.007750325117515339,0
4.713888888888889,0.049805381340225906,0
4.716666666666667,-0.012358419930519572,0
4.719444444444444,0.016343909650433013,0
4.722222222222222,-0.003997688014510848,0
4.725,0.005189274930803161,0
4.727777777777778,0.014396395158646973,0
4.730555555555555,-0.022939650470938572,0
4.733333333333333,0.015076559941542457,0
4.736111111111111,0.03945514058277379,0
4.738888888888889,0.0031095716776751966,0
4.741666666666666,0.012117764334319015,0
4.7444444444444445,0.02077734024860115,0
4.747222222222222,-0.0015650176439907233,0
4.75,-0.014654380122052509,0
4.752777777777778,-0.049790913213527944,0
4.7555555555555555,-0.018872102263873695,0
4.758333333333334,-0.04572751034949062,0
4.761111111111111,-0.07607167509115564,0
4.763888888888889,-0.07444902725691147,0
4.766666666666667,-0.09507336880873249,0
4.769444444444445,-0.09333230103161519,0
4.772222222222222,-0.05834734369243871,0
4.775,-0.04641766493548981,0
4.777777777777778,0.05838613608021201,0
4.780555555555556,0.12069282205662996,0
4.783333333333333,0.25855530484970934,0
4.786111111111111,0.44476405749030085,0
4.788888888888889,0.5882605124563787,0
4.791666666666667,0.7194585703365757,0
4.794444444444444,0.8231814736157667,0
4.7972222222222225,0.9043849089778785,0
4.8,0.9325257873440072,1
4.802777777777778,0.8914319238843562,0
4.805555555555555,0.7944443905566657,0
4.808333333333334,0.6586624980364577,0
4.811111111111111,0.4953249153910418,0
4.813888888888889,0.3112717012014445,0
4.816666666666666,0.1710016330564833,0
4.819444444444445,0.06172368467456403,0
4.822222222222222,-0.07341685020299521,0
4.825,-0.1253841919764449,0
4.8277777777777775,-0.17564438718913167,0
4.830555555555556,-0.17835569227359557,0
4.833333333333333,-0.18408273720255425,0
4.836111111111111,-0.14153124949608137,0
4.838888888888889,-0.13378757927329918,0
4.841666666666667,-0.13514094142270677,0
4.844444444444444,-0.07897811720619038,0
4.847222222222222,-0.0759042618427784,0
4.85,-0.051121155846248836,0
4.852777777777778,-0.019464490060813085,0
4.855555555555555,-0.016823605715356228,0
4.858333333333333,0.015411665825072538,0
4.861111111111111,-0.0008794930661251473,0
4.863888888888889,0.00800887451458745,0
4.866666666666666,0.012400868037364775,0
4.8694444444444445,0.017602905907105313,0
4.872222222222222,0.04569665892362444,0
4.875,0.041337092510751204,0
4.877777777777778,0.06003487415958155,0
4.8805555555555555,0.07080623153532148,0
4.883333333333334,0.023753025422571995,0
4.886111111111111,0.04276529710305449,0
4.888888888888889,0.02666854793972512,0
4.891666666666667,0.0353777979553936,0
4.894444444444445,0.040461068961095775,0
4.897222222222222,0.03707307948242665,0
4.9,0.04032277789843893,0
4.902777777777778,0.057263436196977144,0
4.905555555555556,0.0446618109017098,0
4.908333333333333,0.07918925259290682,0
4.911111111111111,0.056596662049737706,0
4.913888888888889,0.11647335827338415,0
4.916666666666667,0.07168694278915728,0
4.919444444444444,0.08382605057562724,0
4.9222222222222225,0.06776244865094475,0
4.925,0.11738726231425531,0
4.927777777777778,0.11334538361228651,0
4.930555555555555,0.10591366436277856,0
4.933333333333334,0.08631065020713685,0
4.936111111111111,0.11486603408050489,0
4.938888888888889,0.1002125712262964,0
4.941666666666666,0.14442531951031992,0
4.944444444444445,0.1402042910643369,0
4.947222222222222,0.13518643130131483,0
4.95,0.10300064743992657,0
4.9527777777777775,0.13067950782340154,0
4.955555555555556,0.16171394104569664,0
4.958333333333333,0.17562838453754895,0
4.961111111111111,0.1801688850677498,0
4.963888888888889,0.14579301796925473,0
4.966666666666667,0.18037042455363841,0
4.969444444444444,0.19727159586033155,0
4.972222222222222,0.16335852090235436,0
4.975,0.19429725190427072,0
4.977777777777778,0.2046774362370947,0
4.980555555555555,0.20216774340635868,0
4.983333333333333,0.1849449885490224,0
4.986111111111111,0.21381201764697355,0
4.988888888888889,0.21966271559260442,0
4.991666666666666,0.22811348705744125,0
4.9944444444444445,0.22751492774254217,0
4.997222222222222,0.23480710560337872,0
5.0,0.24617767448439504,0
5.002777777777778,0.2585497928032092,0
5.0055555555555555,0.25228832379125676,0
5.008333333333334,0.2554374891761623,0
5.011111111111111,0.267464942251782,0
5.013888888888889,0.24151792669003555,0
5.016666666666667,0.2814792006052807,0
5.019444444444445,0.27803327433515845,0
5.022222222222222,0.28206806891709935,0
5.025,0.2990152523951594,0
5.027777777777778,0.2581328713740821,0
5.030555555555556,0.2603174314300939,0
5.033333333333333,0.29620154071240135,0
5.036111111111111,0.29381884242811107,0
5.038888888888889,0.29796395923294855,0
5.041666666666667,0.2896139454932115,0
5.044444444444444,0.30729002365967817,0
5.0472222222222225,0.31173424385646253,0
5.05,0.30506346055212136,0
5.052777777777778,0.2935888359349488,0
5.055555555555555,0.26522258675336713,0
5.058333333333334,0.30735422283010394,0
5.061111111111111,0.31276369970168005,0
5.063888888888889,0.3023770958818122,0
5.066666666666666,0.2774396600028777,0
5.069444444444445,0.2983283926281279,0
5.072222222222222,0.29838635180348055,0
5.075,0.3057965945396907,0
5.0777777777777775,0.26589799376348766,0
5.080555555555556,0.2719688004006117,0
5.083333333333333,0.2826136386235267,0
5.086111111111111,0.26803075641926044,0
5.088888888888889,0.24591478866358915,0
5.091666666666667,0.2641537510864481,0
5.094444444444444,0.2616442333956601,0
5.097222222222222,0.24909939382872287,0
5.1,0.24569151114029128,0
5.102777777777778,0.23295376440337967,0
5.105555555555555,0.25328095515159943,0
5.108333333333333,0.21172178557163407,0
5.111111111111111,0.21041802605052992,0
5.113888888888889,0.21327588551102475,0
5.116666666666666,0.22008354697362162,0
5.1194444444444445,0.17814878085667574,0
5.122222222222222,0.17460400645452956,0
5.125,0.1572971915971409,0
5.127777777777778,0.18193008118079312,0
5.1305555555555555,0.15822934006978034,0
5.133333333333334,0.16280307753513396,0
5.136111111111111,0.17207737857914956,0
5.138888888888889,0.14615117303001696,0
5.141666666666667,0.15290700413724456,0
5.144444444444445,0.1386699599872557,0
5.147222222222222,0.14703502360323936,0
5.15,0.13795602428773354,0
5.152777777777778,0.11441912908334183,0
5.155555555555556,0.11634056461667594,0
5.158333333333333,0.12871101421307624,0
5.161111111111111,0.113260690052757,0
5.163888888888889,0.08083895876027193,0
5.166666666666667,0.10619591362882452,0
5.169444444444444,0.07480155941884228,0
5.1722222222222225,0.10711344839262697,0
5.175,0.09629258797507481,0
5.177777777777778,0.08043866821932565,0
5.180555555555555,0.07376496408622735,0
5.183333333333334,0.06374604888294243,0
5.186111111111111,0.07269492310030234,0
5.188888888888889,0.05275223939797176,0
5.191666666666666,0.05780585837007064,0
5.194444444444445,0.06347092823654393,0
5.197222222222222,0.03824473125686963,0
5.2,0.033867772678928404,0
5.2027777777777775,0.021791067961042434,0
5.205555555555556,0.020490100604614783,0
5.208333333333333,0.005933969198952425,0
5.211111111111111,0.04135905843166531,0
5.213888888888889,0.05474273085489685,0
5.216666666666667,0.04632834861792177,0
5.219444444444444,-0.0019653227723929537,0
5.222222222222222,0.03091032632742445,0
5.225,0.039110422364189684,0
5.227777777777778,0.008793341693415717,0
5.230555555555555,0.015154682453409991,0
5.233333333333333,-0.018381741103424217,0
5.236111111111111,0.013952918201129549,0
5.238888888888889,-0.007679458246798899,0
5.241666666666666,0.00969266399022265,0
5.2444444444444445,-0.018198250449227443,0
5.247222222222222,0.011977126632815279,0
5.25,0.01790461557322928,0
5.252777777777778,-0.01042440874290063,0
5.2555555555555555,-0.016864927844786864,0
5.258333333333334,-0.03321088843301283,0
5.261111111111111,-0.005855496373720309,0
5.263888888888889,-0.011505349722293228,0
5.266666666666667,-0.026906245933401508,0
5.269444444444445,0.002353612746264818,0
5.272222222222222,-0.011936828855831262,0
5.275,-0.022017352199981563,0
5.277777777777778,-0.014845768936654836,0
5.280555555555556,0.008941440788536554,0
5.283333333333333,0.00135681580014911,0
5.286111111111111,-0.010157847476138732,0
5.288888888888889,0.0005950035242008635,0
5.291666666666667,-0.026555904305424257,0
5.294444444444444,-0.009076359283406669,0
5.2972222222222225,-0.007743145600365301,0
5.3,-0.017365193439566873,0
5.302777777777778,-0.004126107361212994,0
5.305555555555555,-0.02268243665162487,0
5.308333333333334,-0.0036260103483242694,0
5.311111111111111,-0.0032739553551794157,0
5.313888888888889,-0.05557046042785226,0
5.316666666666666,0.005796120635187725,0
5.319444444444445,-0.05800389547891366,0
5.322222222222222,-0.02174788502751132,0
5.325,0.002667361944772734,0
5.3277777777777775,-0.01766691017335608,0
5.330555555555556,-0.035085182084261826,0
5.333333333333333,-0.02967417428186036,0
5.336111111111111,0.0019679631704885656,0
5.338888888888889,-0.04241823991370756,0
5.341666666666667,0.0031859011953437755,0
5.344444444444444,-0.014722673827176447,0
5.347222222222222,-0.03192371556924306,0
5.35,-0.02292115128423909,0
5.352777777777778,-0.02956490768121251,0
5.355555555555555,-0.001441196267042819,0
5.358333333333333,-0.003572498395547439,0
5.361111111111111,-0.04046734049138067,0
5.363888888888889,-0.020851802059991476,0
5.366666666666666,-0.027860981010196684,0
5.3694444444444445,0.004376637856290725,0
5.372222222222222,-0.035388087843922875,0
5.375,0.008818262762949497,0
5.377777777777778,-0.015851338163820762,0
5.3805555555555555,-0.032886013773525916,0
5.383333333333334,-0.02571967658647515,0
5.386111111111111,-0.02768702928225178,0
5.388888888888889,-0.03488293772196047,0
5.391666666666667,-0.014441006960408516,0
5.394444444444445,-0.03438081180917499,0
5.397222222222222,-0.04876523537903493,0
5.4,-0.021851609981404094,0
5.402777777777778,-0.04329513301845136,0
5.405555555555556,-0.027629673459897964,0
5.408333333333333,-0.03007794050983951,0
5.411111111111111,-0.029602949632942265,0
5.413888888888889,0.013387260624708047,0
5.416666666666667,-0.015872627346163355,0
5.419444444444444,-0.013128936437239698,0
5.4222222222222225,-0.04354518225609462,0
5.425,-0.026797251626460235,0
5.427777777777778,-0.013845594955189052,0
5.430555555555555,-0.032528920713315625,0
5.433333333333334,-0.0036241449877186423,0
5.436111111111111,-0.03536753076400054,0
5.438888888888889,-0.021702010523655012,0
5.441666666666666,-0.026273601792772078,0
5.444444444444445,-0.01509048478707126,0
5.447222222222222,-0.027230385950186682,0
5.45,-0.02174835970609865,0
5.4527777777777775,-0.021281669838872676,0
5.455555555555556,-0.028801514538237108,0
5.458333333333333,-0.010544522778150585,0
5.461111111111111,-0.014267235845011411,0
5.463888888888889,-0.019178494767875476,0
5.466666666666667,-0.024293161375480526,0
5.469444444444444,-0.005852008668192988,0
5.472222222222222,-0.021273907379016542,0
5.475,-0.022240166244411354,0
5.477777777777778,-0.015933726276291388,0
5.480555555555555,0.00812616897275047,0
5.483333333333333,-0.037192948709378754,0
5.486111111111111,-0.005242446144286792,0
5.488888888888889,-0.04481861849800433,0
5.491666666666666,-0.012710131713414882,0
5.4944444444444445,0.008202992066190799,0
5.497222222222222,-0.007440597469102716,0
5.5,-0.011438661195901723,0
5.502777777777778,-0.02149820149627178,0
5.5055555555555555,-0.011570604545147297,0
5.508333333333334,-0.014598610428021887,0
5.511111111111111,-0.02121014667264918,0
5.513888888888889,-0.01217810147593943,0
5.516666666666667,-0.003056063652395623,0
5.519444444444445,-0.015520820663393237,0
5.522222222222222,-0.013854515422069042,0
5.525,-0.019668371337637176,0
5.527777777777778,0.009342974116404962,0
5.530555555555556,0.014665215921008171,0
5.533333333333333,0.013221950557609096,0
5.536111111111111,0.02774294158070387,0
5.538888888888889,0.018352524954291096,0
5.541666666666667,0.026924201470649528,0
5.544444444444444,0.029836328970305376,0
5.5472222222222225,0.028345373373417672,0
5.55,0.026375458224345998,0
5.552777777777778,0.07231848507146771,0
5.555555555555555,0.03720892882186261,0
5.558333333333334,0.03895537164039396,0
5.561111111111111,0.06043781636026545,0
5.563888888888889,0.06267008461637484,0
5.566666666666666,0.042714069872887464,0
5.569444444444445,0.08539521676337286,0
5.572222222222222,0.07173166417843434,0
5.575,0.06083528678837964,0
5.5777777777777775,0.099396255734083,0
5.580555555555556,0.09467273608020395,0
5.583333333333333,0.06965071514492155,0
5.586111111111111,0.11817028215714864,0
5.588888888888889,0.10381003698926121,0
5.591666666666667,0.09567790389544382,0
5.594444444444444,0.12104632243714152,0
5.597222222222222,0.1003837787610486,0
5.6,0.09780100771971316,0
5.602777777777778,0.08796819622566893,0
5.605555555555555,0.10567757195945318,0
5.608333333333333,0.10261506041192645,0
5.611111111111111,0.09366185343106455,0
5.613888888888889,0.07905473624314742,0
5.616666666666666,0.08983821775467586,0
5.6194444444444445,0.08338949769660461,0
5.622222222222222,0.06058973086960255,0
5.625,0.05432792042285592,0
5.627777777777778,0.08040626675612556,0
5.6305555555555555,0.028189666168494457,0
5.633333333333334,0.06540865169973002,0
5.636111111111111,0.05014121851332837,0
5.638888888888889,0.07185025668219847,0
5.641666666666667,0.03971914774985539,0
5.644444444444445,0.05193689332408929,0
5.647222222222222,0.031087791888849914,0
5.65,0.03385824942558701,0
5.652777777777778,0.038464278953028716,0
5.655555555555556,0.015912791151897903,0
5.658333333333333,0.03344391710163727,0
5.661111111111111,-0.0005400990817692325,0
5.663888888888889,0.014894554088411461,0
5.666666666666667,0.020676464451336554,0
5.669444444444444,0.013355444496462619,0
5.6722222222222225,0.02907813622517272,0
5.675,-0.01398691929067998,0
5.677777777777778,-0.025837913915294133,0
5.680555555555555,-0.0224375359764694,0
5.683333333333334,0.0002456003639652732,0
5.686111111111111,-0.00410941825818441,0
5.688888888888889,-0.011753673361868321,0
5.691666666666666,-0.03164743586251051,0
5.694444444444445,-0.004636714861831858,0
5.697222222222222,-0.03568300876687637,0
5.7,-0.0009518499886574418,0
5.7027777777777775,0.02363636275345154,0
5.705555555555556,-0.01449699158738373,0
5.708333333333333,-0.011908358528661433,0
5.711111111111111,-0.028614216128498116,0
5.713888888888889,-0.048857578648499586,0
5.716666666666667,-0.031155813399617423,0
5.719444444444444,-0.03885716575629781,0
5.722222222222222,-0.04446660656738724,0
5.725,0.002813381884041337,0
5.727777777777778,-0.019172611255389632,0
5.730555555555555,-0.01783193273082106,0
5.733333333333333,-0.028506025043840096,0
5.736111111111111,-0.02700226513416641,0
5.738888888888889,-0.010866371570775748,0
5.741666666666666,-0.027434421303691392,0
5.7444444444444445,-0.021729504805528856,0
5.747222222222222,-0.03706181279474613,0
5.75,-0.04601009710955243,0
5.752777777777778,-0.07161739028555103,0
5.7555555555555555,-0.09293218686669086,0
5.758333333333334,-0.08265177301831801,0
5.761111111111111,-0.0946508970195858,0
5.763888888888889,-0.13017462786899728,0
5.766666666666667,-0.12128695692657301,0
5.769444444444445,-0.11896746619321945,0
5.772222222222222,-0.13406505802263002,0
5.775,-0.07426661540101197,0
5.777777777777778,0.014673747788796626,0
5.780555555555556,0.11343936423943289,0
5.783333333333333,0.21725384175125104,0
5.786111111111111,0.38444827775185747,0
5.788888888888889,0.5529273245048434,0
5.791666666666667,0.6959817399872467,0
5.794444444444444,0.8022821602170357,0
5.7972222222222225,0.8718180265898389,0
5.8,0.8885925956612849,1
5.802777777777778,0.8645856726012119,0
5.805555555555555,0.7655272747756862,0
5.808333333333334,0.6354540292718477,0
5.811111111111111,0.46750211541056996,0
5.813888888888889,0.31226254783548907,0
5.816666666666666,0.14734488352996078,0
5.819444444444445,0.027049103183836316,0
5.822222222222222,-0.07245654877640302,0
5.825,-0.16713656956555867,0
5.8277777777777775,-0.22289806170123766,0
5.830555555555556,-0.1892006489495462,0
5.833333333333333,-0.20662898304604357,0
5.836111111111111,-0.2215328627060686,0
5.838888888888889,-0.18411410071499748,0
5.841666666666667,-0.13580259244036705,0
5.844444444444444,-0.12505410609457876,0
5.847222222222222,-0.10367269983703326,0
5.85,-0.053054432989679434,0
5.852777777777778,-0.07137596986118054,0
5.855555555555555,-0.05280730225069273,0
5.858333333333333,-0.026089988281840754,0
5.861111111111111,-0.014575927936335036,0
5.863888888888889,-0.00632327942544791,0
5.866666666666666,0.004963621270203607,0
5.8694444444444445,-0.001774395574874437,0
5.872222222222222,0.005820500416728217,0
5.875,-0.002599821339348192,0
5.877777777777778,0.004822265469779019,0
5.8805555555555555,0.008014253770216782,0
5.883333333333334,0.012164208892607109,0
5.886111111111111,0.02313603039161215,0
5.888888888888889,0.022593308815055127,0
5.891666666666667,0.0177760381970532,0
5.894444444444445,0.007963312956517457,0
5.897222222222222,0.024251038719906488,0
5.9,0.026104726755391838,0
5.902777777777778,0.03286833635584295,0
5.905555555555556,0.06667304358296315,0
5.908333333333333,0.029483657893432234,0
5.911111111111111,0.04760118165153994,0
5.913888888888889,0.06138226794300738,0
5.916666666666667,0.05107553223982689,0
5.919444444444444,0.08908418299046199,0
5.9222222222222225,0.05291626579642315,0
5.925,0.06817572042821654,0
5.927777777777778,0.05621412633663464,0
5.930555555555555,0.06795586955213338,0
5.933333333333334,0.08214161537919493,0
5.936111111111111,0.0964222395929081,0
5.938888888888889,0.09396945867873883,0
5.941666666666666,0.11365368268712184,0
5.944444444444445,0.0990474451458876,0
5.947222222222222,0.10130706956331793,0
5.95,0.1527706161233794,0
5.9527777777777775,0.12413927949353736,0
5.955555555555556,0.11353127953642578,0
5.958333333333333,0.12007876055314307,0
5.961111111111111,0.12258093040459485,0
5.963888888888889,0.15704433865169218,0
5.966666666666667,0.14383744706920945,0
5.969444444444444,0.15753923599477396,0
5.972222222222222,0.16100540019099047,0
5.975,0.17924780267708346,0
5.977777777777778,0.16186392949358103,0
5.980555555555555,0.16467718126961156,0
5.983333333333333,0.19036025752807365,0
5.986111111111111,0.20211764999296344,0
5.988888888888889,0.20410400109003338,0
5.991666666666666,0.19287498879511922,0
5.9944444444444445,0.2209505462386143,0
5.997222222222222,0.20525524824284921,0
6.0,0.21405120619897616,0
6.002777777777778,0.21299537029174945,0
6.0055555555555555,0.2517550177839734,0
6.008333333333334,0.2466082132371001,0
6.011111111111111,0.2508214770430084,0
6.013888888888889,0.26484958352738425,0
6.016666666666667,0.292466481314449,0
6.019444444444445,0.22850023690418475,0
6.022222222222222,0.24663827640796102,0
6.025,0.2517477308360795,0
6.027777777777778,0.2511942944168326,0
6.030555555555556,0.25043854129794707,0
6.033333333333333,0.26442340079474913,0
6.036111111111111,0.252647109594095,0
6.038888888888889,0.2775548562287771,0
6.041666666666667,0.2745870728995501,0
6.044444444444444,0.2819542071006334,0
6.0472222222222225,0.2829234360160564,0
6.05,0.28456093975119073,0
6.052777777777778,0.2697619716696367,0
6.055555555555555,0.30666711893335763,0
6.058333333333334,0.27749484548154857,0
6.061111111111111,0.24481431338525986,0
6.063888888888889,0.25613846761379705,0
6.066666666666666,0.24314415393444763,0
6.069444444444445,0.26725136182506204,0
6.072222222222222,0.26257409775809976,0
6.075,0.25446407642149127,0
6.0777777777777775,0.28843341926368615,0
6.080555555555556,0.26298444974258883,0
6.083333333333333,0.26183474774703813,0
6.086111111111111,0.2328972648530597,0
6.088888888888889,0.22753675469737394,0
6.091666666666667,0.23849169024463635,0
6.094444444444444,0.2357208003520448,0
6.097222222222222,0.20025334832621555,0
6.1,0.22016828987849252,0
6.102777777777778,0.21767807394895064,0
6.105555555555555,0.2086700462236208,0
6.108333333333333,0.19398008435145137,0
6.111111111111111,0.19224222414441175,0
6.113888888888889,0.19172464976359702,0
6.116666666666666,0.1896870662941477,0
6.1194444444444445,0.1912668458252571,0
6.122222222222222,0.19221702424491405,0
6.125,0.16535411782426573,0
6.127777777777778,0.1566643722227281,0
6.1305555555555555,0.1637970252869673,0
6.133333333333334,0.16012381455824443,0
6.136111111111111,0.13819540357888094,0
6.138888888888889,0.15034415267696571,0
6.141666666666667,0.1470080581960992,0
6.144444444444445,0.14557472838730595,0
6.147222222222222,0.14683075034438772,0
6.15,0.10119903631286378,0
6.152777777777778,0.10853664783063162,0
6.155555555555556,0.10273372499424709,0
6.158333333333333,0.09544246582631959,0
6.161111111111111,0.08164459140467908,0
6.163888888888889,0.06369855007190851,0
6.166666666666667,0.08210581297077678,0
6.169444444444444,0.06406504186031928,0
6.1722222222222225,0.07190127890039572,0
6.175,0.053872325422010495,0
6.177777777777778,0.044613910913398266,0
6.180555555555555,0.06010614728071108,0
6.183333333333334,0.05449762559094523,0
6.186111111111111,0.05672589752391409,0
6.188888888888889,0.07678906687653644,0
6.191666666666666,0.04428670170621073,0
6.194444444444445,0.04369128883990719,0
6.197222222222222,0.01669990692226996,0
6.2,0.010167139645277108,0
6.2027777777777775,0.04997790704545922,0
6.205555555555556,0.009302971118915716,0
6.208333333333333,0.004568003299109422,0
6.211111111111111,0.016861921859405524,0
6.213888888888889,0.01346263875244725,0
6.216666666666667,-0.001212722725056823,0
6.219444444444444,0.0053979653413329665,0
6.222222222222222,0.02619512567581182,0
6.225,-0.006423527391158019,0
6.227777777777778,-0.017201283449674105,0
6.230555555555555,0.016001142754458027,0
6.233333333333333,0.007521518501080038,0
6.236111111111111,-0.010784167644032295,0
6.238888888888889,-0.026715327217217134,0
6.241666666666666,-0.015556293008806843,0
6.2444444444444445,-0.00651400691488641,0
6.247222222222222,0.010578113264974548,0
6.25,-0.023580852971619146,0
6.252777777777778,-0.010341229711069445,0
6.2555555555555555,9.183917847617809e-05,0
6.258333333333334,-0.04664116907092307,0
6.261111111111111,0.003768650138970018,0
6.263888888888889,-0.03022414403278364,0
6.266666666666667,-0.008193930312033137,0
6.269444444444445,-0.010101164666352476,0
6.272222222222222,0.0018950673379012368,0
6.275,-0.006630495983285049,0
6.277777777777778,-0.05102606858189225,0
6.280555555555556,-0.0275657144754178,0
6.283333333333333,-0.014106325285133418,0
6.286111111111111,-0.01945048402810889,0
6.288888888888889,-0.00967180986062897,0
6.291666666666667,-0.0052721047520636645,0
6.294444444444444,-0.008231405795995001,0
6.2972222222222225,-0.020789187159717157,0
6.3,-0.04546051800264391,0
6.302777777777778,-0.02476368051270305,0
6.305555555555555,-0.011829486792996263,0
6.308333333333334,-0.03455463584258936,0
6.311111111111111,-0.008832795729853566,0
6.313888888888889,-0.004762662590682299,0
6.316666666666666,-0.016556331256449404,0
6.319444444444445,-0.06447230285891534,0
6.322222222222222,-0.03772996022320458,0
6.325,0.009703241347374571,0
6.3277777777777775,-0.026807635686903523,0
6.330555555555556,-0.04838169659880555,0
6.333333333333333,-9.173887805257949e-05,0
6.336111111111111,-0.01841277963557694,0
6.338888888888889,-0.00202420260092814,0
6.341666666666667,-0.014422363685248036,0
6.344444444444444,-0.011670671988115456,0
6.347222222222222,-0.013070704123720061,0
6.35,-0.008015305287205995,0
6.352777777777778,0.01572655019536798,0
6.355555555555555,-0.003823018732596214,0
6.358333333333333,-0.04204274130582843,0
6.361111111111111,-0.011583958892149346,0
6.363888888888889,-0.0011049193349631607,0
6.366666666666666,-0.00012718193700751376,0
6.3694444444444445,-0.024504911365560333,0
6.372222222222222,-0.0005676305880664631,0
6.375,-0.0040596541592141915,0
6.377777777777778,0.02067975443147728,0
6.3805555555555555,-0.029088645683134476,0
6.383333333333334,-0.025378789191437337,0
6.386111111111111,-0.022287411365249223,0
6.388888888888889,-0.024975607290325445,0
6.391666666666667,-0.03089814560156366,0
6.394444444444445,-0.0589125281897003,0
6.397222222222222,-0.023916530006342113,0
6.4,-0.011778456942752789,0
6.402777777777778,-0.024639147239421705,0
6.405555555555556,0.011868663341536165,0
6.408333333333333,-0.01688192299483343,0
6.411111111111111,0.002363086075393147,0
6.413888888888889,-0.013000112880789484,0
6.416666666666667,-0.004443634739912522,0
6.419444444444444,-0.012568655156858052,0
6.4222222222222225,0.003857823813644662,0
6.425,-0.015750545385504515,0
6.427777777777778,-0.009062384757779322,0
6.430555555555555,-0.010922425338531633,0
6.433333333333334,-0.02065331916237716,0
6.436111111111111,-0.01016396472878937,0
6.438888888888889,0.01736983464312623,0
6.441666666666666,-0.02010620462978938,0
6.444444444444445,-0.009658891614866601,0
6.447222222222222,0.0030197631879518086,0
6.45,0.0013664684306785857,0
6.4527777777777775,-0.015445014922917921,0
6.455555555555556,-0.051246421202858106,0
6.458333333333333,-0.007609317817054608,0
6.461111111111111,-0.0485033330418995,0
6.463888888888889,0.0070021906497784205,0
6.466666666666667,-0.012321385714627276,0
6.469444444444444,0.00033790340488767945,0
6.472222222222222,-0.027955138609531756,0
6.475,-0.03744465108788956,0
6.477777777777778,-0.009940565971462135,0
6.480555555555555,-0.014005184025299726,0
6.483333333333333,-0.02047014296816048,0
6.486111111111111,-0.011360961319105838,0
6.488888888888889,0.029418513660708676,0
6.491666666666666,0.0010450467162401566,0
6.4944444444444445,0.004983741986063557,0
6.497222222222222,0.002720811901827932,0
6.5,0.01319389478378426,0
6.502777777777778,-0.01077517734656111,0
6.5055555555555555,-0.03752328110292664,0
6.508333333333334,-0.008145183057451304,0
6.511111111111111,0.008423369099054074,0
6.513888888888889,-0.016542864911692906,0
6.516666666666667,-0.002677165818730384,0
6.519444444444445,-0.008223295447354444,0
6.522222222222222,0.027101387036698635,0
6.525,0.01847349869313311,0
6.527777777777778,0.019916399593270614,0
6.530555555555556,0.022635103666580142,0
6.533333333333333,0.016178240248571403,0
6.536111111111111,0.023382570136433606,0
6.538888888888889,0.006574174031753647,0
6.541666666666667,-0.0042718895550140495,0
6.544444444444444,0.0351736330566339,0
6.5472222222222225,0.04238459294229999,0
6.55,0.06044530334452666,0
6.552777777777778,0.070806728518366,0
6.555555555555555,0.07583027076168924,0
6.558333333333334,0.0424265418843284,0
6.561111111111111,0.05725796019633061,0
6.563888888888889,0.07487210324978932,0
6.566666666666666,0.11069952862845492,0
6.569444444444445,0.09985137833594487,0
6.572222222222222,0.09918985232499361,0
6.575,0.08109583930367163,0
6.5777777777777775,0.07788862269124201,0
6.580555555555556,0.10685168181503382,0
6.583333333333333,0.08199734105958632,0
6.586111111111111,0.09798197508604697,0
6.588888888888889,0.10240956152814357,0
6.591666666666667,0.130084458328399,0
6.594444444444444,0.10238888866108213,0
6.597222222222222,0.07207784707672507,0
6.6,0.11661676621107156,0
6.602777777777778,0.09837036291909595,0
6.605555555555555,0.10872700660172395,0
6.608333333333333,0.10545748331225958,0
6.611111111111111,0.10078201625554613,0
6.613888888888889,0.11435902290495273,0
6.616666666666666,0.07664870395251946,0
6.6194444444444445,0.08858626061887674,0
6.622222222222222,0.10290955493457224,0
6.625,0.07940267547833196,0
6.627777777777778,0.06015695844242147,0
6.6305555555555555,0.08975721242970938,0
6.633333333333334,0.09183514584202893,0
6.636111111111111,0.06944864893290903,0
6.638888888888889,0.03577440128491363,0
6.641666666666667,0.07082019079884941,0
6.644444444444445,0.030404258730872248,0
6.647222222222222,0.055079431837563246,0
6.65,0.032393528585992766,0
6.652777777777778,0.02371463164324676,0
6.655555555555556,0.030069509281150136,0
6.658333333333333,0.02973921357855865,0
6.661111111111111,0.01884088278088495,0
6.663888888888889,0.03358990256157429,0
6.666666666666667,0.014574070651452928,0
6.669444444444444,0.03273003121084284,0
6.6722222222222225,0.01926487861617068,0
6.675,0.0018601474539074545,0
6.677777777777778,-0.0031384400510478857,0
6.680555555555555,-0.017091644704069472,0
6.683333333333334,0.009984718240244586,0
6.686111111111111,-0.0014713971021905734,0
6.688888888888889,-0.033304391715231425,0
6.691666666666666,-0.00713288993077553,0
6.694444444444445,-0.01381001350393878,0
6.697222222222222,0.022306711332604232,0
6.7,-0.02775557317433962,0
6.7027777777777775,-0.02458561247384134,0
6.705555555555556,0.013052756981125525,0
6.708333333333333,0.01622998696240555,0
6.711111111111111,-0.015726556992486183,0
6.713888888888889,-0.014380739042393939,0
6.716666666666667,0.00406828597235416,0
6.719444444444444,-0.04029617838691786,0
6.722222222222222,-0.03347168636941465,0
6.725,-0.009892140426725692,0
6.727777777777778,0.017456224744219036,0
6.730555555555555,-0.012457832055296443,0
6.733333333333333,-0.004619912004472065,0
6.736111111111111,0.010465131985941265,0
6.738888888888889,0.024266299829901045,0
6.741666666666666,-0.017474862799031245,0
6.7444444444444445,-0.011686271745261583,0
6.747222222222222,0.011593629773158802,0
6.75,-0.04519849700822398,0
6.752777777777778,-0.016460533808691863,0
6.7555555555555555,-0.05977474123695531,0
6.758333333333334,-0.05829942217429051,0
6.761111111111111,-0.08012052601522304,0
6.763888888888889,-0.10611110107523458,0
6.766666666666667,-0.1162505997991191,0
6.769444444444445,-0.09623839685175178,0
6.772222222222222,-0.06727996318305302,0
6.775,-0.042851801155413545,0
6.777777777777778,0.029371933652350694,0
6.780555555555556,0.1360773544402288,0
6.783333333333333,0.23998110795671415,0
6.786111111111111,0.4132828801262399,0
6.788888888888889,0.5701161539941872,0
6.791666666666667,0.7437330287945174,0
6.794444444444444,0.8185404085106847,0
6.7972222222222225,0.8925538395549379,0
6.8,0.9302708495281281,1
6.802777777777778,0.8906740694576645,0
6.805555555555555,0.7755083978071309,0
6.808333333333334,0.641013701186231,0
6.811111111111111,0.494802645607364,0
6.813888888888889,0.30884181996090043,0
6.816666666666666,0.16115461548915003,0
6.819444444444445,0.038120740238246374,0
6.822222222222222,-0.048970978393401865,0
6.825,-0.14241875628263068,0
6.8277777777777775,-0.20158341024765178,0
6.830555555555556,-0.21916508111387145,0
6.833333333333333,-0.20732517469624653,0
6.836111111111111,-0.1933609472630773,0
6.838888888888889,-0.1534672772749397,0
6.841666666666667,-0.14284937781152776,0
6.844444444444444,-0.10893062107504564,0
6.847222222222222,-0.08502900025203473,0
6.85,-0.05799752129420948,0
6.852777777777778,-0.013048370559605931,0
6.855555555555555,-0.008022815238345662,0
6.858333333333333,-0.006034352256235833,0
6.861111111111111,-0.004262864225282258,0
6.863888888888889,0.0029184253848451285,0
6.866666666666666,0.019495911851053923,0
6.8694444444444445,0.02739271266764806,0
6.872222222222222,0.00834657816927751,0
6.875,0.025413734528602502,0
6.877777777777778,-0.0029179349711072992,0
6.8805555555555555,0.03334713079912268,0
6.883333333333334,0.04423502469632591,0
6.886111111111111,0.031306067845506415,0
6.888888888888889,0.0655665533935299,0
6.891666666666667,0.028039335979407085,0
6.894444444444445,0.04759878460929608,0
6.897222222222222,0.04702665953347293,0
6.9,0.04943891146567534,0
6.902777777777778,0.05276371970586383,0
6.905555555555556,0.05977846791431796,0
6.908333333333333,0.07474437820387676,0
6.911111111111111,0.0867048842424113,0
6.913888888888889,0.07018005012652394,0
6.916666666666667,0.08677940750278258,0
6.919444444444444,0.06851908229363422,0
6.9222222222222225,0.09518940387806149,0
6.925,0.07708107991600056,0
6.927777777777778,0.10983525105157751,0
6.930555555555555,0.13174927505728923,0
6.933333333333334,0.10201826249779679,0
6.936111111111111,0.07636164211285676,0
6.938888888888889,0.10656346666185759,0
6.941666666666666,0.13892522511137362,0
6.944444444444445,0.13452603145168085,0
6.947222222222222,0.13585827413156232,0
6.95,0.1532520544962726,0
6.9527777777777775,0.15147912030687638,0
6.955555555555556,0.16865059428917326,0
6.958333333333333,0.17041908929716792,0
6.961111111111111,0.1857546482928006,0
6.963888888888889,0.1746579371869669,0
6.966666666666667,0.18923356858163948,0
6.969444444444444,0.17744402384159036,0
6.972222222222222,0.17942799396777862,0
6.975,0.22043773482552995,0
6.977777777777778,0.20443707391304267,0
6.980555555555555,0.21958017588664525,0
6.983333333333333,0.215614567030433,0
6.986111111111111,0.21113383839957345,0
6.988888888888889,0.2261738906717627,0
6.991666666666666,0.25351382767206915,0
6.9944444444444445,0.24613716097323948,0
6.997222222222222,0.21782368485660095,0
7.0,0.24578974175385532,0
7.002777777777778,0.28109387271671166,0
7.0055555555555555,0.25629531807472544,0
7.008333333333334,0.23742333840420207,0
7.011111111111111,0.2975241015792681,0
7.013888888888889,0.28381641661948853,0
7.016666666666667,0.2767221516253136,0
7.019444444444445,0.2761186084410424,0
7.022222222222222,0.3015552518273301,0
7.025,0.28052061194389144,0
7.027777777777778,0.30889355414314373,0
7.030555555555556,0.30250060533900536,0
7.033333333333333,0.3004052313239317,0
7.036111111111111,0.30094626416703557,0
7.038888888888889,0.2978217982682637,0
7.041666666666667,0.31746216843949454,0
7.044444444444444,0.28977262165283524,0
7.0472222222222225,0.2790397846834526,0
7.05,0.3128399022930907,0
7.052777777777778,0.3129846000622941,0
7.055555555555555,0.3102511042554317,0
7.058333333333334,0.30833556573740745,0
7.061111111111111,0.29622762459244584,0
7.063888888888889,0.31131251488476747,0
7.066666666666666,0.2969356621712474,0
7.069444444444445,0.28809227801072707,0
7.072222222222222,0.2881698872652735,0
7.075,0.3202857171974583,0
7.0777777777777775,0.26076826153097404,0
7.080555555555556,0.29080675428634006,0
7.083333333333333,0.25435282766609335,0
7.086111111111111,0.27387119850900504,0
7.088888888888889,0.2646851001079106,0
7.091666666666667,0.23536315306353828,0
7.094444444444444,0.2676927441442379,0
7.097222222222222,0.2511605863725311,0
7.1,0.22017871451832294,0
7.102777777777778,0.258884337365006,0
7.105555555555555,0.2622752378407184,0
7.108333333333333,0.25741383402228024,0
7.111111111111111,0.234627921902343,0
7.113888888888889,0.22400315588552092,0
7.116666666666666,0.23720771126426515,0
7.1194444444444445,0.23641569842273386,0
7.122222222222222,0.22201648703487642,0
7.125,0.184677973522135,0
7.127777777777778,0.195580645785677,0
7.1305555555555555,0.19289986912280588,0
7.133333333333334,0.15291212665504872,0
7.136111111111111,0.18086348826989496,0
7.138888888888889,0.20171634814226458,0
7.141666666666667,0.1710642164559322,0
7.144444444444445,0.17746832264290216,0
7.147222222222222,0.15208327507680583,0
7.15,0.14229566629985213,0
7.152777777777778,0.14326007653108164,0
7.155555555555556,0.11955328171153944,0
7.158333333333333,0.11169547686622462,0
7.161111111111111,0.13962817473439856,0
7.163888888888889,0.13582784463330322,0
7.166666666666667,0.0951195363777799,0
7.169444444444444,0.11938977134322258,0
7.1722222222222225,0.09859441447909745,0
7.175,0.10017469171197212,0
7.177777777777778,0.09731291961559115,0
7.180555555555555,0.1008131745051357,0
7.183333333333334,0.08278533540041007,0
7.186111111111111,0.09850349413797779,0
7.188888888888889,0.07795945842651297,0
7.191666666666666,0.07880916024888976,0
7.194444444444445,0.053236165815082795,0
7.197222222222222,0.09456338245913215,0
7.2,0.06583754701895331,0
7.2027777777777775,0.06624822375182204,0
7.205555555555556,0.02834767669872096,0
7.208333333333333,0.037198553305333004,0
7.211111111111111,0.06532432804190287,0
7.213888888888889,0.04842143141943596,0
7.216666666666667,0.012914716440858374,0
7.219444444444444,0.054836573697643776,0
7.222222222222222,0.028879658605473958,0
7.225,0.05610941842218105,0
7.227777777777778,0.03165005864527219,0
7.230555555555555,0.034186259331147495,0
7.233333333333333,0.047063562684618324,0
7.236111111111111,0.01429128340398895,0
7.238888888888889,0.011341558424326562,0
7.241666666666666,0.021868809452874602,0
7.2444444444444445,0.035902656258357424,0
7.247222222222222,0.0023027848973514245,0
7.25,-0.003896191833498326,0
7.252777777777778,0.03242150395957777,0
7.2555555555555555,0.010040920157502896,0
7.258333333333334,0.012296314154803183,0
7.261111111111111,-0.01050836285432405,0
7.263888888888889,0.006389067893828124,0
7.266666666666667,0.015752114471237897,0
7.269444444444445,0.029171223065185065,0
7.272222222222222,0.003051404314445505,0
7.275,0.038935622310169976,0
7.277777777777778,0.003309187027360447,0
7.280555555555556,0.0028778726524431014,0
7.283333333333333,0.035772414749456256,0
7.286111111111111,0.015509890873410655,0
7.288888888888889,0.0037188965812772062,0
7.291666666666667,0.00936624665839603,0
7.294444444444444,0.031713522357248475,0
7.2972222222222225,0.03316248013301841,0
7.3,-0.0013048117510823867,0
7.302777777777778,0.010111776460547211,0
7.305555555555555,0.01192343525065228,0
7.308333333333334,-0.004379939400190385,0
7.311111111111111,0.00943904648794032,0
7.313888888888889,0.010231322857907534,0
7.316666666666666,0.02714680595050141,0
7.319444444444445,0.02806088377379197,0
7.322222222222222,0.004929608158737352,0
7.325,0.006587919889424053,0
7.3277777777777775,0.019701217762005063,0
7.330555555555556,0.0009077771114708068,0
7.333333333333333,0.018472217246198123,0
7.336111111111111,0.008288430324063624,0
7.338888888888889,-0.004962905675653467,0
7.341666666666667,-0.004797503046659388,0
7.344444444444444,0.03124318961866554,0
7.347222222222222,0.00717794963349147,0
7.35,0.03412071376330894,0
7.352777777777778,0.0018056722800701914,0
7.355555555555555,0.013876351668605964,0
7.358333333333333,0.045399327305155494,0
7.361111111111111,-0.0063482367438898925,0
7.363888888888889,-0.018949105160170097,0
7.366666666666666,0.028824379020433877,0
7.3694444444444445,-0.002867591810717182,0
7.372222222222222,0.009234333069430735,0
7.375,0.0007676927116854974,0
7.377777777777778,0.013591408389285053,0
7.3805555555555555,-0.004675781860499365,0
7.383333333333334,0.00689709720420366,0
7.386111111111111,0.016357874404878653,0
7.388888888888889,-0.0054991523905901,0
7.391666666666667,-0.000860656488917538,0
7.394444444444445,0.004445181009179856,0
7.397222222222222,-0.011760869157827392,0
7.4,0.003348441059850698,0
7.402777777777778,0.01148429974784029,0
7.405555555555556,0.0037245763772748696,0
7.408333333333333,0.005662559159884488,0
7.411111111111111,0.00945000387306166,0
7.413888888888889,-7.236822299792195e-05,0
7.416666666666667,0.02014493517340942,0
7.419444444444444,0.0313338890280751,0
7.4222222222222225,0.0028438169710182162,0
7.425,0.017102999709888142,0
7.427777777777778,0.0062466251125256386,0
7.430555555555555,0.015339609348642974,0
7.433333333333334,0.03336124180744226,0
7.436111111111111,0.01752287649273706,0
7.438888888888889,-0.01668816620712045,0
7.441666666666666,0.016745256536379222,0
7.444444444444445,0.028453461176727535,0
7.447222222222222,0.006665541996211709,0
7.45,0.024957872933138663,0
7.4527777777777775,-0.0002882939372199009,0
7.455555555555556,-0.012171713854151275,0
7.458333333333333,0.012286650660829148,0
7.461111111111111,-0.016108133385347584,0
7.463888888888889,0.006727316935806362,0
7.466666666666667,0.029729658124908864,0
7.469444444444444,-0.018094107370610388,0
7.472222222222222,-0.008488095640617947,0
7.475,-0.00459214803093355,0
7.477777777777778,0.010160506388563717,0
7.480555555555555,0.005891380302467762,0
7.483333333333333,0.0326836278201148,0
7.486111111111111,0.0263925774659952,0
7.488888888888889,0.019958197742027537,0
7.491666666666666,0.015246919134469676,0
7.4944444444444445,0.01958746317101794,0
7.497222222222222,0.0014915122329710716,0
7.5,0.028130627760598985,0
7.502777777777778,-0.00042394736965454746,0
7.5055555555555555,0.02991921176648359,0
7.508333333333334,0.036475057970144394,0
7.511111111111111,0.023317803392230524,0
7.513888888888889,0.01917593447711464,0
7.516666666666667,0.029694751654984322,0
7.519444444444445,-0.017141650400210998,0
7.522222222222222,0.032638098293874346,0
7.525,0.028969322842418037,0
7.527777777777778,0.03272588367622426,0
7.530555555555556,0.04715442852473096,0
7.533333333333333,0.03876346278183352,0
7.536111111111111,0.026366123178266622,0
7.538888888888889,0.04518221016095114,0
7.541666666666667,0.05239001497570209,0
7.544444444444444,0.05739833319475635,0
7.5472222222222225,0.06260473757969207,0
7.55,0.08044671475100507,0
7.552777777777778,0.0533939932931497,0
7.555555555555555,0.07726093950825795,0
7.558333333333334,0.09898764519241114,0
7.561111111111111,0.058660580914746754,0
7.563888888888889,0.09239497246253689,0
7.566666666666666,0.08586818535684311,0
7.569444444444445,0.09391121825531182,0
7.572222222222222,0.09054220689734907,0
7.575,0.10597762792538667,0
7.5777777777777775,0.14025585472972954,0
7.580555555555556,0.09744355589923046,0
7.583333333333333,0.10224597643053521,0
7.586111111111111,0.10320266447346149,0
7.588888888888889,0.15110534476838927,0
7.591666666666667,0.1202075822238975,0
7.594444444444444,0.12816511159916694,0
7.597222222222222,0.123353036008311,0
7.6,0.11549917497668549,0
7.602777777777778,0.12583048322247292,0
7.605555555555555,0.16534927880185307,0
7.608333333333333,0.1479126364992268,0
7.611111111111111,0.11225187066492381,0
7.613888888888889,0.13226014125466745,0
7.616666666666666,0.10709511920058376,0
7.6194444444444445,0.08950532899064145,0
7.622222222222222,0.12763352674605177,0
7.625,0.12558914843687086,0
7.627777777777778,0.1194350115761257,0
7.6305555555555555,0.09201686409471235,0
7.633333333333334,0.09170327799764495,0
7.636111111111111,0.10046591383122909,0
7.638888888888889,0.09003448749892212,0
7.641666666666667,0.07317959831538909,0
7.644444444444445,0.04974801904407919,0
7.647222222222222,0.0707645466962092,0
7.65,0.08037652006477694,0
7.652777777777778,0.04151065987850369,0
7.655555555555556,0.06451765130304787,0
7.658333333333333,0.055575208800631444,0
7.661111111111111,0.05774441366906629,0
7.663888888888889,0.05570142082035756,0
7.666666666666667,0.02858429810951988,0
7.669444444444444,0.011382155457525012,0
7.6722222222222225,0.02452656565810821,0
7.675,0.04301468173590183,0
7.677777777777778,0.018946548764075546,0
7.680555555555555,0.014307279182096708,0
7.683333333333334,-0.004728723903907439,0
7.686111111111111,0.046975126521543314,0
7.688888888888889,0.031371938233987484,0
7.691666666666666,0.029028173293351667,0
7.694444444444445,0.030667002696643506,0
7.697222222222222,0.023636042776860287,0
7.7,0.01030281229083973,0
7.7027777777777775,0.010627124436165498,0
7.705555555555556,0.005905512749754308,0
7.708333333333333,0.05118178216522154,0
7.711111111111111,0.019434904049164536,0
7.713888888888889,0.0036570272265173988,0
7.716666666666667,0.01718568899979352,0
7.719444444444444,-0.005309684300870903,0
7.722222222222222,0.0321209548056796,0
7.725,-0.0006263768164627044,0
7.727777777777778,0.016558174355776126,0
7.730555555555555,0.024764605589342504,0
7.733333333333333,0.014196753123292102,0
7.736111111111111,0.009296474315534924,0
7.738888888888889,0.00710771412382082,0
7.741666666666666,0.004475008179810151,0
7.7444444444444445,-0.006079743671185238,0
7.747222222222222,-0.008614709243499634,0
7.75,0.01355297074330649,0
7.752777777777778,-0.01991819389770177,0
7.7555555555555555,-0.04284376010818442,0
7.758333333333334,-0.05427908431836451,0
7.761111111111111,-0.046815485106528415,0
7.763888888888889,-0.06858870822320473,0
7.766666666666667,-0.08022346866990929,0
7.769444444444445,-0.09151459555606799,0
7.772222222222222,-0.06102298192616943,0
7.775,-0.038113108104153796,0
7.777777777777778,0.036728162993369014,0
7.780555555555556,0.15421466003318257,0
7.783333333333333,0.27968276208217197,0
7.786111111111111,0.3993270604389234,0
7.788888888888889,0.5567159891015766,0
7.791666666666667,0.7178863663832852,0
7.794444444444444,0.8615051411344242,0
7.7972222222222225,0.8819764248360188,0
7.8,0.934049514332196,1
7.802777777777778,0.868738014560742,0
7.805555555555555,0.7848635766976463,0
7.808333333333334,0.6522909148002681,0
7.811111111111111,0.4909263095162738,0
7.813888888888889,0.32364864099489193,0
7.816666666666666,0.17767216992398077,0
7.819444444444445,0.03885059776918004,0
7.822222222222222,-0.0758934870826952,0
7.825,-0.11184774034810491,0
7.8277777777777775,-0.1530002934664034,0
7.830555555555556,-0.16826424321011949,0
7.833333333333333,-0.20219101757052804,0
7.836111111111111,-0.1599762354909374,0
7.838888888888889,-0.1319558320050393,0
7.841666666666667,-0.131582691539336,0
7.844444444444444,-0.08950152801700292,0
7.847222222222222,-0.0665631413631586,0
7.85,-0.015310923022905654,0
7.852777777777778,0.0042761299442222005,0
7.855555555555555,-0.0347750869301796,0
7.858333333333333,0.0391223259030301,0
7.861111111111111,-0.0032389477089645024,0
7.863888888888889,0.03181088861703858,0
7.866666666666666,0.03666780080370574,0
7.8694444444444445,0.011071962716317454,0
7.872222222222222,0.03658330589373176,0
7.875,0.030323063816232322,0
7.877777777777778,0.042786748342654016,0
7.8805555555555555,0.04039264007011527,0
7.883333333333334,0.05735450497641567,0
7.886111111111111,0.04309002000143479,0
7.888888888888889,0.04209758234097256,0
7.891666666666667,0.06384085330041639,0
7.894444444444445,0.05902984851966967,0
7.897222222222222,0.0643725417579442,0
7.9,0.046650296358169405,0
7.902777777777778,0.04431957526507588,0
7.905555555555556,0.05502010934371046,0
7.908333333333333,0.05792065357295344,0
7.911111111111111,0.08288358386315066,0
7.913888888888889,0.08974894860867928,0
7.916666666666667,0.07696158370824205,0
7.919444444444444,0.10509159317094163,0
7.9222222222222225,0.1086525509207506,0
7.925,0.09643046228976748,0
7.927777777777778,0.08525846493218402,0
7.930555555555555,0.1261746453070028,0
7.933333333333334,0.10673132341542164,0
7.936111111111111,0.11478195407399348,0
7.938888888888889,0.11317267989008277,0
7.941666666666666,0.11042484952957662,0
7.944444444444445,0.10736720956722401,0
7.947222222222222,0.14462673935010947,0
7.95,0.12922229317273723,0
7.9527777777777775,0.19279861955618752,0
7.955555555555556,0.136628919413029,0
7.958333333333333,0.1401442042572652,0
7.961111111111111,0.17280026091531597,0
7.963888888888889,0.1942765037212812,0
7.966666666666667,0.17852603503582443,0
7.969444444444444,0.19237873056468138,0
7.972222222222222,0.16238246019634003,0
7.975,0.1861008672409105,0
7.977777777777778,0.1863586014317697,0
7.980555555555555,0.18019158975514288,0
7.983333333333333,0.21646492465556852,0
7.986111111111111,0.18708232972547195,0
7.988888888888889,0.20681077217378743,0
7.991666666666666,0.22439194992488562,0
7.9944444444444445,0.22565657296006403,0
7.997222222222222,0.24960056241200762,0
8.0,0.2536021114810331,0
8.002777777777778,0.2676077943888257,0
8.005555555555556,0.2704707263528811,0
8.008333333333333,0.2810667711910972,0
8.011111111111111,0.26846502791571836,0
8.01388888888889,0.2773393615982878,0
8.016666666666667,0.28449329570534343,0
8.019444444444444,0.28270441483748304,0
8.022222222222222,0.2780932246310641,0
8.025,0.2822364047251431,0
8.027777777777779,0.27782056648339537,0
8.030555555555555,0.2989477641777903,0
8.033333333333333,0.29342226220789547,0
8.036111111111111,0.2867551302190489,0
8.03888888888889,0.28829360784973734,0
8.041666666666666,0.2812443784850886,0
8.044444444444444,0.3149000775781086,0
8.047222222222222,0.30185459422579547,0
8.05,0.2878300203318661,0
8.052777777777777,0.3126350970400023,0
8.055555555555555,0.2914738334451868,0
8.058333333333334,0.2777975244609514,0
8.061111111111112,0.31287186999214295,0
8.063888888888888,0.2878041378229313,0
8.066666666666666,0.28768848485595266,0
8.069444444444445,0.29206234805911246,0
8.072222222222223,0.3058756057958806,0
8.075,0.28600815530846196,0
8.077777777777778,0.2643807079423711,0
8.080555555555556,0.2868858663826452,0
8.083333333333334,0.2675257665855019,0
8.08611111111111,0.2989181740966109,0
8.088888888888889,0.2661209624201884,0
8.091666666666667,0.22790506773901575,0
8.094444444444445,0.2618536058417403,0
8.097222222222221,0.2805101594292017,0
8.1,0.2696298940202012,0
8.102777777777778,0.2679238202250729,0
8.105555555555556,0.219467011723118,0
8.108333333333333,0.24260227771387538,0
8.11111111111111,0.21211661226558243,0
8.113888888888889,0.22022469519259488,0
8.116666666666667,0.19158444889081508,0
8.119444444444444,0.19475197667155275,0
8.122222222222222,0.18795381631695912,0
8.125,0.2052098199718884,0
8.127777777777778,0.19734781158714068,0
8.130555555555556,0.18308228334681534,0
8.133333333333333,0.15226944362900485,0
8.136111111111111,0.1614646128984023,0
8.13888888888889,0.14859281538352936,0
8.141666666666667,0.1665205960168511,0
8.144444444444444,0.1648976111639603,0
8.147222222222222,0.15689071299385374,0
8.15,0.12361892938829576,0
8.152777777777779,0.08784943855172363,0
8.155555555555555,0.09653608302136582,0
8.158333333333333,0.1385749943511536,0
8.161111111111111,0.10556218123356431,0
8.16388888888889,0.09477841650594993,0
8.166666666666666,0.1252720569440491,0
8.169444444444444,0.11434292721660222,0
8.172222222222222,0.09061127759843089,0
8.175,0.08087252422466489,0
8.177777777777777,0.07847468947601832,0
8.180555555555555,0.07920277691816538,0
8.183333333333334,0.09529383288329762,0
8.186111111111112,0.07328807905414737,0
8.188888888888888,0.07366044969196994,0
8.191666666666666,0.07628924806685047,0
8.194444444444445,0.03734612818002847,0
8.197222222222223,0.0625152680753133,0
8.2,0.04323348306684034,0
8.202777777777778,0.006526998711961225,0
8.205555555555556,0.009116736591804737,0
8.208333333333334,0.02269011970091646,0
8.21111111111111,0.043001542795098165,0
8.213888888888889,0.03395684249701283,0
8.216666666666667,0.03237370572445051,0
8.219444444444445,0.05636852772674354,0
8.222222222222221,0.00569791925566588,0
8.225,0.022082096443583256,0
8.227777777777778,0.02494449253980591,0
8.230555555555556,0.007338727549627482,0
8.233333333333333,0.016928480641137,0
8.23611111111111,-0.009263681388500023,0
8.238888888888889,0.03422265881372939,0
8.241666666666667,0.0012901801554937378,0
8.244444444444444,0.04052287455162391,0
8.247222222222222,0.0081947233682176,0
8.25,0.022820507626931233,0
8.252777777777778,0.005401406269024171,0
8.255555555555556,0.004619982810112513,0
8.258333333333333,-0.004724495984645395,0
8.261111111111111,0.0048479980950211585,0
8.26388888888889,0.006922606484559576,0
8.266666666666667,-0.010457442553739116,0
8.269444444444444,-0.00135693291304694,0
8.272222222222222,-0.009365652797048398,0
8.275,0.0335991425162959,0
8.277777777777779,-0.0028755692872893352,0
8.280555555555555,0.021059701051957404,0
8.283333333333333,-0.005600765854370788,0
8.286111111111111,0.00071381766392648,0
8.28888888888889,-0.023469230049502646,0
8.291666666666666,-0.010794976500463203,0
8.294444444444444,-0.0013403271281397437,0
8.297222222222222,0.018910558827202238,0
8.3,-0.0019048115113571248,0
8.302777777777777,0.015190219125964086,0
8.305555555555555,0.003736394528616678,0
8.308333333333334,0.018247781936064217,0
8.311111111111112,-0.007319003388772157,0
8.313888888888888,0.02916682351420982,0
8.316666666666666,-0.01420508992998129,0
8.319444444444445,-0.018644548422160248,0
8.322222222222223,-0.025508992721741754,0
8.325,0.027408320700562757,0
8.327777777777778,0.004546469408606138,0
8.330555555555556,-0.01293558547956228,0
8.333333333333334,0.010641790013174763,0
8.33611111111111,0.0020599754751432497,0
8.338888888888889,0.02108180187716013,0
8.341666666666667,-0.031775851293221816,0
8.344444444444445,-0.012681193487077531,0
8.347222222222221,-0.01577581222276616,0
8.35,-0.03857572731040478,0
8.352777777777778,0.006806148163251029,0
8.355555555555556,-0.013279194079100907,0
8.358333333333333,0.0017501287482027846,0
8.36111111111111,0.025934181764259618,0
8.363888888888889,-0.014876396517890654,0
8.366666666666667,-0.016007955311000875,0
8.369444444444444,-0.008021453236108672,0
8.372222222222222,0.0048984700968392695,0
8.375,-0.018518038139913047,0
8.377777777777778,-0.01958733402529742,0
8.380555555555556,0.005630730720764617,0
8.383333333333333,-0.004650495282745487,0
8.386111111111111,-0.04110289496910166,0
8.38888888888889,-0.02891375782750799,0
8.391666666666667,0.011885623053457384,0
8.394444444444444,-0.004703235721306837,0
8.397222222222222,-0.022263628816026552,0
8.4,-0.013484710713290141,0
8.402777777777779,-0.01082728672826849,0
8.405555555555555,-8.653839360095797e-05,0
8.408333333333333,-0.03159264518418138,0
8.411111111111111,-0.023928547849191777,0
8.41388888888889,-0.007315042638724932,0
8.416666666666666,-0.013001388466641334,0
8.419444444444444,-0.0030198428570043095,0
8.422222222222222,-0.030133491461201107,0
8.425,-0.006426273642190013,0
8.427777777777777,0.004499212184159976,0
8.430555555555555,-0.004662406361867582,0
8.433333333333334,-0.009966679488299142,0
8.436111111111112,-0.013578454130291406,0
8.438888888888888,-0.024747533064775253,0
8.441666666666666,-0.013386460751322937,0
8.444444444444445,0.006510953641218353,0
8.447222222222223,-0.014243763364350069,0
8.45,-0.025873553257935722,0
8.452777777777778,-0.019971475123619742,0
8.455555555555556,-0.009627780421760839,0
8.458333333333334,-0.018285537167618438,0
8.46111111111111,-0.005432740811799168,0
8.463888888888889,-0.00488346158906728,0
8.466666666666667,0.0006137543228448665,0
8.469444444444445,0.008660371438061296,0
8.472222222222221,0.0023002220752079278,0
8.475,-0.026563239663709874,0
8.477777777777778,-0.02597598917195685,0
8.480555555555556,-0.01338731451335541,0
8.483333333333333,-0.018792827855647655,0
8.48611111111111,-0.028812537721305733,0
8.488888888888889,-0.01800377427339931,0
8.491666666666667,-0.018054541085697456,0
8.494444444444444,-0.02047911792592052,0
8.497222222222222,-0.014496413428437311,0
8.5,0.008678725380775805,0
8.502777777777778,-0.005114201969672663,0
8.505555555555556,0.030017939380650012,0
8.508333333333333,-0.0032947576849517253,0
8.511111111111111,-0.00881828051892433,0
8.51388888888889,-0.0028271094583509062,0
8.516666666666667,0.002743870036515213,0
8.519444444444444,0.007431669995744512,0
8.522222222222222,0.03429270888666849,0
8.525,-0.007055548799528963,0
8.527777777777779,0.021243168409837702,0
8.530555555555555,0.014463156686696363,0
8.533333333333333,-0.008971987501009561,0
8.536111111111111,0.02965895781590282,0
8.53888888888889,0.04086736704698826,0
8.541666666666666,0.012990061182703141,0
8.544444444444444,0.02993335230547827,0
8.547222222222222,0.008611432771529832,0
8.55,0.02021340055710336,0
8.552777777777777,0.05956854963164301,0
8.555555555555555,0.04171781504091277,0
8.558333333333334,0.037021082526031146,0
8.561111111111112,0.06206264791081574,0
8.563888888888888,0.05573240291924084,0
8.566666666666666,0.061382951889941736,0
8.569444444444445,0.08428704589118127,0
8.572222222222223,0.06034324123839228,0
8.575,0.06852574859544873,0
8.577777777777778,0.08846475187669775,0
8.580555555555556,0.10439966255619948,0
8.583333333333334,0.11174378991634666,0
8.58611111111111,0.08607055443526135,0
8.588888888888889,0.11250384628373179,0
8.591666666666667,0.08856477666522786,0
8.594444444444445,0.1290629727954819,0
8.597222222222221,0.08544504353747837,0
8.6,0.12258701667452455,0
8.602777777777778,0.09244305106334715,0
8.605555555555556,0.13154600241997205,0
8.608333333333333,0.10871294530652152,0
8.61111111111111,0.08255793404741833,0
8.613888888888889,0.08740668237072577,0
8.616666666666667,0.1039216998010523,0
8.619444444444444,0.10451962895087814,0
8.622222222222222,0.08380315530719398,0
8.625,0.0813253739307308,0
8.627777777777778,0.08753279750315848,0
8.630555555555556,0.07340143784831696,0
8.633333333333333,0.04710912003142877,0
8.636111111111111,0.04927957696191979,0
8.63888888888889,0.05989240003858654,0
8.641666666666667,0.0694695686342845,0
8.644444444444444,0.07037744528466962,0
8.647222222222222,0.05280423737188659,0
8.65,0.04050770457092845,0
8.652777777777779,0.04266657784367593,0
8.655555555555555,0.01684862961531267,0
8.658333333333333,0.02017182750968172,0
8.661111111111111,0.005953845974771825,0
8.66388888888889,-0.004329491979375927,0
8.666666666666666,0.01574144724010283,0
8.669444444444444,0.010114093961525798,0
8.672222222222222,0.014497743788340123,0
8.675,0.0094826363580814,0
8.677777777777777,0.0022898874701754147,0
8.680555555555555,0.004602065811772716,0
8.683333333333334,-0.006551714885786178,0
8.686111111111112,-0.001661257869208085,0
8.688888888888888,-0.02048217138705343,0
8.691666666666666,-0.005586266853072732,0
8.694444444444445,-0.002468704676476946,0
8.697222222222223,-0.023739549458988086,0
8.7,-0.013967322170381914,0
8.702777777777778,-0.02501495250647475,0
8.705555555555556,-0.024354222765662844,0
8.708333333333334,-0.03401911619074978,0
8.71111111111111,0.0012476091337403454,0
8.713888888888889,-0.002264462856674091,0
8.716666666666667,-0.010626708495712265,0
8.719444444444445,0.010518013301832465,0
8.722222222222221,-0.022229570017684393,0
8.725,0.025796753643933374,0
8.727777777777778,-0.023364633706030567,0
8.730555555555556,-0.016414125691819555,0
8.733333333333333,-0.026580930383477936,0
8.73611111111111,-0.015596835219649791,0
8.738888888888889,-0.00960202878561722,0
8.741666666666667,-0.025488984580381163,0
8.744444444444444,0.00010060580353860732,0
8.747222222222222,-0.02742434006976862,0
8.75,-0.03374005458321434,0
8.752777777777778,-0.06109802159496315,0
8.755555555555556,-0.05396783457537346,0
8.758333333333333,-0.07774825709864645,0
8.761111111111111,-0.10166172377418975,0
8.76388888888889,-0.1195999901440043,0
8.766666666666667,-0.07779413483077696,0
8.769444444444444,-0.12085735692499047,0
8.772222222222222,-0.120741990299001,0
8.775,-0.06820630001861143,0
8.777777777777779,0.010566945111707892,0
8.780555555555555,0.11857793707062388,0
8.783333333333333,0.24559400713252166,0
8.786111111111111,0.39490238671284533,0
8.78888888888889,0.5305683142501773,0
8.791666666666666,0.6920505214631398,0
8.794444444444444,0.7931569675037122,0
8.797222222222222,0.8720974605300419,0
8.8,0.8867894637035785,1
8.802777777777777,0.8422326612721298,0
8.805555555555555,0.7810216415792413,0
8.808333333333334,0.638767479162165,0
8.811111111111112,0.4825667597676571,0
8.813888888888888,0.3029308798258999,0
8.816666666666666,0.15990541981774414,0
8.819444444444445,-0.008846155409175424,0
8.822222222222223,-0.07031116746220421,0
8.825,-0.15018357163295848,0
8.827777777777778,-0.18417416939539652,0
8.830555555555556,-0.2044909208961047,0
8.833333333333334,-0.2231563372758683,0
8.83611111111111,-0.21619133378050834,0
8.838888888888889,-0.1820263985129222,0
8.841666666666667,-0.13687943661409,0
8.844444444444445,-0.10851387739844238,0
8.847222222222221,-0.11455110683346881,0
8.85,-0.08685833618031302,0
8.852777777777778,-0.06462346328136884,0
8.855555555555556,-0.0443370119530784,0
8.858333333333333,-0.047868237535846236,0
8.86111111111111,-0.03997455861386921,0
8.863888888888889,-0.024341408541806574,0
8.866666666666667,-0.005691101742600142,0
8.869444444444444,-0.020776535751841265,0
8.872222222222222,-0.0016065214864262347,0
8.875,0.018782658343942805,0
8.877777777777778,-0.014063673109125718,0
8.880555555555556,0.004850896602614743,0
8.883333333333333,0.02582046769129151,0
8.886111111111111,0.006750254859111452,0
8.88888888888889,0.0071023246001488335,0
8.891666666666667,0.03597129866797658,0
8.894444444444444,0.016878016401519785,0
8.897222222222222,0.04113894292367023,0
8.9,0.034259662873450246,0
8.902777777777779,0.026092711719924902,0
8.905555555555555,0.0419998124209927,0
8.908333333333333,0.04334074731029846,0
8.911111111111111,0.057738252830509776,0
8.91388888888889,0.038252673374636156,0
8.916666666666666,0.051310417297844975,0
8.919444444444444,0.054144846604038815,0
8.922222222222222,0.07016435695489334,0
8.925,0.04891613080126063,0
8.927777777777777,0.08439441639869112,0
8.930555555555555,0.08113128811286366,0
8.933333333333334,0.059525372273652885,0
8.936111111111112,0.10268724799104384,0
8.938888888888888,0.12349400589326824,0
8.941666666666666,0.11055795250845596,0
8.944444444444445,0.12260405345644787,0
8.947222222222223,0.10826136580149888,0
8.95,0.08794327168519397,0
8.952777777777778,0.09118269200929915,0
8.955555555555556,0.1287322668050483,0
8.958333333333334,0.12215929070780335,0
8.96111111111111,0.12351243790294168,0
8.963888888888889,0.14252822451367608,0
8.966666666666667,0.15897416381355353,0
8.969444444444445,0.13423834501930335,0
8.972222222222221,0.155589388131182,0
8.975,0.19125159482450477,0
8.977777777777778,0.15872746390617612,0
8.980555555555556,0.194112449292401,0
8.983333333333333,0.1799436578053359,0
8.98611111111111,0.20147253368532864,0
8.988888888888889,0.2157218323830375,0
8.991666666666667,0.21624545468133916,0
8.994444444444444,0.22449862608425464,0
8.997222222222222,0.19917573921422074,0
9.0,0.23857918147188967,0
9.002777777777778,0.21432779637699745,0
9.005555555555556,0.23605781059395928,0
9.008333333333333,0.24087114948166055,0
9.011111111111111,0.24887751140943998,0
9.01388888888889,0.25101339578603266,0
9.016666666666667,0.23740077160477235,0
9.019444444444444,0.23363535135522906,0
9.022222222222222,0.2705074565978857,0
9.025,0.26344975774174745,0
9.027777777777779,0.2808327192391129,0
9.030555555555555,0.26553038663837436,0
9.033333333333333,0.24740345331239635,0
9.036111111111111,0.2849144840791292,0
9.03888888888889,0.26646370861550833,0
9.041666666666666,0.2783953941025466,0
9.044444444444444,0.2644443522810556,0
9.047222222222222,0.2993532508700808,0
9.05,0.2617123586199558,0
9.052777777777777,0.2696104618438455,0
9.055555555555555,0.2757343412910377,0
9.058333333333334,0.25683216080989724,0
9.061111111111112,0.2769098040905252,0
9.063888888888888,0.2945171340117596,0
9.066666666666666,0.26102312470455624,0
9.069444444444445,0.2720108687222428,0
9.072222222222223,0.2222160971632244,0
9.075,0.259927087258205,0
9.077777777777778,0.2525586136308838,0
9.080555555555556,0.24142116700005029,0
9.083333333333334,0.2660782066019838,0
9.08611111111111,0.24084719243956806,0
9.088888888888889,0.23870360161012233,0
9.091666666666667,0.2310879596052892,0
9.094444444444445,0.20314416469461027,0
9.097222222222221,0.20985345637685376,0
9.1,0.23598910903532513,0
9.102777777777778,0.18448218530602836,0
9.105555555555556,0.19903170861049024,0
9.108333333333333,0.1987790613924798,0
9.11111111111111,0.2250483335054609,0
9.113888888888889,0.20443024671293772,0
9.116666666666667,0.17845612820449053,0
9.119444444444444,0.20021633563437524,0
9.122222222222222,0.16331521183228673,0
9.125,0.18328978218174824,0
9.127777777777778,0.14147276664511615,0
9.130555555555556,0.17164560343122953,0
9.133333333333333,0.1431490960176655,0
9.136111111111111,0.1275263006187797,0
9.13888888888889,0.13344212653095192,0
9.141666666666667,0.13465113044004806,0
9.144444444444444,0.11692063910924999,0
9.147222222222222,0.1265735046603497,0
9.15,0.1035245549117057,0
9.152777777777779,0.11567395472509383,0
9.155555555555555,0.10720418547400778,0
9.158333333333333,0.09397221254095066,0
9.161111111111111,0.08270157827679667,0
9.16388888888889,0.08616025493285706,0
9.166666666666666,0.0868410733769381,0
9.169444444444444,0.1043555926365852,0
9.172222222222222,0.08250759541562201,0
9.175,0.07819452676561318,0
9.177777777777777,0.10517505892495253,0
9.180555555555555,0.06203663580801219,0
9.183333333333334,0.05717614655939908,0
9.186111111111112,0.05623679881377078,0
9.188888888888888,0.02647384971221827,0
9.191666666666666,0.0310434997246494,0
9.194444444444445,0.02636473926577097,0
9.197222222222223,0.04008741828008079,0
9.2,0.024335797425226992,0
9.202777777777778,0.02575438274041056,0
9.205555555555556,0.03688057467698505,0
9.208333333333334,0.030556156243380678,0
9.21111111111111,0.012372587906735875,0
9.213888888888889,0.0020839870580503517,0
9.216666666666667,0.0266409020369523,0
9.219444444444445,0.0188364830527248,0
9.222222222222221,-0.019115035684455606,0
9.225,-0.0018376997285185666,0
9.227777777777778,0.0033488068016040247,0
9.230555555555556,0.010676127731999148,0
9.233333333333333,0.010889338822180879,0
9.23611111111111,-0.00014760161325203143,0
9.238888888888889,0.002835671429721442,0
9.241666666666667,-0.006415386342361574,0
9.244444444444444,-0.018821845922409604,0
9.247222222222222,-0.013876555573163328,0
9.25,-0.010827723922674087,0
9.252777777777778,-0.012703789226474464,0
9.255555555555556,-0.04145864625927124,0
9.258333333333333,-0.020053534831713394,0
9.261111111111111,-0.014093436684230388,0
9.26388888888889,-0.019935415605232695,0
9.266666666666667,-0.02013264753808229,0
9.269444444444444,-0.009766761820315582,0
9.272222222222222,-0.03387194288997991,0
9.275,-0.04265732956912382,0
9.277777777777779,-0.023959911420496815,0
9.280555555555555,-0.00773112084804428,0
9.283333333333333,0.005707086721822564,0
9.286111111111111,-0.008248500504618235,0
9.28888888888889,-0.04234223205632824,0
9.291666666666666,-0.02410791637708558,0
9.294444444444444,-0.01704580259427813,0
9.297222222222222,-0.018475494999201217,0
9.3,-0.013267184610802254,0
9.302777777777777,-0.03530530504112794,0
9.305555555555555,-0.02074561700802481,0
9.308333333333334,-0.015564308996275021,0
9.311111111111112,-0.009614370292508065,0
9.313888888888888,-0.03419796802449614,0
9.316666666666666,-0.027386258602944472,0
9.319444444444445,-0.06284819524347293,0
9.322222222222223,-0.031681462845622066,0
9.325,-0.030282107857786223,0
9.327777777777778,-0.03775482987106761,0
9.330555555555556,-0.020011878258355802,0
9.333333333333334,-0.02336097466622693,0
9.33611111111111,-0.056427307446081265,0
9.338888888888889,-0.019316128182809346,0
9.341666666666667,-0.03647630395995016,0
9.344444444444445,-0.015262490279403396,0
9.347222222222221,-0.041766250375537814,0
9.35,-0.02207384831538771,0
9.352777777777778,-0.02675215362774338,0
9.355555555555556,-0.01793466524219791,0
9.358333333333333,-0.0205833552951286,0
9.36111111111111,-0.026250389717181823,0
9.363888888888889,-0.04543294177867516,0
9.366666666666667,-0.04451001751255703,0
9.369444444444444,-0.031070618583615612,0
9.372222222222222,-0.022394542374061282,0
9.375,-0.03134991954646275,0
9.377777777777778,-0.012801895525824563,0
9.380555555555556,-0.026320451594339857,0
9.383333333333333,-0.036557734250588544,0
9.386111111111111,-0.026202872234398888,0
9.38888888888889,-0.018591015440572328,0
9.391666666666667,-0.01705183645793448,0
9.394444444444444,0.0063055799812635725,0
9.397222222222222,-0.03184763795107101,0
9.4,-0.022859035626864387,0
9.402777777777779,-0.015306888589961761,0
9.405555555555555,-0.0219910780000754,0
9.408333333333333,-0.029089137938016974,0
9.411111111111111,-0.044758048280657936,0
9.41388888888889,-0.029120267626684904,0
9.416666666666666,-0.03750111386924321,0
9.419444444444444,-0.04723180797949093,0
9.422222222222222,-0.03320435012941547,0
9.425,-0.036911357367332406,0
9.427777777777777,-0.01238337342857512,0
9.430555555555555,-0.012058379183916725,0
9.433333333333334,-0.03456694310494101,0
9.436111111111112,-0.024845606899219073,0
9.438888888888888,-0.04874868074009031,0
9.441666666666666,-0.028222454602743766,0
9.444444444444445,-0.014754402697791567,0
9.447222222222223,-0.008296309011536872,0
9.45,-0.03129680797194991,0
9.452777777777778,-0.004753488543213547,0
9.455555555555556,-0.04319639159617787,0
9.458333333333334,-0.039104628341986816,0
9.46111111111111,-0.009673984279424307,0
9.463888888888889,0.0048196983519632995,0
9.466666666666667,-0.01277335912085271,0
9.469444444444445,-0.020707208450628567,0
9.472222222222221,-0.05295658087692576,0
9.475,-0.05029180407305958,0
9.477777777777778,-0.01793975324174447,0
9.480555555555556,-0.025177161700999685,0
9.483333333333333,-0.03631860467836819,0
9.48611111111111,-0.018672475938020437,0
9.488888888888889,-0.017852416631645163,0
9.491666666666667,-0.005336608676269757,0
9.494444444444444,-0.01737681128199048,0
9.497222222222222,-0.0009224702174159723,0
9.5,-0.01915055898192555,0
9.502777777777778,-0.020922123527964735,0
9.505555555555556,-0.003148592485461961,0
9.508333333333333,-0.03371061461192426,0
9.511111111111111,0.0232624328526916,0
9.51388888888889,-0.01324524763890134,0
9.516666666666667,-0.013081057129001462,0
9.519444444444444,-0.01083599957371576,0
9.522222222222222,0.009526105632058628,0
9.525,-0.006661393589125014,0
9.527777777777779,-0.042542470565879086,0
9.530555555555555,0.0026682340234250278,0
9.533333333333333,-0.023414027961387203,0
9.536111111111111,-0.016609579261488077,0
9.53888888888889,-0.03732161149800753,0
9.541666666666666,-0.010155240602687441,0
9.544444444444444,-0.0277339285110337,0
9.547222222222222,-0.01637538913848337,0
9.55,-0.022053616545298964,0
9.552777777777777,0.011169282642178528,0
9.555555555555555,0.012114635073117656,0
9.558333333333334,-0.016834516020759725,0
9.561111111111112,-0.016485078131471206,0
9.563888888888888,-0.022958506601880303,0
9.566666666666666,-0.0006784761190760276,0
9.569444444444445,-0.022113669026017337,0
9.572222222222223,-0.023410824689000114,0
9.575,-0.002322363366477287,0
9.577777777777778,-0.024985831702608777,0
9.580555555555556,-0.01738735999620269,0
9.583333333333334,-0.04044998773041208,0
9.58611111111111,-0.006076366757779594,0
9.588888888888889,0.012565279740177702,0
9.591666666666667,-0.005637454752417488,0
9.594444444444445,0.005563430479662061,0
9.597222222222221,-0.028962423576333593,0
9.6,-0.012632976743449187,0
9.602777777777778,-0.030231806359076418,0
9.605555555555556,-0.019407076426042603,0
9.608333333333333,-0.004313228219822203,0
9.61111111111111,-0.014274521880392181,0
9.613888888888889,-0.03689650285199601,0
9.616666666666667,-0.03533700846150516,0
9.619444444444444,-0.0362333453459145,0
9.622222222222222,-0.008048044359404049,0
9.625,0.015635003431503886,0
9.627777777777778,0.0052102408719971495,0
9.630555555555556,-0.04356926798935501,0
9.633333333333333,0.006284150575820971,0
9.636111111111111,-0.0008881242710368602,0
9.63888888888889,-0.03801541754685299,0
9.641666666666667,-0.019285378537083397,0
9.644444444444444,0.0017943955909836534,0
9.647222222222222,-0.006282676882084209,0
9.65,-0.03407599927266166,0
9.652777777777779,-0.00517849238247154,0
9.655555555555555,-0.04630184451001852,0
9.658333333333333,-0.017481041005542285,0
9.661111111111111,0.0030316060771984985,0
9.66388888888889,-0.013660535971403745,0
9.666666666666666,-0.021318885203418715,0
9.669444444444444,-0.00039267227447468966,0
9.672222222222222,0.0009906932610491501,0
9.675,0.00612261739859029,0
9.677777777777777,-0.00030991413843976454,0
9.680555555555555,0.002898817826398262,0
9.683333333333334,-0.0022246125992634713,0
9.686111111111112,-0.00913143388526632,0
9.688888888888888,-0.011667539500605206,0
9.691666666666666,-0.016464571811679565,0
9.694444444444445,-0.030986395049959446,0
9.697222222222223,-0.02702543347174729,0
9.7,-0.016820566274463968,0
9.702777777777778,-0.00886285535017994,0
9.705555555555556,0.00923355955400395,0
9.708333333333334,-0.012899284967372549,0
9.71111111111111,0.002886412723197153,0
9.713888888888889,0.004130887654155221,0
9.716666666666667,-0.015423377683534864,0
9.719444444444445,-0.0029238665666672797,0
9.722222222222221,-0.01538940240254216,0
9.725,0.008203574039734967,0
9.727777777777778,-0.001982519989974096,0
9.730555555555556,-0.029268857724445093,0
9.733333333333333,-0.008879891166887616,0
9.73611111111111,0.013528031163559273,0
9.738888888888889,-0.01380274043799783,0
9.741666666666667,-0.004258909044819051,0
9.744444444444444,-0.0026765500132284476,0
9.747222222222222,-0.026303915249700154,0
9.75,-0.002983535406990528,0
9.752777777777778,-0.03144101111583197,0
9.755555555555556,-0.019806923542559873,0
9.758333333333333,0.005824452912822336,0
9.761111111111111,-0.0048486310672583004,0
9.76388888888889,-0.014655483163659905,0
9.766666666666667,-0.0032795007982477243,0
9.769444444444444,-0.01076566199368654,0
9.772222222222222,-0.009563227646985688,0
9.775,0.00021297840932404076,0
9.777777777777779,-0.020436979981003627,0
9.780555555555555,-0.008808354910170344,0
9.783333333333333,-0.013984136456138458,0
9.786111111111111,-0.03297065480525796,0
9.78888888888889,-0.022879711975352796,0
9.791666666666666,0.014564166136455104,0
9.794444444444444,-0.0030739219833664892,0
9.797222222222222,-0.028584226258550526,0
9.8,-0.03172113902706273,0
9.802777777777777,-0.010183497878523271,0
9.805555555555555,0.015031745572689693,0
9.808333333333334,-0.011072237285996926,0
9.811111111111112,0.011449512671558928,0
9.813888888888888,-0.0027609397004258384,0
9.816666666666666,-0.0008553730421461004,0
9.819444444444445,-0.027843976961923013,0
9.822222222222223,0.006370821569411426,0
9.825,-0.012599672033977615,0
9.827777777777778,0.005487207061141955,0
9.830555555555556,-0.01955503956250213,0
9.833333333333334,-0.004569884307526775,0
9.83611111111111,-0.00182854227731783,0
9.838888888888889,-0.009301878565589188,0
9.841666666666667,-0.0008058261057901544,0
9.844444444444445,-0.010752421064368557,0
9.847222222222221,-0.01637466071489993,0
9.85,0.017561345487939715,0
9.852777777777778,0.009331402747107382,0
9.855555555555556,-0.017697693390005726,0
9.858333333333333,0.002360260615947239,0
9.86111111111111,-0.017188121150044335,0
9.863888888888889,-0.023699597778004667,0
9.866666666666667,0.009696565444364402,0
9.869444444444444,-0.03125317970673197,0
9.872222222222222,0.008330180308787904,0
9.875,-0.009244332922992482,0
9.877777777777778,-0.008507406729689242,0
9.880555555555556,0.000931478705867057,0
9.883333333333333,0.0036227353807065923,0
9.886111111111111,-0.017370729821260013,0
9.88888888888889,0.00591008557745454,0
9.891666666666667,-0.003035340743404384,0
9.894444444444444,-0.02345670770460315,0
9.897222222222222,-0.007043879666743845,0
9.9,0.016343653746376266,0
9.902777777777779,0.020893726068493962,0
9.905555555555555,0.006625468321978861,0
9.908333333333333,-0.021869374597709466,0
9.911111111111111,0.0034655135525846177,0
9.91388888888889,0.00899004900597293,0
9.916666666666666,0.007233570886546737,0
9.919444444444444,0.008243168524607245,0
9.922222222222222,0.002038787919508624,0
9.925,-0.004375274228306251,0
9.927777777777777,-0.01229345376853897,0
9.930555555555555,-0.031515750495576866,0
9.933333333333334,0.0021692052921221776,0
9.936111111111112,-1.3262047235678039e-05,0
9.938888888888888,0.005681016541639692,0
9.941666666666666,-0.02262427870827994,0
9.944444444444445,0.007235686107347799,0
9.947222222222223,0.028500229640553612,0
9.95,-0.0010195218954829482,0
9.952777777777778,-0.002999528166278063,0
9.955555555555556,0.002682262087403532,0
9.958333333333334,0.028654103973019415,0
9.96111111111111,-0.0170638021495776,0
9.963888888888889,0.0014609248518757543,0
9.966666666666667,-0.013460095923884504,0
9.969444444444445,-0.009548325775863144,0
9.972222222222221,-0.0019650978074608316,0
9.975,0.019110646436892257,0
9.977777777777778,0.02603772413235557,0
9.980555555555556,0.005867087986916998,0
9.983333333333333,-0.006381853868077355,0
9.98611111111111,0.03678027867843655,0
9.988888888888889,-0.0069019782205895445,0
9.991666666666667,-0.008933544699946698,0
9.994444444444444,-0.026868487865158136,0
9.997222222222222,0.02081920097838373,0
